stemming;label
['hotel', 'mudah', 'temu', 'jalan', 'malioboro', 'karyawan', 'ramah', 'kamar', 'bersih', 'housekeeping', 'bagus', 'bersih', 'cepat', 'kurang', 'tidak', 'tempat', 'parkir', 'batas', 'tugas', 'parkir', 'butuh', 'kunci', 'buat', 'tidak', 'nyaman', 'kamar', 'mandi', 'tidak', 'lengkap', 'hand', 'pancur', 'bawa', 'bayi', 'susah', 'mandi', 'shower', 'atap', 'sarapan', 'variasi', 'lezat', 'kurang', 'turut', 'tidak', 'bagus', 'semoga', 'tingkat', 'ruang', 'tidak', 'kedap', 'udara', 'tari', 'kursi', 'kamar', 'belah', 'semoga', 'baik', 'hotel', 'rekomendasi', 'coba', 'semoga', 'layan', 'bersih', 'jaga'];Negatif
['lokasi', 'atas', 'lokasi', 'hotel', 'banyak', 'toko', 'toko', 'jual', 'barang', 'toko', 'ruang', 'jenis', 'kamar', 'luas', 'bersih', 'wangi', 'dispenser', 'air', 'minum', 'sedia', 'jenis', 'kamar', 'keluarga', 'tidak', 'susah', 'semoga'];Positif
['pengalaman', 'menginap', 'tidak', 'senang', 'menginap', 'mei', 'toilet', 'pancur', 'rusak', 'informasi', 'kamar', 'service', 'lambar', 'respon', 'besok', 'baik', 'mati', 'lampu', 'menit', 'jelas', 'tolong', 'baik'];Negatif
['lokasi', 'mudah', 'temu', 'makan', 'lengkap', 'variasi', 'anak', 'ramah', 'cotton', 'permen', 'camil', 'jagung', 'layan', 'kurang', 'handuk', 'tidak', 'ganti', 'informasi', 'ganti', 'menginap', 'hari', 'kasih', 'dispenser'];Positif
['anak', 'nikmat', 'menginap', 'hotel', 'kolam', 'renang', 'luas', 'fasilitas', 'film', 'romnya', 'rekomendasi', 'libur', 'keluarga', 'terima', 'kasih', 'bantu', 'mudah', 'menginap'];Positif
['terkadang', 'tidak', 'banyak', 'orang', 'hotel', 'lokasi', 'pinggir', 'jalan', 'malioboro', 'belah', 'pusat', 'belanja', 'tidak', 'pasar', 'bringharjo', 'kali', 'kesini', 'mama', 'bawa', 'keluarga', 'besar', 'happy', 'banget', 'kamar', 'bersih', 'rapi', 'banyak', 'puji', 'menu', 'sarapan', 'lengkap', 'menu', 'lezat', 'nikmat', 'tidak', 'ada', 'gagal', 'sarapan', 'poin', 'nila', 'karyawan', 'nyata', 'karyawan', 'temu', 'departemen', 'ramah', 'inti', 'banget', 'senang', 'hotel', 'betah', 'libur', 'yogyakarta', 'pilih', 'hotel', 'yogyakarta', 'bangga', 'hotel', 'sedia', 'kerja', 'karyawan', 'sandang', 'disabilitas', 'restoran', 'temu', 'karyawan', 'tidak', 'dengar', 'ramah', 'senyum', 'keren', 'aveta'];Positif
['puas', 'sarapan', 'lezat', 'kamar', 'nyaman', 'layan', 'karyawan', 'ramah', 'karyawan', 'sambut', 'tamu', 'terima', 'kasih', 'bantu', 'menginap'];Positif
['layan', 'pergi', 'posisi', 'hotel', 'bagus', 'dukung', 'penuh', 'karyawan', 'check', 'terima', 'kasih', 'hotel', 'rekomendasi'];Positif
['check', 'masuk', 'jalan', 'malioboro', 'jalan', 'meter', 'pintu', 'masuk', 'hotel', 'langsung', 'lift', 'lantai', 'lantai', 'tempat', 'sambut', 'tamu', 'waktu', 'check', 'masuk', 'jam', 'mohon', 'sesuai', 'lumayan', 'nungu', 'hotel', 'waktu', 'check', 'inya', 'jam', 'terima', 'kasih', 'check', 'masuk', 'waktu', 'kemarin', 'banyak', 'tamu', 'cepat', 'kurang', 'informasi', 'karyawan', 'ramah', 'layan', 'bagus', 'uang', 'jamin', 'ribu', 'kamar', 'bangun', 'hotel', 'terowongan', 'kamar', 'kamar', 'wangi', 'banget', 'pengalaman', 'tenang', 'santai', 'setuju', 'banget', 'kamar', 'jenis', 'deluxe', 'balkon', 'luas', 'balkon', 'luas', 'kursi', 'meja', 'balkon', 'ruang', 'lengkap', 'lengkap', 'ruang', 'kondisi', 'pencahayan', 'kamar', 'jenis', 'ngin', 'isi', 'makan', 'ringan', 'minum', 'ringan', 'lengkap', 'kamar', 'mandi', 'kondisi', 'bagus', 'bersih', 'kurang', 'kait', 'kran', 'toilet', 'pancur', 'pilih', 'guna', 'toilet', 'kran', 'pancur', 'penting', 'ambil', 'air', 'wudhu', 'muslim', 'banyak', 'ulas', 'tamu', 'keluh', 'tidak', 'menindaklanjuti', 'manajemen', 'hotel', 'setuju', 'sepele', 'salah', 'faktor', 'tamu', 'tentu', 'pilih', 'hotel', 'housekeping', 'hotel', 'tingkat', 'tata', 'rias', 'ruang', 'kali', 'jam', 'kamar', 'bersih', 'sampah', 'tidak', 'buang', 'tempat', 'sampah', 'sarapan', 'banyak', 'banget', 'lezat', 'menu', 'nasi', 'menu', 'utama', 'buah', 'buah', 'telur', 'masak', 'kue', 'kering', 'es', 'krim', 'jangan', 'ketingalan', 'menu', 'gudeg', 'lengkap', 'lezat', 'manis', 'dapat', 'lezat', 'pedas', 'mantap', 'kurang', 'jam', 'malioboro', 'tutup', 'motor', 'mobil', 'usaha', 'masuk', 'guna', 'kendaran', 'spesifik', 'taksi', 'online', 'puas', 'menginap', 'perhati', 'semoga', 'sukses', 'aveta', 'hotel', 'malioboro', 'terima', 'kasih'];Positif
['kali', 'menginap', 'yogyakarta', 'langsung', 'hotel', 'aveta', 'tempat', 'mudah', 'temu', 'malioboro', 'buka', 'ruang', 'tunggu', 'hotel', 'langsung', 'malioboro', 'karyawan', 'ramah', 'kamar', 'bersih', 'luas', 'kamar', 'mandi', 'luas', 'lengkap', 'lengkap', 'mandi', 'betah', 'kamar', 'hotel', 'minta', 'kue', 'ulang', 'makan', 'ringan', 'minum', 'buah', 'buah', 'lemari', 'es', 'gratis', 'menu', 'sarapan', 'banyak', 'jenis', 'lezat', 'hotel', 'rekomendasi'];Positif
['hotel', 'bagus', 'dekat', 'malioboro', 'persis', 'belah', 'pusat', 'belanja', 'banyak', 'jual', 'makan', 'khas', 'yogyakarta', 'sarapan', 'lezat', 'kamar', 'bagus', 'layan', 'bagus', 'bantu', 'menginap', 'check', 'karyawan', 'karyawan', 'inti', 'rekomendasi', 'libur', 'yogyakarta', 'menginap', 'hotel', 'aveta'];Positif
['hotel', 'dekat', 'malioboro', 'layan', 'ramah', 'murah', 'senyum', 'makan', 'tempat', 'hotel', 'banyak', 'mantap', 'inti', 'karyawan', 'lantai', 'unik', 'layan', 'bagus', 'check', 'keluar', 'bantu', 'karyawan', 'karyawan'];Positif
['pinggir', 'jalan', 'malioboro', 'belah', 'pusat', 'belanja', 'lokasi', 'mudah', 'cari', 'banyak', 'pilih', 'tempat', 'belanja', 'parkir', 'tidak', 'luas', 'karyawan', 'hotel', 'cepat', 'bantu', 'kamar', 'service', 'cepat', 'bantu', 'malioboro', 'menginap'];Positif
['selamat', 'pagi', 'relaksasi', 'malam', 'permintan', 'setuju', 'layan', 'bagus', 'baik', 'anak', 'bilang', 'bintang', 'yogyakarta', 'pilihanya', 'tidak', 'hotel', 'anak', 'anak', 'minta', 'yogyakarta', 'menginap', 'aveta', 'terima', 'kasih', 'aveta', 'hotel', 'layan', 'ramah'];Positif
['spesial', 'mantap', 'kamar', 'tidur', 'kamar', 'mandi', 'dingin', 'ruang', 'dingin', 'banget', 'lengkap', 'lengkap', 'kopi', 'kurang', 'krimer', 'ambil', 'air', 'mineral', 'lorong', 'setuju', 'minimal', 'sampah', 'plastik', 'malas', 'ambil', 'air', 'lorong', 'bolak', 'ambil', 'air', 'karyawan', 'ramah', 'bantu', 'menu', 'sarapan', 'banyak', 'lengkap', 'lupa', 'ambil', 'foto', 'kamar'];Positif
['jalan', 'kaki', 'menit', 'stasiun', 'kereta', 'hotel', 'perbelanjan', 'jalan', 'malioboro', 'akses', 'mudah', 'sisi', 'utara', 'alun', 'selatan', 'tugu', 'sahur', 'buka', 'puasa', 'luar', 'harap', 'sehat', 'lezat'];Positif
['mudah', 'temu', 'hotel', 'langsung', 'jalan', 'malioboro', 'hotel', 'nyaman', 'karyawan', 'karyawan', 'ramah', 'bantu', 'terima', 'kasih'];Positif
['hotel', 'bagus', 'nyaman', 'lokasi', 'mudah', 'temu', 'malioboro', 'tingal', 'lang', 'buka', 'pintu', 'rekomendasi'];Positif
['listrik', 'padam', 'menit', 'tidak', 'jelas', 'hotel', 'layan', 'kurang', 'puas'];Negatif
['hotel', 'nyaman', 'bersih', 'ruang', 'tunggu', 'karyawan', 'kurang', 'bagus', 'hotel', 'bintang', 'kamar', 'bersih', 'kamar', 'mandi', 'bersih', 'suka', 'kamar', 'mandi', 'kamar', 'tidur', 'akses', 'hotel', 'sulit', 'tempat', 'parkir', 'sempit', 'sarapan', 'kurang', 'lezat', 'suka', 'hotel', 'kali'];Positif
['kamar', 'nyaman', 'sarapan', 'lezat', 'layan', 'ramah', 'karyawan', 'betah', 'wajib', 'kunjung', 'maliobro'];Positif
['kali', 'menginap', 'aveta', 'keluarga', 'seru', 'dekat', 'jalan', 'malioboro', 'beli', 'dekat', 'banget', 'karyawan', 'ramah', 'terima', 'kasih', 'bantu', 'libur', 'wajib', 'menginap'];Positif
['hotel', 'wangi', 'banget', 'malioboro', 'belah', 'pusat', 'belanja', 'malioboro', 'aman', 'banget', 'tidak', 'asa', 'jebak', 'macet', 'jalan', 'malioboro', 'pagi', 'banyak', 'jual', 'makan', 'hotel', 'tidak', 'sarapan', 'aman'];Positif
['lokasi', 'mudah', 'temu', 'layan', 'ramah', 'kamar', 'bersih', 'terima', 'kasihu', 'aveta', 'hotel'];Positif
['mudah', 'temu', 'banget', 'hotel', 'langsung', 'malioboro', 'kamar', 'bersih', 'luas', 'balkon', 'view', 'malioboro', 'makan', 'lezat', 'gudeg', 'mantap', 'notch', 'karyawan', 'temu', 'ramah', 'ramah', 'terima', 'kasih', 'karyawan', 'karyawan', 'denisa', 'bantu', 'check', 'masuk', 'hinga', 'check', 'jumpa'];Positif
['kesan', 'menginap', 'malam', 'aveta', 'kmr', 'tangal', 'januari', 'puas', 'kamar', 'bersih', 'wangi', 'nyaman', 'layan', 'cepat', 'tanggap', 'solus', 'praktis', 'masalah', 'tertingal', 'hotel', 'bantu', 'antar', 'ekspedisi', 'pintu', 'rumah', 'terima', 'kasih', 'aman', 'parkir', 'mbl', 'usaha', 'penangananya', 'kompleksitas', 'parkir', 'hotel', 'relatif', 'kurang', 'aveta', 'wlpn', 'gudang', 'parkir', 'tempat', 'bolak', 'susah', 'jelek', 'banget', 'satpam', 'jalan', 'pulang', 'pergi', 'lumayan', 'gudang', 'lokasi', 'hotel', 'mudah', 'temu', 'banget', 'jalan', 'malioboro', 'dekat', 'pusat', 'belanja', 'cari', 'makan', 'mantap', 'yogyakarta', 'aveta', 'hotel', 'pilih'];Positif
['terima', 'kasih', 'layan', 'karyawan', 'ramah', 'terima', 'kasih', 'karyawan', 'karyawan', 'karyawan', 'resa', 'makan', 'lezat', 'kamar', 'bersih'];Positif
['incar', 'hotel', 'tahun', 'yogyakarta', 'pesan', 'kamar', 'lokasi', 'mudah', 'temu', 'harga', 'mahal', 'kamar', 'superior', 'juta', 'malam', 'sayang', 'harga', 'kamar', 'tangal', 'jalan', 'murah', 'bulan', 'kamar', 'minta', 'kamar', 'tidur', 'quen', 'kamar', 'tidur', 'quen', 'tempat', 'tidur', 'bayi', 'kamar', 'tidur', 'twin', 'karyawan', 'ramah', 'check', 'masuk', 'lambat', 'jam', 'malam', 'kuat', 'pertanyan', 'ulang', 'kali', 'karyawan', 'senyum', 'pertanyan', 'ulang', 'ulang', 'terima', 'kasih', 'banyak', 'kamar', 'luas', 'superior', 'tampung', 'orang', 'menu', 'sarapan', 'enak', 'jalan', 'malioboro', 'jarak', 'langkah', 'pintu', 'hotel', 'dekat', 'menginap'];Positif
['lokasi', 'mudah', 'temu', 'langsung', 'sambut', 'karyawan', 'ambil', 'alih', 'parkir', 'karyawan', 'cepat', 'ramah', 'jujur', 'cal', 'layan', 'titip', 'telepon', 'genggam', 'check', 'masuk', 'check', 'cepat', 'ruang', 'luas', 'luas', 'bersih', 'nyaman', 'menu', 'sarapan', 'lezat', 'banyak', 'jenis', 'cocok', 'selera'];Positif
['hadir', 'temu', 'ruang', 'temu', 'lantai', 'serta', 'orang', 'ruang', 'kurang', 'bentuk', 'nilai', 'makan', 'lezat', 'tidak', 'hambar', 'tambah', 'karyawan', 'ramah', 'lokasi', 'mudah', 'temu', 'belah', 'malioboro', 'pusat', 'belanja'];Positif
['pengalaman', 'menginap', 'senang', 'terima', 'kasih', 'bantu', 'mudah', 'proses', 'check', 'masuk', 'check', 'kamar', 'luas', 'nyaman', 'sarapan', 'lezat', 'dekat', 'malioboro', 'unjung', 'yogyakarta'];Positif
['menginap', 'puas', 'akses', 'pintu', 'cangih', 'checkin', 'lapor', 'mudah', 'lokasi', 'mudah', 'temu', 'sarapan', 'lezat', 'karyawan', 'hotel', 'ramah', 'bantu', 'menginap', 'hotel', 'bersih', 'fasilitas'];Positif
['menginap', 'seru', 'banget', 'kamar', 'wangi', 'luas', 'film', 'kamar', 'anak', 'anak', 'seru', 'banget', 'dekat', 'mana', 'banyak', 'fod', 'center', 'karyawan', 'karyawan', 'ramah', 'kamar', 'sesuai', 'permintan', 'banyak', 'pertanyan', 'jawab', 'sabar', 'terima', 'kasih', 'karyawan', 'receptionist'];Positif
['nyaman', 'lezat', 'relaksasi', 'sarapan', 'lezat', 'kasur', 'lembut', 'fasilitas', 'bagus', 'mewah', 'lokasi', 'mudah', 'temu', 'hotel', 'langsung', 'jalan', 'kaki', 'malioboro', 'mantap', 'utama', 'malioboro', 'kesini'];Positif
['hotel', 'bersih', 'dekat', 'malioboro', 'layan', 'ramah', 'karyawan'];Positif
['hotel', 'baik', 'eksekutif', 'ruang', 'luas', 'meter', 'kamar', 'bersih', 'balkon', 'anak', 'anak', 'senang', 'kolam', 'renang', 'tempat', 'sarapan', 'lantai', 'bersih', 'lezat', 'pandang'];Positif
['hotel', 'bersih', 'bagus', 'layan', 'ramah', 'karyawan', 'lantai', 'lokasi', 'mudah', 'temu', 'malioboro', 'hotel', 'langsung', 'akses', 'malioboro', 'inti', 'rekomendasi', 'besok', 'yogyakarta', 'wajib', 'menginap'];Positif
['hotel', 'selang', 'langsung', 'jalan', 'tempat', 'tidur', 'malioboro', 'nyaman', 'bersih', 'sarapan', 'banyak', 'jenis', 'mesin', 'es', 'krim', 'camil', 'jagung', 'permen', 'kapas'];Positif
['layan', 'prima', 'makan', 'lezat', 'cepat', 'respon', 'tangung', 'tangung', 'baik', 'ban', 'mobil', 'bocor', 'tugas', 'parkir', 'langsung', 'ganti', 'tidak', 'bawa', 'ban', 'serep', 'sehinga', 'jadwal', 'sesuai', 'jadwal'];Positif
['hotel', 'bagus', 'menu', 'sarapan', 'kamar', 'lokasi', 'menginap', 'malam', 'februari', 'semprot', 'duduk', 'toilet', 'posisi', 'tidak', 'bagus'];Negatif
['rencana', 'tingal', 'parkir', 'mobil'];Negatif
['lokasi', 'pinggir', 'jalan', 'malioboro', 'samping', 'malioboro', 'pusat', 'belanja', 'kamar', 'hotel', 'bersih', 'karyawan', 'hotel', 'ramah', 'bantu', 'sarapan', 'banyak', 'jenis', 'makan', 'tradisional', 'hinga', 'barat'];Positif
['atur', 'hotel', 'jelek', 'pesan', 'balkon', 'biar', 'rokok', 'larang', 'rokok', 'kali', 'temu', 'hotel', 'balkon', 'ruang', 'rokok'];Negatif
['layan', 'hotel', 'puas', 'karyawan', 'ramah', 'check', 'masuk', 'hinga', 'check', 'pengalaman', 'senang'];Positif
['hotel', 'dekat', 'malioboro', 'jalan', 'lurus', 'langkah', 'samping', 'hotel', 'pusat', 'belanja', 'malioboro', 'dekat', 'pasar', 'beringharjo', 'kamar', 'bersih', 'fasilitas', 'lengkap', 'layan', 'bagus', 'banget', 'lokasi', 'mudah', 'temu', 'ring', 'yogyakrta', 'terima', 'kasih', 'aveta', 'hotel', 'terima', 'kasih', 'ramah', 'tamah', 'libur', 'tuhan', 'kati'];Positif
['lokasi', 'mudah', 'temu', 'layan', 'bagus', 'karyawan', 'ramah', 'kamar', 'nyaman', 'makan', 'lezat', 'kesini'];Positif
['lokasi', 'mudah', 'temu', 'layan', 'setuju', 'cepat', 'respon', 'terima', 'kasih', 'karyawan', 'cepat', 'respon', 'jumpa'];Positif
['menginap', 'malam', 'aveta', 'lokasi', 'pusat', 'malioboro', 'hotel', 'langsung', 'sambut', 'jalan', 'malioboro', 'bantu', 'aman', 'ramah', 'bawa', 'koper', 'proses', 'check', 'masuk', 'mudah', 'kamar', 'bersih', 'nyaman', 'bagus', 'kamar', 'mandi', 'bersih', 'lemari', 'moderen', 'sarapan', 'lezat', 'menu', 'hangat', 'karyawan', 'restoran', 'ramah', 'tidak', 'kendala', 'menginap', 'sana', 'puas', 'inti', 'hotel', 'rekomendasi', 'banget'];Positif
['layan', 'ramah', 'sarapan', 'lezat', 'kecuali', 'nasi', 'goreng', 'matang', 'setuju', 'waktu', 'yogyakarta', 'menginap', 'hotel', 'malioboro', 'langsung', 'turun', 'malioboro', 'puas', 'banget'];Positif
['kamar', 'bersih', 'sarapan', 'lezat', 'lokasi', 'mudah', 'temu', 'pusat', 'malioboro', 'karyawan', 'ramah', 'bantu', 'kali', 'coba', 'kamar', 'view', 'nilai', 'baik', 'terima', 'kasih', 'aveta', 'yogyakrta', 'hati', 'nyaman'];Positif
['terima', 'kasih', 'karyawan', 'bantu', 'hotel', 'mudah', 'temu', 'kawasan', 'malioboro', 'dekat', 'malioboro', 'pusat', 'belanja', 'hotel', 'bersih', 'rapi', 'wangi', 'fasilitas', 'kolam', 'renang', 'bagus', 'rekomendasi', 'banget', 'relaksasi'];Positif
['layan', 'puas', 'dekat', 'akses', 'stasiun', 'dekat', 'wisata', 'tamansari', 'pasar', 'bringharjo', 'malioboro', 'jadi', 'hotel', 'kunjung', 'yogyakarta', 'layan', 'puas', 'proses', 'checkoutnya', 'cepat', 'terima', 'kasih', 'karyawan', 'bantu', 'layan', 'lapor'];Positif
['layan', 'rekomendasi', 'ramah', 'bantu', 'salam', 'kenal', 'terima', 'kasih', 'sambut', 'tamu', 'ramah'];Positif
['hotel', 'main', 'layan', 'tidak', 'profesional', 'libur', 'yogyakarta', 'hotel', 'tangal', 'november', 'traveloka', 'pilih', 'hotel', 'akses', 'mudah', 'hotel', 'jam', 'resi', 'tulis', 'kupon', 'hotel', 'suruh', 'tungu', 'bukti', 'isuenya', 'tungu', 'hotel', 'terima', 'kupon', 'traveloka', 'tidak', 'alami', 'kendala', 'guna', 'traveloka', 'aman', 'libur', 'negeri', 'pakai', 'traveloka', 'telpon', 'traveloka', 'tidak', 'masuk', 'kamar', 'voucher', 'bentuk', 'suruh', 'tungu', 'jam', 'masuk', 'kamar', 'hotel', 'minta', 'bayar', 'batal', 'traveloka', 'tidak', 'notifikasi', 'traveloka', 'batal', 'kamar', 'buka', 'email', 'jam', 'kupon', 'hotel', 'bentuk', 'konfirmasi', 'traveloka', 'suruh', 'bayar', 'tunai', 'traveloka', 'kirim', 'email', 'telpon', 'jam', 'selesai', 'besok', 'pagi', 'sarapan', 'tidak', 'pemberitahuan', 'koper', 'tinggal', 'turun', 'level', 'kamar', 'ikut', 'berangkat', 'ziarah', 'sendangsono', 'sampa', 'hotel', 'jam', 'dinformasikan', 'karyawan', 'hotel', 'ganti', 'tidak', 'menginap', 'bayar', 'bayar', 'kemarin', 'malam', 'putus', 'pindah', 'hotel', 'bayar', 'malam', 'kemarin', 'layan', 'tidak', 'profesional', 'kecewa', 'menginap', 'malam', 'bahaya', 'tidak', 'hotel', 'aveta', 'tidak', 'rekomendasi', 'hotel'];Negatif
['kamar', 'fasilitas', 'bagus', 'letak', 'kawasan', 'sibuk', 'malioboro', 'menu', 'sarapan', 'lezat', 'nikmat', 'restoran', 'lantai', 'rekomendasi'];Positif
['layan', 'kamar', 'mandi', 'tidak', 'pakai', 'seprot', 'air'];Positif
['kira', 'buka', 'pintu', 'ruang', 'tunggu', 'langsung', 'jalan', 'malioboro', 'masuk', 'lorong', 'mpit', 'jam', 'check', 'masuk', 'kamar', 'layan', 'padan', 'harga'];Positif
['lokasi', 'mudah', 'temu', 'malioboro', 'harga', 'kamar', 'murah', 'layan', 'ramah', 'cepat', 'sayang', 'fi', 'mati', 'netflix', 'youtube'];Positif
['kamar', 'sambung', 'suara', 'orang', 'belah', 'tidak', 'kedap', 'suara', 'kedengaranya', 'ruang', 'suara', 'orang', 'belah', 'dengar', 'keras'];Negatif
['kamar', 'bagus', 'luas', 'kasur', 'besar', 'camil', 'gratis', 'mesin', 'kopi', 'kamar', 'mandi', 'luas', 'lengkap', 'mandi', 'setuju'];Positif
['menginap', 'lokasi', 'mudah', 'temu', 'banget', 'malioboro', 'sarapan', 'lezat', 'karyawan', 'ramah'];Positif
['lokasi', 'belah', 'pusat', 'belanja', 'mailoboro', 'mudah', 'temu', 'jalan', 'jalan', 'jalan', 'malioboro', 'hotel', 'nyaman', 'makan', 'lezat'];Positif
['hotel', 'aveta', 'layan', 'kamar', 'bersih', 'langsung', 'hotel', 'jalan', 'malioboro'];Positif
['lokasi', 'hotel', 'malioboro', 'bagus', 'jalan', 'jalan', 'lokasi', 'parkir', 'mobil', 'sulit'];Positif
['layan', 'ramah', 'murah', 'senyum', 'kamar', 'nyaman', 'wangi', 'kali', 'kesini', 'senang', 'banget'];Positif
['kali', 'kali', 'malioboro', 'yogyakarta', 'kali', 'menginap', 'hotel', 'lumayan', 'bagus', 'hotel', 'bintang', 'kamar', 'luas', 'salat', 'kamar', 'nyaman', 'kamar', 'mandi', 'bagus', 'sesuai', 'standar', 'hotel', 'kursi', 'kursi', 'kursi', 'baring', 'air', 'mineral', 'tidak', 'kemas', 'ambil', 'dispenser', 'koridor', 'hotel'];Positif
['tempat', 'mudah', 'temu', 'nyaman', 'bersih', 'layan', 'bagus', 'cocok', 'libur', 'bawa', 'anak', 'tidak', 'susah', 'jalan', 'malioboro'];Positif
['kamar', 'luas', 'banyak', 'cermin', 'cahaya', 'terang', 'tidak', 'redup', 'lengkap', 'sunguh', 'senang', 'layan', 'cepat', 'tanggap', 'kamar', 'mandi', 'bagus', 'banget', 'kran', 'wudhu', 'senang', 'banget', 'siram', 'toilet', 'risiko', 'rusak', 'bantu', 'baik', 'harapanya', 'bidet', 'sehinga', 'pilih', 'bersih', 'bersih', 'tvnya', 'diupgrade', 'wifinya', 'stabil', 'nyaman', 'tidak', 'bufering', 'kasur', 'besar', 'selimut', 'nyaman', 'bantal', 'kurang', 'lembut', 'lokasi', 'mudah', 'temu', 'malioboro', 'parkir', 'setuju', 'tugas', 'parkir', 'bantu', 'satpam', 'parkir', 'tambah', 'gantung', 'baju', 'kamar', 'mandi', 'susah', 'taruh', 'barang', 'baju', 'kamar', 'orang', 'semoga', 'teh', 'kopi', 'ganti', 'pisah', 'kala', 'tamu', 'menginap', 'khawatir', 'expnya', 'bau', 'beda'];Positif
['tingal', 'hotel', 'mimpi', 'buruk', 'hinga', 'ruang', 'kotor', 'jamur', 'langit', 'langit', 'kamar', 'mandi', 'debu', 'aroma', 'buat', 'kuat', 'tutup', 'kurang', 'bersih', 'keluh', 'manajer', 'meja', 'tidak', 'profesional', 'remeh', 'ejek', 'khawatir', 'tunjuk', 'kamar', 'pilih', 'dinding', 'kuning', 'kotor', 'janji', 'cat', 'ulang', 'hasil', 'ruang', 'bau', 'asap', 'cat', 'harap', 'terima', 'kondisi', 'tidak', 'tidak', 'senang', 'tidak', 'sehat', 'sikap', 'manajer', 'meja', 'buruk', 'keluh', 'abai', 'hubung', 'pesan', 'com', 'minta', 'bantu', 'hasil', 'kompensasi', 'manajemen', 'hotel', 'balas', 'minta', 'check', 'jam', 'malam', 'alami', 'tahan', 'hingga', 'lari', 'tempat', 'kering'];Negatif
['hotel', 'nyaman', 'keluarga', 'kolam', 'renang', 'lokasi', 'mudah', 'temu', 'tingal', 'jalan', 'kaki', 'malioboro'];Positif
['nikmat', 'habis', 'waktu', 'layan', 'bagus', 'kamar', 'bersih', 'check', 'masuk', 'gantung', 'dian', 'kamar', 'terima', 'kasih', 'aveta'];Positif
['hotel', 'nyaman', 'pusat', 'kota', 'yogyakarta', 'simbol', 'yogyakarta', 'malioboro', 'tempat', 'menginap', 'libur', 'nikmat', 'kawasan', 'malioboro', 'kamar', 'hotel', 'nyaman', 'bersih', 'hotel', 'puas', 'layan', 'kali', 'kesini'];Positif
['hotel', 'mudah', 'temu', 'jalan', 'malioboro', 'kamar', 'nyaman', 'luas', 'kolam', 'renang', 'anak', 'sarapan', 'lezat', 'menu', 'banyak'];Positif
['senang', 'menginap', 'hotel', 'layan', 'ramah', 'terima', 'kasih', 'karyawan', 'bantu', 'checkin', 'lapor', 'bantu'];Positif
['ramah', 'banget', 'hebat', 'aman', 'parkir', 'mobil'];Positif
['hotel', 'dekat', 'banget', 'malioboro', 'hotel', 'fasilitas', 'bagus', 'keren', 'pusat', 'bugar', 'toilet', 'mending', 'pakai', 'toilet', 'spray', 'manual', 'makan', 'lezat', 'setuju', 'sesuai', 'harga'];Positif
['hotel', 'baik', 'malioboro', 'akses', 'sulit', 'kendaran', 'besar', 'macet'];Positif
['menginap', 'bagus', 'keramahtamahan', 'karyawan', 'bakat', 'semangat', 'kerja', 'saji', 'makan', 'malam', 'enak', 'senang'];Positif
['hotel', 'pusat', 'kota', 'belanja', 'yogyakarta', 'tepat', 'belah', 'malioboro', 'pusat', 'belanja', 'dekat', 'tempat', 'sejarah', 'keraton', 'beteng', 'vredeburg'];Positif
['kali', 'menginap', 'lokasi', 'hotel', 'mudah', 'temu', 'malioboro', 'bahan', 'malioboro', 'pusat', 'belanja', 'kamar', 'luas', 'bersih', 'pesan', 'kamar', 'keluarga', 'kasur', 'orang', 'dewasa', 'keluarga', 'anak', 'anak', 'ruang', 'keluarga', 'sedia', 'dispenser', 'air', 'ketel', 'air', 'sehinga', 'minum', 'puas', 'minibarnya', 'sedia', 'minum', 'dingin', 'makan', 'ringan', 'gratis', 'dalam', 'proses', 'check', 'inya', 'cepat', 'letak', 'lantai', 'hotel', 'bahan', 'kolam', 'renang', 'restoran', 'sunguh', 'pengalaman', 'menginap', 'nyaman', 'kesan', 'terima', 'kasih', 'aveta', 'hotel', 'malioboro'];Positif
['kamar', 'kelas', 'eksekutif', 'nyaman', 'sarapan', 'lezat', 'kurang', 'jaring', 'internet', 'kamar', 'tidak', 'ruang', 'tunggu', 'restoran', 'kencang'];Positif
['segi', 'lokasi', 'hotel', 'mudah', 'temu', 'letak', 'kawasan', 'malioboro', 'belah', 'malioboro', 'pusat', 'belanja', 'tempat', 'parkir', 'kendaran', 'roda', 'batas', 'bantu', 'tugas', 'parkir', 'hotel', 'hotel', 'sent', 'bantal', 'tisu', 'limpah', 'kulkas', 'besi', 'ering', 'rambut', 'kurang', 'tidak', 'kran', 'khusus', 'wudhu', 'berwudhu', 'laku', 'wastafel'];Positif
['layan', 'hebat', 'tungu', 'check', 'masuk', 'ajak', 'anak', 'tonton', 'film', 'ruang', 'film', 'gratis'];Positif
['kamar', 'setuju', 'layan', 'setuju', 'uang', 'jamin', 'ribu', 'check', 'masuk', 'lokasi', 'setuju', 'banget', 'ruang', 'tunggu', 'langsung', 'jalan', 'malioboro'];Positif
['lokasi', 'dekat', 'jalan', 'malioboro', 'kamar', 'luas', 'layan', 'baik', 'rekomendasi', 'tempat', 'menginap', 'mudah', 'temu'];Positif
['bagus', 'layan', 'cepat', 'terima', 'kasih', 'waktu', 'menginap'];Positif
['sangar', 'anak', 'milik', 'jadwal', 'sore', 'malam', 'anak', 'usia', 'gratis', 'bayar'];Positif
['malam', 'menginap', 'hotel', 'kenang', 'indah', 'yogyakarta', 'ramah', 'layan', 'karyawan', 'sambut', 'tamu', 'bantu', 'check', 'masuk', 'hinga', 'check', 'serasa', 'raja', 'kesiagan', 'karyawan', 'housekeping', 'tidak', 'kalah', 'bagus', 'kamar', 'bersih', 'kain', 'ganti', 'sesuai', 'permintan', 'tidur', 'nyaman', 'nyenyak', 'kualitas', 'laundry', 'tidak', 'kalah', 'bagus', 'kamar', 'layan', 'meta', 'ngin', 'dine', 'masuk', 'tidak', 'kalah', 'hebat', 'karyawan', 'layan', 'baik', 'senyum', 'tulus', 'layan', 'baik', 'terima', 'kasih', 'layan', 'karyawan', 'menginap', 'saji', 'butuh', 'makan', 'minum', 'pesan', 'menu', 'sarapan', 'menu', 'sesuai', 'segi', 'variasi', 'kombinasi', 'setuju', 'ulas', 'tidak', 'lupa', 'aman', 'tidak', 'kalah', 'hebat', 'departemen', 'kewaspadan', 'ramah', 'menginap', 'aveta', 'sempat', 'libur', 'yogyakarta', 'hotel', 'salam', 'karyawan', 'karyawan', 'hotel', 'aveta', 'juta', 'terima', 'kasih', 'catat', 'kamar', 'suite', 'rekomendasi', 'keluarga'];Positif
['nyaman', 'dekat', 'balkon', 'kamar', 'baik', 'rumah', 'warga', 'mengangu', 'hijab', 'lepas', 'hijab', 'tutup', 'gorden', 'privasi', 'tergangu', 'sisa', 'sarapan', 'lezat'];Positif
['segi', 'lokasi', 'premium', 'malioboro', 'resto', 'segi', 'saji', 'kolam', 'renang', 'fasilitas', 'setuju', 'libur', 'hotel', 'bagus', 'banget', 'giat', 'bisnis', 'temu', 'standar', 'layan', 'tingkat', 'capai', 'tingkat', 'layan', 'prima', 'layan', 'pos', 'aman', 'ramah', 'bantu', 'layan', 'baik', 'aman'];Positif
['lezat', 'banget', 'layan', 'ramah', 'lokasi', 'mudah', 'temu', 'mantap'];Positif
['hotel', 'bagus', 'nyaman', 'bersih', 'rapi'];Positif
['waktu', 'kesana', 'acara', 'donor', 'darah', 'tempat', 'nyaman', 'luas', 'tempat', 'parkir', 'luas', 'awat', 'satpam', 'tempat', 'sarapan', 'nyaman', 'senang', 'warna', 'warna', 'makan', 'saji', 'lezat'];Positif
['hotel', 'bersih', 'sarapan', 'lezat', 'karyawan', 'ramah', 'lokasi', 'mudah', 'temu', 'letak', 'jalan', 'malioboro', 'nikmat', 'tingal'];Positif
['pesan', 'kamar', 'malam', 'check', 'masuk', 'suruh', 'tungu', 'jam', 'waktu', 'indonesia', 'barat', 'mohon', 'jasa', 'lapor', 'masuk', 'boleh', 'jam'];Negatif
['kali', 'menginap', 'lokasi', 'setuju', 'layan', 'bagus', 'lampu', 'terang', 'kamar', 'bersih', 'butuh', 'tangan', 'cepat'];Positif
['layan', 'karyawan', 'ramah'];Positif
['tempat', 'mudah', 'temu', 'kemarin', 'kamar', 'tempat', 'tidur', 'jendela', 'balkon', 'tidak', 'masalah', 'ruang', 'luas', 'lokasi', 'mudah', 'temu', 'jalan', 'malioboro', 'lobi', 'samping', 'masuk', 'lorong', 'mpit', 'masuk', 'coffe', 'karyawan', 'lantai', 'kolam', 'renang', 'lantai', 'belah', 'sambut', 'tamu', 'menginap', 'jangan', 'pakai', 'sarapan', 'cari', 'makan', 'malioboro', 'seru'];Positif
['kamar', 'premier', 'malioboro', 'view', 'bagus', 'balkon', 'pandang', 'malioboro', 'sempit', 'banget', 'kamar', 'nomor', 'layan', 'setuju', 'karyawan', 'sopan', 'cepat', 'tangap', 'kemarin', 'dingin', 'ruang', 'kamar', 'tidak', 'dingin', 'malam', 'hari', 'langsung', 'baik', 'tangan', 'makan', 'sarapan', 'lezat', 'menu', 'banyak', 'jenis', 'lihat', 'setuju', 'restoran', 'nasi', 'goreng', 'spesial', 'lezat', 'banget', 'spagheti', 'carbonara', 'hambar', 'harga', 'makan', 'masuk', 'akal', 'antar', 'kamar', 'tidak', 'makan', 'waktu', 'parkir', 'parkir', 'turun', 'zona', 'turun', 'alangkah', 'baik', 'satpam', 'bantu', 'kasih', 'tunjuk', 'arah', 'untung', 'subuh', 'sehinga', 'lorong', 'mpit', 'tidak', 'ramai', 'orang', 'lokasi', 'hotel', 'letak', 'jalan', 'malioboro', 'sehinga', 'malam', 'akses', 'lorong', 'mpit', 'jalan', 'kaki', 'rekomendasi', 'wisatawan', 'rasa', 'malioboro', 'coba', 'explore', 'yogyakarta', 'cari', 'hotel', 'jalan', 'malioboro', 'macet', 'banget', 'besar', 'tukang', 'ojek', 'marah'];Positif
['sempurna', 'suruh', 'tungu', 'check', 'masuk', 'jam', 'sore'];Positif
['kamar', 'bersih', 'luas', 'lengkap', 'mandi', 'lengkap', 'balkon', 'setuju', 'layan', 'layan', 'bagus', 'pesan', 'aplikasi', 'agoda', 'minta', 'permintan', 'khusus', 'lokasi', 'nilai', 'hotel', 'aveta', 'letak', 'jalan', 'malioboro', 'mudah', 'temu', 'pergi', 'tempat', 'dekat', 'kurang', 'akses', 'ruang', 'tunggu', 'susah', 'coffe', 'pinggir', 'jalan', 'tidak', 'tunjuk', 'khusus'];Positif
['lokasi', 'mudah', 'temu', 'banget', 'pusat', 'kota', 'hotel', 'langsung', 'jalan', 'malioboro', 'kamar', 'lumayan', 'luas', 'wangi', 'layan', 'bagus'];Positif
['layan', 'fasilitas', 'puas', 'ramah', 'karyawan'];Positif
['parkir', 'valey', 'lambat', 'ambil', 'mobil', 'suruh', 'tunggu', 'sulit'];Negatif
['lokasi', 'bagus', 'jarak', 'jalan', 'kaki', 'stasiun', 'kereta', 'hotel', 'jalan', 'malioboro', 'kamar', 'besar', 'milik', 'fasilitas', 'perlu', 'malam', 'harga', 'bagus', 'eurosarapan', 'termasukami', 'meningalkan', 'tas', 'check', 'bawa', 'malam', 'haristafnya', 'ramah', 'bantu'];Positif
['lokasi', 'baik', 'layan', 'baik', 'bebas', 'ramai', 'malioboro', 'hotel', 'pilih'];Positif
['titik', 'tempat', 'malioboro', 'belah', 'malioboro', 'pusat', 'belanja', 'banyak', 'jual', 'makan', 'lezat', 'kamar', 'luas', 'kolong', 'meja', 'kotor', 'tetes', 'kopi', 'tidak', 'hilang', 'sehinga', 'tidak', 'lezat', 'pandang', 'bantal', 'noda', 'kuning', 'kamar', 'balkon', 'meja', 'debu', 'ngopi', 'teh', 'debu', 'gula', 'tidak', 'ganti'];Negatif
['tingal', 'hotel', 'jalan', 'malioboro', 'pengalaman', 'sunguh', 'takjub', 'sambut', 'hangat', 'efisiensi', 'tentu', 'suasana', 'kunjung', 'kamar', 'kamar', 'ramping', 'luas', 'tawar', 'padu', 'sempurna', 'nyaman', 'gaya', 'tempat', 'tidur', 'nyaman', 'malam', 'tenang', 'jajah', 'lingkung', 'ramai', 'kolam', 'renang', 'hotel', 'sorot', 'keluarga', 'bersih', 'awat', 'tempat', 'bagus', 'santa', 'senang', 'senang', 'kamar', 'mandi', 'moderen', 'kuat', 'orang', 'segar', 'hari', 'tamasya', 'sarapan', 'fitur', 'tonjol', 'pagi', 'nikmat', 'rangkai', 'pilih', 'segar', 'enak', 'penuh', 'selera', 'preferensi', 'sempurna', 'tualang', 'lokasi', 'jalan', 'malioboro', 'bagus', 'tempat', 'ramai', 'akses', 'mudah', 'tempat', 'wisata', 'lokal', 'toko', 'restoran', 'hotel', 'lampau', 'harap', 'pilih', 'keluarga', 'cari', 'kombinasi', 'nyaman', 'mudah', 'kualitas', 'kunjung'];Positif
['asyik', 'tidur', 'hotel', 'aveta', 'malioboro', 'suka', 'hotel', 'langsung', 'malioboro', 'samping', 'pusat', 'belanja', 'malioboro', 'pusat', 'belanja', 'menginap', 'hotel', 'aveta', 'malioboro'];Positif
['hotel', 'letak', 'jalan', 'malioboro', 'mudah', 'temu', 'rasa', 'suasana', 'yogyakarta', 'kamar', 'bersih', 'milik', 'pintu', 'hubung', 'tidak', 'bingung', 'parkir', 'mobil', 'sedia', 'tugas', 'parkir', 'lahan', 'parkir', 'sempit', 'puas', 'menginap'];Positif
['lokasi', 'mudah', 'temu', 'hotel', 'wangi', 'rempah', 'mana', 'segar', 'kulon', 'progo'];Positif
['libur', 'kesini', 'keluarga', 'hotel', 'bersih', 'kolam', 'bersih', 'kamar', 'bagus', 'luas', 'view', 'kamar', 'makan', 'lezat', 'lokasi', 'bagus', 'parkir', 'sempit', 'satpam', 'cepat', 'tanggap'];Positif
['bagi', 'pengalaman', 'menginap', 'aveta', 'acara', 'malioboro', 'lari', 'lokasi', 'mudah', 'temu', 'pinggir', 'jalan', 'malioboro', 'dekat', 'malioboro', 'pusat', 'belanja', 'sehinga', 'keluarga', 'nikmat', 'suasana', 'malioboro', 'malam', 'belanja', 'mudah', 'kecewa', 'jam', 'diberitahu', 'masuk', 'kamar', 'jam', 'kamar', 'siap', 'untung', 'barang', 'bawa', 'ditingal', 'gudang', 'sambut', 'tamu', 'bantu', 'malioboro', 'pusat', 'belanja', 'tungu', 'check', 'masuk', 'satpam', 'bantu', 'parkir', 'akses', 'masuk', 'kurang', 'mobil', 'ganti', 'kamar', 'nyaman', 'fasilitas', 'bioskop', 'anak', 'anak', 'sarapan', 'pilih', 'makan', 'agam', 'posisi', 'resto', 'pandang', 'malioboro', 'kota', 'yogyakarta', 'nikmat', 'menginap', 'aveta'];Positif
['layan', 'ramah', 'bersih', 'dekat', 'malioboro', 'sehinga', 'akses', 'jalan', 'mudah'];Positif
['jangan', 'diam', 'istirahat', 'karyawan'];Negatif
['nyaman', 'layan', 'bagus', 'terima', 'kasih', 'karyawan', 'karyawan'];Positif
['minggu', 'menginap', 'padan', 'lokasi', 'mudah', 'temu', 'dekat', 'hotel', 'banyak', 'makan', 'layan', 'ramah', 'mantap'];Positif
['tempat', 'bagus', 'menginap', 'harga', 'bagus', 'nila', 'uang'];Positif
['layan', 'ramah', 'bantu', 'karyawan', 'karyawan'];Positif
['senang', 'kesini', 'kali', 'kunjung', 'lokasi', 'jalan', 'malioboro', 'layan', 'baik'];Positif
['layan', 'ramah', 'kurang', 'tempat', 'masuk', 'mobil', 'sempit', 'bagus', 'rekomendasi', 'daerah', 'pusat', 'yogyakarta'];Positif
['hotel', 'nyaman', 'sarapan', 'lezat', 'lokasi', 'mudah', 'temu', 'karyawan', 'ramah', 'ragu', 'parkir', 'kendaran', 'hotel', 'bawa', 'kendaran', 'bantu', 'tugas', 'parkir', 'parkir'];Positif
['letak', 'mudah', 'temu', 'tidak', 'dipungkiri', 'menu', 'sarapan', 'banyak', 'nila', 'nasi', 'hangat', 'kolam', 'renang', 'bentuk', 'anak', 'anak', 'parkir', 'tugas', 'parkir', 'tidak', 'ruang', 'tunggu', 'santa'];Positif
['hotel', 'bagus', 'banget', 'bersih', 'nyaman', 'dekat', 'banget', 'kawasan', 'malioboro', 'tidak', 'cari', 'barang', 'makan', 'layan', 'setuju', 'bagus', 'banget', 'menginap', 'kali', 'tidak', 'kecewa'];Positif
['hotel', 'langsung', 'jalan', 'malioboro', 'layan'];Positif
['kamar', 'bersih', 'lorong', 'hotel', 'bersih', 'wangi', 'karyawan', 'ramah', 'handuk', 'dingin', 'hotel', 'check', 'masuk', 'cuaca', 'yogyakarta', 'panas', 'sarapan', 'setuju', 'saran', 'mentega', 'paket', 'satu', 'banyak', 'orang', 'ambil', 'mentega', 'sedia', 'pisau', 'mencampurkanya', 'remah', 'roti'];Positif
['restoranya', 'luas', 'sejuk', 'bersih', 'tidak', 'menginap', 'hotel', 'konsumsi', 'restoran', 'makan', 'lezat', 'kenyang', 'restoran', 'minum', 'segar', 'nama', 'cinjo', 'tengorokan', 'sejuk', 'terima', 'kasih'];Positif
['lokasi', 'jalan', 'malioboro', 'yogyakarta', 'menginap', 'hotel', 'jalan', 'langsung', 'belanja', 'nikmat', 'ramai', 'jalan', 'malioboro', 'hotel', 'nyaman', 'layan', 'bagus', 'makan', 'lezat', 'latih', 'iya', 'aveta', 'sedia', 'tempat', 'khusus', 'ada', 'temu', 'latih', 'harga', 'jutan', 'malam', 'layak', 'hotel', 'suasana', 'malioboro'];Positif
['hotel', 'lurus', 'susur', 'jalan', 'malioboro'];Positif
['layan', 'bagus', 'menu', 'jajan', 'pisang', 'goreng', 'tempe', 'mendoan'];Positif
['nyaman', 'tidur', 'penting', 'bantal', 'lezat', 'tidur', 'tidak', 'lembut', 'sehinga', 'nyaman', 'leher', 'hotel', 'langsung', 'sambut', 'makan', 'langsung', 'nongkrong', 'persis', 'malioboro', 'menit', 'jalan', 'kaki', 'stasiun', 'tugu', 'dekat'];Positif
['kali', 'menginap', 'tempat', 'mudah', 'temu', 'dekat', 'malioboro', 'menu', 'nasi', 'goreng', 'bihun', 'goreng', 'tidak', 'hambar', 'nasi', 'goreng', 'hambar', 'tidak', 'mie', 'goreng'];Positif
['parkir', 'tidak', 'aman', 'barang', 'taruh', 'dashboard', 'hilang', 'hadeh'];Negatif
['hotel', 'nyaman', 'malioboro', 'kamar', 'luas', 'banget', 'pesan', 'jenis', 'rendah'];Positif
['hotel', 'latar', 'malioboro', 'lokasi', 'mudah', 'temu', 'sayang', 'jam', 'malam', 'masuk', 'hotel', 'jalan', 'tutup', 'tidak', 'akses', 'jalan', 'pilih', 'masuk', 'mobil', 'parkir', 'jalan', 'mataram', 'sarapan', 'pagi', 'cakup', 'orang', 'dewasa', 'anak', 'anak', 'hitung', 'harga', 'dewasa'];Positif
['layan', 'setuju', 'karyawan', 'karyawan', 'karyawan'];Positif
['kali', 'menginap', 'kali', 'pakai', 'uang', 'jamin', 'kamar', 'check', 'tidak', 'kunci', 'bawa', 'kunci', 'tingal', 'kamar', 'hotel', 'tidak', 'masalah', 'check', 'masuk', 'lobi', 'lantai', 'susah', 'makan', 'lumayan', 'banget', 'parkir', 'sempit', 'tutup', 'jam', 'sore', 'jalan', 'hotel', 'tungu', 'jam', 'malam', 'parkir'];Positif
['hotel', 'butuh', 'uang', 'jamin', 'ribu', 'kamar', 'nyaman', 'letak', 'malioboro', 'kamar', 'jendela', 'view', 'chiki', 'oreo', 'floridina', 'air', 'mineral', 'lorong', 'galon', 'disi', 'ulang', 'pintu', 'lobi', 'samping', 'bukan', 'pinggir', 'jalan', 'bawah', 'mushola', 'lantai', 'toilet', 'sambut', 'tamu', 'lantai'];Positif
['terima', 'kasih', 'banyak', 'ramah', 'momen', 'chers'];Positif
['lokasi', 'mudah', 'temu', 'belah', 'pusat', 'belanja', 'lantai', 'kolam', 'renang', 'sambut', 'tamu', 'lantai', 'lantai', 'pakai', 'kartu', 'lift', 'privasi', 'karyawan', 'bantu', 'gerak', 'cepat', 'pinjam', 'setrika', 'langsung', 'isi'];Positif
['segi', 'lokasi', 'tidak', 'ragu', 'hotel', 'langsung', 'jalan', 'malioboro', 'kamar', 'luas', 'kasur', 'luas', 'ukur', 'superior', 'terang', 'tidak', 'remang', 'remang', 'bersih', 'tidak', 'keri', 'kamar', 'ruang', 'tunggu', 'sambut', 'tamu', 'hinga', 'tempat', 'kamar', 'wangi', 'banget', 'karyawan', 'bantu', 'ramah', 'fasilitas', 'bagus', 'banget', 'hotel', 'lihat', 'sabunya', 'tidak', 'busa', 'bersih', 'inovatif', 'peduli', 'orang', 'tidak', 'cocok', 'fasilitas', 'hotel', 'segi', 'sarapan', 'lezat', 'banget', 'kue', 'kering', 'kurang', 'banyak', 'keren', 'banget', 'tidak', 'sesal', 'habis', 'uang', 'waktu', 'aveta', 'hotel', 'sukses'];Positif
['hotel', 'pinggir', 'jalan', 'malioboro', 'lezat', 'jalan', 'jalan'];Positif
['menginap', 'malam', 'hotel', 'aveta', 'kemarin', 'puasa', 'lokasi', 'mudah', 'temu', 'jalan', 'utama', 'malioboro', 'jalan', 'jalan', 'ambil', 'kamar', 'balkon', 'senang', 'jalan', 'jalan', 'sibuk', 'kamar', 'karyawan', 'ramah', 'bantu', 'terima', 'kasih', 'ramah', 'bantu', 'proses', 'suluh', 'selamat', 'coba', 'karyawan', 'aveta', 'semoga', 'harga', 'murah'];Positif
['kali', 'menginap', 'aveta', 'hotel', 'malioboro', 'tidak', 'harap', 'baca', 'ulas', 'gogle', 'lumayan', 'bagus', 'niat', 'kesini', 'honeymon', 'sengaja', 'pilih', 'malioboro', 'biar', 'lezat', 'mana', 'hotel', 'bagus', 'layan', 'bagus', 'ucap', 'madu', 'serta', 'kue', 'handuk', 'hias', 'parkir', 'gratis', 'sarapan', 'lezat', 'banyak', 'pilih', 'kamar', 'bersih', 'dapat', 'camil', 'gratis', 'tidak', 'sesal', 'menginap', 'yogyakarta', 'rekomendasi', 'orang', 'orang', 'dekat', 'terima', 'kasih', 'aveta', 'hotel'];Positif
['enak', 'kamar', 'bersih', 'luas', 'bednya', 'lebar', 'banget', 'salur', 'televisi', 'banyak', 'sedia', 'arah', 'kiblat', 'kurang', 'tidak', 'lemari', 'menginap', 'susah', 'simpan', 'baju', 'celana', 'gantung', 'kadang', 'dengar', 'suara', 'ruang', 'bahan', 'suara', 'tidak', 'redam', 'suara', 'lokasi', 'hotel', 'jalan', 'malioboro', 'jalan', 'ujung', 'ujung', 'dekat', 'tempat', 'karyawan', 'sopan', 'santun', 'puas', 'oficenya', 'kurang', 'lantai', 'ruang', 'tunggu', 'check', 'masuk', 'lantai', 'kamar', 'lantai', 'lift', 'kali', 'toilet', 'bagus', 'bersih', 'aksesorisnya', 'banyak', 'air', 'panas', 'kencang', 'tidak', 'kran', 'wudhu', 'wudhu', 'wastafel', 'sarapan', 'banyak', 'jenis', 'kali', 'ganti', 'menu', 'tempat', 'luas', 'layan', 'lincah', 'ramah', 'aveta', 'hotel', 'rekomendasi', 'mampir', 'coba', 'terima', 'kasih', 'orang', 'layan', 'istri'];Positif
['bagi', 'pengalaman', 'menginap', 'aveta', 'hotel', 'malioboro', 'lokasi', 'mudah', 'temu', 'dekat', 'malioboro', 'pusat', 'belanja', 'jalan', 'malioboro', 'simbol', 'kota', 'yogyakarta', 'tidak', 'ragu', 'jalan', 'kaki', 'turun', 'lantai', 'dasar', 'jalan', 'kaki', 'hotel', 'bintang', 'hotel', 'bintang', 'hotel', 'bersih', 'rapi', 'wangi', 'menginap', 'malam', 'kondisi', 'kamar', 'luas', 'bersih', 'nyaman', 'dingin', 'ruang', 'dingin', 'akses', 'lift', 'guna', 'kartu', 'buat', 'private', 'sayang', 'kamar', 'tempat', 'restoran', 'suara', 'kursi', 'pindah', 'mengangu', 'tiga', 'kolam', 'renang', 'roftop', 'tempat', 'karyawan', 'tidak', 'luas', 'dekat', 'tempat', 'restoran', 'kafe', 'lantai', 'dasar', 'kempat', 'menu', 'sarapan', 'banyak', 'tingkat', 'layan', 'standar', 'masalah', 'parkir', 'mobil', 'tidak', 'luas', 'sehinga', 'guna', 'sistem', 'parkir', 'tugas', 'parkir', 'sehinga', 'tidak', 'leluasa', 'masuk', 'hotel', 'over', 'setuju', 'sukses'];Positif
['lokasi', 'mudah', 'temu', 'kota', 'yogyakrta', 'layan', 'kamar', 'puas', 'kamar', 'nyaman', 'keluarga'];Positif
['lokasi', 'tingal', 'selang', 'malioboro', 'dekat', 'stasiun'];Positif
['lokasi', 'bagus', 'banget', 'tingal', 'hotel', 'jalan', 'malioboro', 'sarapan', 'banyak', 'variasi', 'menu', 'beda', 'hotel', 'pop', 'corn', 'orang', 'suka', 'sayang', 'kurang', 'asin', 'tidak', 'manis', 'lupa', 'nama', 'geng'];Positif
['april', 'sewa', 'kamar', 'keluarga', 'triple', 'isi', 'tempat', 'tidur', 'gelas', 'ramik', 'kopi', 'gula', 'sampo', 'habis', 'sewa', 'kasur', 'kamar', 'superior', 'tiket', 'sarapan', 'makan', 'setuju'];Negatif
['letak', 'pusat', 'kota', 'yogyakarta', 'belah', 'selatan', 'pusat', 'belanja', 'malioboro', 'hotel', 'unik', 'murah', 'orang', 'kali', 'letak', 'karyawan', 'masyarakat', 'bantu', 'minta', 'tolong', 'respon', 'cepat', 'kamar', 'luas', 'pilih', 'tonton', 'televisi', 'potong', 'buah', 'kue', 'gratis', 'masuk', 'makan', 'ringan', 'minum', 'ringan', 'gratis', 'sedia', 'kamar', 'disi', 'ulang', 'habis', 'botol', 'air', 'ukur', 'ml', 'botol', 'isi', 'lantai', 'fasilitas', 'kopi', 'instan', 'balkon', 'santa', 'minum', 'kopi', 'hotel', 'tidak', 'rokok', 'sayang', 'kamar', 'mandi', 'pancur', 'lantai', 'susah', 'cuci', 'kaki', 'hati', 'hati', 'tidak', 'basah', 'badan', 'mandi', 'pancur', 'cup', 'tidak', 'rambut', 'basah', 'fasilitas', 'ering', 'rambut', 'tidak', 'sedia', 'kecuali', 'pinjam', 'hotel', 'hotel', 'bintang', 'menu', 'sarapan', 'pilihanya', 'tidak', 'banyak', 'sarapan', 'kadang', 'sky', 'ruang', 'tunggu', 'jumpa', 'coffe', 'view', 'langsung', 'jalan', 'malioboro', 'pengalaman', 'senang', 'semoga', 'sedia', 'dispenser', 'air', 'minum', 'ambil', 'minum', 'sesuai', 'butuh'];Positif
['bersih', 'dekat', 'malioboro', 'kolam', 'besar'];Positif
['hebat', 'mesan', 'aplikas', 'pesan', 'tidak', 'susah', 'lapor', 'masuk', 'praktis', 'lokasi', 'mudah', 'temu', 'nongki', 'malioboro', 'tingal', 'turun'];Positif
['kali', 'libur', 'kota', 'yogyakarta', 'menginap', 'hotel', 'aveta', 'hotel', 'aveta', 'bagus', 'latih', 'hotel', 'letak', 'malioboro', 'dekat', 'sekati', 'tingal', 'jalan', 'kaki', 'malioboro', 'hotel', 'aveta', 'dekat', 'malioboro', 'pusat', 'belanja', 'dekat', 'apotek', 'dekat', 'toko', 'aveta', 'kamar', 'bersih', 'karyawan', 'ramah', 'karyawan', 'ramah', 'bantu', 'sarapan', 'makan', 'lezat', 'banget', 'kondisi', 'kamar', 'bersih', 'nyaman', 'bantu', 'jemput', 'jalan', 'mataram', 'jalan', 'malioboro', 'tutup', 'sehinga', 'keluarga', 'jemput', 'mobil', 'tugas', 'parkir', 'terima', 'kasih', 'aveta', 'hotel', 'baik'];Positif
['layan', 'puas', 'nyaman', 'aman', 'inti', 'setuju'];Positif
['lokasi', 'mudah', 'temu', 'malioboro', 'hotel', 'sambut', 'tamu', 'lantai', 'kolam', 'renang', 'bersih', 'restoran', 'atas', 'kamar', 'toilet', 'bersih', 'besar', 'parkir', 'mobil', 'sedia', 'ruang', 'tanah', 'makan', 'ringan', 'ngin', 'gratis', 'rekomendasi', 'menginap', 'malioboro'];Positif
['hotel', 'bagus', 'bersih', 'wangi', 'kamar', 'luas', 'cocok', 'libur', 'keluarga', 'sarapan', 'banyak', 'jenis', 'lezat', 'fasilitas', 'lengkap', 'kulkas', 'besi', 'hinga', 'ering', 'rambut', 'lokasi', 'mudah', 'temu', 'malioboro', 'hati', 'hati', 'acara', 'akses', 'hotel', 'bawa', 'kendaran', 'sulit', 'jam', 'jalan', 'malioboro', 'tutup', 'kendaran', 'tutup', 'acara', 'karyawan', 'hotel', 'bantu', 'rekomendasi', 'libur', 'keluarga', 'coba'];Positif
['maaf', 'bintang', 'musafir', 'keluarga', 'anak', 'anak', 'usia', 'bawa', 'anak', 'mikir', 'menginap', 'kasih', 'bintang', 'tidak', 'tega', 'bintang', 'lokasi', 'malioboro', 'pusat', 'yogyakarta', 'air', 'panas', 'dingin', 'ruang', 'setuju', 'kamar', 'banyak', 'semut', 'hotel', 'kunjung', 'hidup', 'kali', 'temu', 'hotel', 'banyak', 'semut', 'semut', 'meja', 'kamar', 'tidur', 'rak', 'bagasi', 'wastafel', 'tidak', 'banyak', 'coba', 'bunuh', 'semut', 'tidak', 'kendali', 'hama', 'roti', 'beli', 'kota', 'hancur', 'hilang', 'ribu', 'suruh', 'karyawan', 'hotel', 'sih', 'kamar', 'jangan', 'pakai', 'baygon', 'banyak', 'semut', 'pakai', 'baygon', 'bau', 'samar', 'parfum', 'alhasil', 'minta', 'ganti', 'kamar', 'semut', 'sambut', 'tamu', 'lantai', 'tidak', 'cadang', 'pancur', 'toilet', 'sistem', 'seprot', 'air', 'catat', 'dingin', 'ruang', 'tetes', 'lantai', 'tetes', 'check', 'masuk', 'komentar', 'balas', 'pesan', 'otomatis', 'karyawan', 'hotel', 'semoga', 'beli', 'harap', 'kritis', 'pilih', 'hotel', 'menginap', 'anak', 'anak'];Negatif
['hotel', 'letak', 'belah', 'malioboro', 'pusat', 'belanja', 'akses', 'pintu', 'restoran', 'tempat', 'parkir', 'langsung', 'lift', 'karyawan', 'lantai', 'belah', 'pintu', 'kolam', 'renang', 'kamar', 'harga', 'rupiah', 'lantai', 'kamar', 'kamar', 'bagus', 'luas', 'balkon', 'tidak', 'kamar', 'balkon', 'alhamdulilah', 'atur', 'menginap', 'banyak', 'harap', 'baca', 'cermat', 'kejut', 'makan', 'ringan', 'minum', 'ngin', 'nikmat', 'pelang', 'gratis', 'hotel', 'jual', 'nasi', 'uduk', 'lontong', 'sayur', 'lezat', 'kurang', 'jalan', 'malioboro', 'tutup', 'akses', 'hotel', 'sulit'];Positif
['menginap', 'kamar', 'deluxe', 'balkon', 'kamar', 'bagus', 'dingin', 'ruang', 'dingin', 'lantai', 'bantu', 'ruang', 'sejuk', 'alas', 'pesan', 'kamar', 'superior', 'twin', 'kasur', 'luas', 'kamar', 'besar', 'tidak', 'balkon', 'masuk', 'kamar', 'lantai', 'lengket', 'salah', 'cair', 'muka', 'sunguh', 'tidak', 'lezat', 'kaki', 'suka', 'telanjang', 'kaki', 'kamar', 'tergangu', 'dekorasi', 'kamar', 'kamar', 'mandi', 'kamar', 'superior', 'bagus', 'bersih', 'luas', 'banding', 'kamar', 'deluxe', 'banyak', 'noda', 'kerak', 'air', 'pintu', 'kamar', 'hubung', 'kamar', 'tidak', 'kedap', 'suara', 'karyawan', 'tidak', 'informatif', 'bicara', 'cepat', 'ulang', 'kali', 'inti', 'lapor', 'minta', 'bantu', 'gerobak', 'dorong', 'hotel', 'barang', 'antar', 'turun', 'menit', 'kaget', 'barang', 'geletak', 'lantai', 'kotor', 'gerobak', 'dorong', 'tamu', 'pergi', 'cmiw', 'barang', 'biar', 'awas', 'aman', 'pengalaman', 'menginap', 'kesan', 'lokasi', 'mudah', 'temu', 'mudah', 'akses', 'harap', 'masuk', 'reviewer', 'akomodasi', 'hotel', 'bahan', 'timbang', 'jadi', 'layan', 'terima', 'kasih'];Negatif
['aveta', 'menara', 'pandang', 'kamar', 'penting', 'coba', 'menginap'];Positif
['mantap', 'jajan', 'sambut', 'kamar', 'bersih', 'nyaman', 'dingin', 'ruang', 'awat', 'tingal', 'maret'];Positif
['hotel', 'letak', 'jalan', 'malioboro', 'sibuk', 'lokasi', 'mudah', 'temu', 'harga', 'kamar', 'orang', 'murah', 'kamar', 'besar', 'nyaman', 'sayang', 'kamar', 'kolam', 'renang', 'roftop', 'suara', 'pipa', 'air', 'dengar', 'sarapan', 'prasmanan', 'kadang', 'lezat', 'kadang', 'tidak'];Positif
['kamar', 'bersih', 'nyaman', 'suasana', 'tenang', 'hotel', 'bersih', 'sehinga', 'betah', 'layan', 'ramah', 'cepat', 'terima', 'kasih', 'karyawan', 'karyawan', 'karyawan', 'bantu', 'banyak', 'informasi'];Positif
['tiga', 'kali', 'unjung', 'putri', 'catat', 'dekat', 'hotel', 'lumayan', 'bagus', 'tidak', 'masuk', 'check', 'masuk'];Negatif
['langsung', 'malioboro', 'tingal', 'langkah', 'kamar', 'bersih', 'aroma', 'khas', 'layan', 'puas', 'penuh', 'senyum', 'sabar', 'lorong', 'bersih', 'banyak', 'wisatawan', 'yogyakarta', 'senang', 'maju', 'pariwisata', 'wisatawan', 'renang', 'bikin', 'kolam', 'renang', 'hotel', 'open', 'minded', 'kendala', 'parkir', 'mobil', 'kawan', 'kawan', 'cepat', 'tanggap', 'kelola', 'penuh', 'sabar', 'karyawan', 'yuni', 'minum', 'bawah', 'salut', 'layan', 'semangat', 'iya', 'tidak', 'rokok', 'kamar', 'kecewa'];Positif
['hotel', 'aveta', 'letak', 'jalan', 'malioboro', 'pilih', 'pengalaman', 'menginap', 'senang', 'milik', 'ngin', 'kopi', 'lantai', 'dasar', 'karyawan', 'lantai', 'kolam', 'renang', 'milik', 'bakat', 'pesona', 'bagus', 'kamar', 'kamar', 'lengkap', 'bersih', 'layan', 'bagus', 'laundry', 'kamar', 'layan', 'sarapan', 'agam', 'makan', 'minum', 'lezat', 'hotel', 'letak', 'jalan', 'malioboro', 'jalan', 'jalan', 'jalan', 'banyak', 'ngin', 'toko', 'restoran', 'pusat', 'belanja', 'besar', 'belah', 'hotel', 'tempat', 'beli', 'butuh', 'hari', 'alfamart', 'tidak', 'belanja', 'rekomendasi', 'menginap'];Positif
['pengalaman', 'senang', 'lokasi', 'mudah', 'temu', 'malioboro', 'karyawan', 'ramah'];Positif
['waktu', 'check', 'masuk', 'jam', 'waktu', 'check', 'jam', 'menginap', 'malam', 'tidak', 'pindah', 'hotel', 'menginap', 'lantai', 'jam', 'pagi', 'housekeping', 'bersih', 'kamar', 'kamar', 'tempat', 'menginap', 'kursi', 'meja', 'berisik', 'pindah', 'pindah', 'pindah', 'tempat', 'tidur', 'rokok', 'kamar', 'kena', 'denda', 'laku', 'mengangu', 'tidak', 'banding', 'harga', 'bayar', 'lokasi', 'tarik', 'pintu', 'hotel', 'langsung', 'suasana', 'malioboro'];Negatif
['kemarin', 'menginap', 'acara', 'kumpul', 'usah', 'lokasi', 'hotel', 'mudah', 'temu', 'layan', 'bagus', 'unit', 'kamar', 'bersih', 'bagus', 'makan', 'lezat', 'pilih', 'desert', 'buah', 'buah', 'banyak', 'rekomendasi', 'banget'];Positif
['tempat', 'mudah', 'temu', 'kamar', 'bersih', 'wangi', 'karyawan', 'ramah', 'layan', 'karyawan', 'karyawan', 'ramah', 'layan', 'tamu'];Positif
['tingal', 'hotel', 'pengalaman', 'hotel', 'moderen', 'gaya', 'nyaman', 'fasilitas', 'butuh', 'menginap', 'senang', 'karyawan', 'ramah', 'sahabat', 'bantu', 'butuh', 'kamar', 'bersih', 'luas', 'lengkap', 'tempat', 'tidur', 'nyaman', 'teknologi', 'kini', 'lokasi', 'sempurna', 'akses', 'mudah', 'tempat', 'wisata', 'atraksi', 'tempat', 'rekomendasi', 'hotel', 'cari', 'pengalaman', 'menginap', 'nyaman', 'tenteram', 'kota'];Positif
['hotel', 'bagus', 'karyawan', 'ramah', 'letak', 'pusat', 'malioboro', 'pusat', 'belanja', 'dekat', 'jalan', 'dekat', 'teras', 'malioboro', 'dekat', 'suka', 'banget', 'kolam', 'renang', 'roftop', 'fasilitas', 'hotel', 'bersih', 'sedia', 'handuk', 'bersih', 'kolam', 'sedia', 'kolam', 'renang', 'anak', 'dewasa', 'sarapan', 'lezat', 'banyak', 'asik', 'banget', 'terima', 'kasih', 'aveta'];Positif
['lokasi', 'bagus', 'hotel', 'bintang', 'layan', 'bagus', 'kualitas', 'hotel', 'bagus', 'toilet', 'kamar', 'mandi', 'mampet', 'sih', 'bersih', 'karyawan', 'fokus', 'steril', 'kamar', 'kelihatanya', 'kuno', 'toilet', 'bersih', 'toilet', 'kolam', 'renang', 'buruk', 'harga', 'bayar', 'sesuai'];Positif
['posisi', 'hotel', 'mudah', 'temu', 'kamar', 'luas', 'bersih', 'kamar', 'wangi', 'layan', 'bagus', 'karyawan', 'ramah', 'cocok', 'relaksasi'];Positif
['tempat', 'senang', 'libur', 'kawasan', 'malioboro'];Positif
['hotel', 'bagus', 'bersih', 'wangi', 'layan', 'ramah', 'lantai', 'wangi', 'dingin', 'ruang', 'kamar', 'dingin', 'dingin', 'ruang', 'kamar', 'dingin', 'kamar', 'mandi', 'bersih', 'wangi', 'harga', 'kamar', 'bagus', 'menginap', 'keluarga', 'kesini'];Positif
['hotel', 'indah', 'saji', 'kamar', 'hotel', 'rapi', 'luas', 'tiga', 'penting', 'karyawan', 'ramah', 'baik', 'layan', 'baik', 'rekomendasi', 'ngin', 'layan', 'lokal', 'suka', 'biskuit', 'buat', 'indah', 'nikmat', 'suguh', 'selamat', 'karyawan', 'usaha', 'keras', 'minta', 'karyawan', 'dapur', 'buat', 'bawa', 'lapor', 'mimpi', 'menginap', 'hotel', 'bersih', 'milik', 'kolam', 'renang', 'kunjung', 'tidak', 'rekomendasi'];Positif
['puas', 'aveta', 'hotel', 'kali', 'menginap', 'dingin', 'ruang', 'kamar', 'berisik', 'mengangu', 'light', 'sleper'];Positif
['salah', 'hotel', 'baik', 'kawasan', 'malioboro', 'posisi', 'belah', 'pusat', 'belanja', 'tunjuk', 'ngin', 'disi', 'ulang', 'kurang', 'batas', 'tempat', 'parkir', 'tamu'];Positif
['hotel', 'bagus', 'kamar', 'luas', 'sarapan', 'lezat', 'sunguh', 'puas', 'menginap', 'sayang', 'lupa', 'minta', 'kamar', 'stret', 'view'];Positif
['menginap', 'aveta', 'malam', 'puas', 'suka', 'lokasi', 'bagus', 'banget', 'ruang', 'tunggu', 'langsung', 'malioboro', 'jalan', 'jalan', 'langsung', 'karyawan', 'ramah', 'bersih', 'kaget', 'kenop', 'pancur', 'patah', 'jatuh', 'mandi', 'unit', 'pancur', 'knob', 'kamar', 'baik', 'ganti', 'bahaya', 'jatuh', 'timpa', 'kaki', 'sarapan', 'lezat', 'banget', 'pilih', 'menu', 'banyak', 'unik', 'bunga', 'gula', 'bawa', 'anak', 'santai', 'sarapan', 'susah', 'lobi', 'unik', 'lantai', 'bukan', 'lantai', 'dasar', 'tempat', 'parkir', 'luas', 'akses', 'tempat', 'parkir', 'pada', 'sempit', 'jalur', 'mobil', 'penuh', 'jam', 'jalan', 'motor', 'tutup', 'restoran', 'murah', 'lezat'];Positif
['menginap', 'anak', 'anak', 'ada', 'parade', 'drumband', 'malioboro', 'hotel', 'rekomendasi', 'banget', 'aman', 'tugas', 'parkir', 'karyawan', 'minum', 'mantap', 'mantap', 'sarapan', 'lengkap', 'banget'];Positif
['tempat', 'baik', 'kamar', 'baik', 'baik', 'menginap', 'transit', 'sunguh', 'nyaman', 'jalan', 'malioboro', 'kejap', 'karyawan', 'ramah', 'sopan', 'libur', 'hotel', 'aveta', 'terima', 'kasih', 'karyawan', 'layan', 'baik'];Positif
['keluarga', 'menginap', 'tangal', 'juli', 'hotel', 'bagus', 'kamar', 'bersih', 'kamar', 'mandi', 'bersih', 'taruh', 'kamar', 'mandi', 'kamar', 'mandi', 'nila', 'keran', 'air', 'wudlu'];Positif
['kali', 'libur', 'puasa', 'yogyakarta', 'menginap', 'salah', 'hotel', 'aveta', 'malioboro', 'layan', 'aveta', 'bagus', 'banget', 'waktu', 'tidak', 'salah', 'karyawan', 'oficenya', 'karyawan', 'sambut', 'hangat', 'ramah', 'jam', 'check', 'inya', 'orang', 'rendah', 'hati', 'banget', 'waktu', 'alun', 'alun', 'keraton', 'yogyakarta', 'ramah', 'karyawan', 'kamar', 'bagus', 'bersih', 'rekomendasi', 'banget', 'libur', 'yogyakarta', 'terima', 'kasih', 'aveta'];Positif
['tawar', 'barang', 'antar', 'suruh', 'tungu', 'kamar', 'jam', 'jam', 'tungu', 'barang', 'kirim', 'cek', 'lanta', 'barang', 'kirim', 'ditingal', 'tidak', 'ramai', 'tempat', 'lezat', 'nyaman'];Positif
['lokasi', 'mudah', 'temu', 'hotel', 'nyaman', 'karyawan', 'bantu', 'terima', 'kasih', 'karyawan', 'karyawan', 'karyawan'];Positif
['lokasi', 'mudah', 'temu', 'belah', 'pusat', 'belanja', 'tidak', 'stasiun', 'pusat', 'ramai', 'mobil', 'parkir', 'limited', 'there', 'tugas', 'parkir', 'who', 'parkir', 'guest', 'vehicles', 'kamar', 'toilet', 'bersih', 'menu', 'sarapan', 'lezat', 'minibarnya', 'sedia', 'makan', 'ringan', 'minum', 'selamat', 'gratis', 'tergangu', 'koneksi', 'jaring', 'internet', 'lambat'];Positif
['lokasi', 'mudah', 'temu', 'jalan', 'pejal', 'kaki', 'malioboro', 'dekat'];Positif
['hotel', 'pusat', 'jalan', 'malioborow', 'sibuk', 'kamar', 'bersih', 'luas', 'karyawan', 'ramah', 'bantu', 'sarapan', 'saran', 'makan', 'sarapan', 'sila', 'nikmat', 'sarapan', 'lokal', 'tidak', 'sesal', 'tidak', 'pusat', 'bugar', 'pantau'];Positif
['senang', 'menginap', 'hotel', 'kamar', 'bersih', 'nyaman', 'sarapan', 'lezat', 'layan', 'prima', 'karyawan', 'ramah', 'bantu', 'informasi', 'tempat', 'wisata', 'lokal', 'rekomendasi', 'hotel', 'teman', 'keluarga'];Positif
['kamar', 'standar', 'jenis', 'keluarga', 'tidak', 'sofa', 'tidak', 'lemari', 'lokasi', 'mudah', 'temu', 'dekat', 'pusat', 'belanja', 'jalan', 'malioboro', 'layan', 'standar'];Positif
['lokasi', 'persis', 'belah', 'malioboro', 'pusat', 'belanja', 'jalan', 'malioboro', 'mudah', 'temu', 'tidak', 'jalan', 'kaki', 'stasiun', 'tugu', 'kilometer', 'yogyakrta', 'kamar', 'gaya', 'minimal', 'nyaman', 'bersih', 'karyawan', 'karyawan', 'ramah', 'bantu', 'cepat', 'layan', 'tamu', 'kantor', 'lantai', 'kolam', 'renang', 'tidak', 'besar', 'letak', 'lantai', 'serta', 'tempat', 'restoran', 'sarapan', 'menu', 'sarapan', 'tidak', 'agam', 'lengkap', 'lezat', 'nikmat', 'karyawan', 'restoran', 'ramah', 'tempat', 'parkir', 'kendaran', 'sempit', 'masuk', 'lorong', 'mpit', 'hotel', 'informasi', 'kendaran', 'parkir', 'tempat', 'jalan', 'mataram', 'dekat', 'toko', 'jam', 'hinga', 'jalan', 'malioboro', 'tutup', 'jadi', 'kawasan', 'pejal', 'kaki', 'cari', 'taksi', 'online', 'ojek', 'online', 'sulit', 'kemudi', 'kali', 'malas', 'ambil', 'pesan', 'kawasan', 'solusi', 'becak', 'nikmat', 'nostalgia', 'keliling', 'yogyakarta', 'becak', 'senang', 'puas', 'menginap', 'hotel', 'bagus'];Positif
['menginap', 'aveta', 'nyaman', 'kamar', 'tidak', 'berisik', 'ulas', 'tidur', 'nyenyak', 'karyawan', 'ramah', 'karyawan', 'rendah', 'hati', 'bantu', 'aman', 'ramah', 'sarapan', 'lezat', 'tingkat', 'saji', 'kue', 'kerja', 'bagus', 'aveta', 'kali', 'kesini'];Positif
['letak', 'pusat', 'kota', 'yogyakarta', 'belah', 'selatan', 'pusat', 'belanja', 'malioboro', 'hotel', 'unik', 'masuk', 'jumpa', 'coffe', 'karyawan', 'lantai', 'kolam', 'renang', 'sky', 'ruang', 'tunggu', 'bawa', 'mobil', 'pribadi', 'lorong', 'mpit', 'persis', 'belah', 'pusat', 'belanja', 'malioboro', 'masuk', 'situ', 'jalan', 'kaki', 'stasiun', 'tugu', 'murah', 'orang', 'kali', 'letak', 'karyawan', 'masyarakat', 'bantu', 'minta', 'tolong', 'respon', 'cepat', 'kamar', 'luas', 'pilih', 'tonton', 'televisi', 'potong', 'buah', 'kue', 'gratis', 'masuk', 'makan', 'ringan', 'minum', 'ringan', 'gratis', 'sedia', 'kamar', 'disi', 'ulang', 'habis', 'botol', 'air', 'ukur', 'ml', 'botol', 'isi', 'lantai', 'fasilitas', 'kopi', 'instan', 'balkon', 'santa', 'minum', 'kopi', 'hotel', 'tidak', 'rokok', 'sayang', 'kamar', 'mandi', 'pancur', 'lantai', 'susah', 'cuci', 'kaki', 'hati', 'hati', 'tidak', 'basah', 'badan', 'mandi', 'pancur', 'cup', 'tidak', 'rambut', 'basah', 'fasilitas', 'ering', 'rambut', 'tidak', 'sedia', 'kecuali', 'pinjam', 'hotel', 'hotel', 'bintang', 'menu', 'sarapan', 'pilihanya', 'tidak', 'banyak', 'sarapan', 'kadang', 'sky', 'ruang', 'tunggu', 'jumpa', 'coffe', 'view', 'langsung', 'jalan', 'malioboro', 'pengalaman', 'senang', 'semoga', 'sedia', 'dispenser', 'air', 'minum', 'ambil', 'minum', 'sesuai', 'butuh'];Positif
['hotel', 'aman', 'meningalkan', 'tas', 'waktu', 'check', 'masuk', 'hotel', 'langsung', 'malioboro', 'uang', 'jamin', 'kartu', 'akses', 'rupiah', 'ribu', 'kamar', 'isi', 'fungsi', 'wastafel', 'tidak', 'air', 'panas', 'isi', 'kulkas', 'gratis'];Positif
['hotel', 'atur', 'aneh', 'fasilitas', 'balkon', 'larang', 'rokok', 'balkon', 'fasilitas', 'balkon', 'pintu', 'pintu', 'tidak', 'kunci', 'kamar', 'eksekutif', 'buka', 'balkon', 'telpon', 'karyawan', 'kunci', 'telpon', 'tidak', 'kunci', 'mohon', 'manajemen', 'bijak', 'manusiawi', 'kali', 'temu', 'hotel'];Negatif
['mantap', 'layan', 'ramah', 'sarapan', 'lengkap', 'kue', 'kue'];Positif
['hotel', 'ramah', 'lokasi', 'nyaman', 'kawasan', 'jalan', 'malioboro', 'buka', 'pintu', 'malioboro', 'sarapan', 'lezat', 'makan', 'lokal', 'barat', 'obat', 'herbalnya', 'banyak', 'jenis', 'lokasi', 'sambut', 'tamu', 'lantai', 'kamar', 'lantai', 'karyawan', 'bantu', 'minta', 'setrika', 'langsung', 'delivery', 'laundrynya', 'cepet', 'banget', 'bantu', 'karyawan', 'nama', 'ramah', 'bantu', 'terima', 'kasih', 'aveta', 'hotel', 'kesini', 'kunjung', 'yogyakarta'];Positif
['kamar', 'besar', 'bagus', 'layan', 'banyak', 'pilih', 'sarapan', 'lokasi', 'bagus', 'bahan', 'pusat', 'belanja', 'kurang', 'hotel', 'kolam', 'renang', 'kotor', 'tidak', 'awat'];Positif
['lokasi', 'mudah', 'temu', 'jalan', 'malioboro', 'mohon', 'cek', 'kamar', 'mandi', 'tidak', 'licin', 'dispenser', 'sabunya', 'longar', 'baik', 'tamu', 'check', 'masuk'];Positif
['pengalaman', 'menginap', 'senang', 'aveta', 'hotel', 'hotel', 'padan', 'harga', 'poin', 'poin', 'penting', 'lokasi', 'pusat', 'menit', 'jalan', 'kaki', 'jalan', 'utama', 'sibuk', 'belanja', 'pasar', 'layan', 'penuh', 'perhati', 'karyawan', 'hotel', 'khusus', 'meja', 'sambut', 'tamu', 'perhati', 'tanggung', 'senang', 'menginap', 'sarapan', 'enak'];Positif
['kamar', 'bersih', 'tempat', 'tidur', 'bersih', 'kamar', 'mandi', 'bersih', 'air', 'panas', 'lancar', 'jalan', 'masuk', 'hotel', 'sempit', 'mobil', 'ganti', 'parkir', 'luas', 'pilih', 'sarapan', 'banyak', 'jenis', 'karyawan', 'lantai', 'check', 'masuk', 'lift', 'lantai', 'layan', 'ramah', 'inti', 'tidak', 'kecewa'];Positif
['hotel', 'nyaman', 'bersih', 'segi', 'layan', 'segi', 'lengkap', 'kamar', 'banyak', 'kurang', 'handuk', 'keset', 'sedia', 'alat', 'pakai', 'tidak', 'disi', 'ulang', 'komplain', 'minta', 'sambut', 'tamu', 'cepat', 'tangap', 'langsung', 'menyediakanya', 'terima', 'kasih', 'nyaman', 'hotel', 'lokasi', 'mudah', 'temu'];Positif
['hotel', 'malioboro', 'kafe', 'lantai', 'kamar', 'bersih', 'ruang', 'keluarga', 'luas', 'meja', 'kursi', 'makan', 'kamar', 'ruang', 'tidak', 'kedap', 'suara', 'sarapan', 'lezat', 'makan', 'ramah', 'anak', 'anak', 'wafle', 'aroma', 'manis', 'puding'];Positif
['lokasi', 'bagus', 'pusat', 'ramai', 'yogyakarta', 'kamar', 'bersih', 'fasilitas', 'layan', 'bagus', 'karyawan', 'ramah', 'karyawan', 'karyawan'];Positif
['tempat', 'nyaman', 'jalan', 'malioboro', 'makan', 'enak', 'kamar', 'luas', 'bersih', 'karyawan', 'ramah', 'terima', 'kasih', 'aveta'];Positif
['lokasi', 'prima', 'hotel', 'langsung', 'malioboro', 'kamar', 'luas', 'wangi', 'bersih', 'layan', 'setuju', 'banget', 'hotel', 'bintang', 'suasana', 'bintang', 'pilih', 'menginap', 'malioboro'];Positif
['tempat', 'parkir', 'batas', 'akses', 'parkir', 'lorong', 'mpit', 'sempit', 'jam', 'pagi', 'jalan', 'malioboro', 'tutup', 'otomatis', 'tidak', 'masuk', 'ruang', 'tunggu', 'lantai'];Positif
['rekomendasi', 'menginap', 'yogyakarta', 'dekat', 'stasiun', 'kereta', 'dekat', 'pusat', 'perbelanjan', 'suka', 'belanja', 'batik', 'kawasan', 'kamar', 'bagus', 'lorong', 'kamar', 'wangi', 'suasana', 'senang', 'karyawan', 'ramah', 'sarapan', 'banyak', 'jenis', 'sayur', 'nilai', 'nila', 'belah', 'hotel', 'malioboro', 'pusat', 'belanja', 'milik', 'restoran', 'sayur', 'fod', 'lapang', 'lantai', 'sayur', 'pesan', 'hotel'];Positif
['libur', 'indonesia', 'bagus', 'minum', 'kopi', 'angur', 'bir', 'tempat', 'bagus', 'karyawan', 'bicara', 'manis', 'manis', 'menginap', 'hotel', 'hati', 'hati'];Positif
['alhamdulilah', 'temu', 'hotel', 'kamar', 'balkon', 'jalan', 'malioboro', 'suasana', 'ramai', 'hilang', 'arif', 'lokal', 'rindu', 'kesini', 'hibur', 'jalan', 'jalan', 'nikmat', 'suasana', 'ambil', 'foto', 'foto', 'asik', 'keliling', 'beli', 'becak', 'motor', 'gerobak', 'hotel', 'menu', 'makan', 'banyak', 'jenis', 'lezat', 'lahan', 'parkir', 'kurang', 'pada', 'kesan', 'semoga', 'kesini'];Positif
['lokasi', 'hotel', 'mudah', 'temu', 'jalan', 'malioboro', 'fasilitas', 'animal', 'lengkap', 'kamar', 'luas', 'bersih', 'sarapan', 'pagi', 'menu', 'banyak', 'lezat', 'kolam', 'renang', 'ramah', 'anak', 'film', 'pilih', 'hibur', 'anak', 'anak', 'camil', 'ngin', 'gratis', 'lengkap', 'cofe', 'panas', 'bagus', 'rekomendasi'];Positif
['lokasi', 'meter', 'stasiun', 'kereta', 'dekat', 'suka', 'explore', 'daerah', 'masuk', 'hotel', 'coffe', 'ketemu', 'ruang', 'tunggu', 'lantai', 'belah', 'hotel', 'pilih', 'makan', 'malam', 'jalan', 'jalan', 'malioboro', 'nikmat', 'amen', 'lokal', 'hotel', 'milik', 'kolam', 'renang', 'lantai', 'kenyamananya', 'lezat', 'banget', 'bar', 'disi', 'ulang', 'menginap', 'hari', 'sarapan', 'lezat', 'banyak', 'pilih', 'lengkap', 'turut', 'nasi', 'jenis', 'soto', 'buryam', 'semur', 'rujak', 'gudeg', 'manis', 'orang', 'non', 'jawa', 'variasi', 'menu', 'beda', 'beda', 'gantung', 'hari', 'pop', 'corn', 'wafle', 'pukis', 'iya', 'obat', 'herbal', 'nasi', 'kencur', 'kunyit', 'asam', 'lezat'];Positif
['fasilitas', 'kopi', 'instan', 'balkon', 'santa', 'minum', 'kopi', 'hotel', 'tidak', 'rokok', 'sayang', 'kamar', 'mandi', 'pancur', 'lantai', 'susah', 'cuci', 'kaki', 'hati', 'hati', 'tidak', 'basah', 'badan', 'mandi', 'guna', 'pancur', 'cup', 'tidak', 'rambut', 'basah', 'fasilitas', 'ering', 'rambut', 'tidak', 'sedia', 'kecuali', 'pinjam', 'hotel'];Positif
['menginap', 'kamar', 'deluxe', 'pintu', 'hubung', 'nyaman', 'makan', 'lezat', 'karyawan', 'ramah', 'lokasi', 'mudah', 'temu', 'menginap', 'yogyakarta'];Positif
['hotel', 'bagus', 'bersih', 'karyawan', 'ramah', 'hati', 'terima', 'kasih', 'karyawan', 'bantu', 'menginap'];Positif
['karyawan', 'ramah', 'proses', 'check', 'masuk', 'check', 'cepat', 'lokasi', 'mudah', 'temu', 'hotel', 'langsung', 'jalan', 'malioboro', 'belah', 'hotel', 'malioboro', 'pusat', 'belanja', 'kamar', 'luas', 'balkon', 'santa', 'siang', 'sarapan', 'lumayan', 'banyak'];Positif
['bagus', 'dekat', 'jalan', 'raya', 'malioboro', 'dekat', 'museum', 'balkon', 'murah', 'jutan', 'pandang', 'malioboro', 'akses', 'cari', 'jajan', 'setuju', 'wangi', 'pesan', 'tingal', 'pesan', 'kamar', 'jam', 'sore', 'telepon', 'hotel'];Positif
['hotel', 'bagus', 'karyawan', 'lokasi', 'pusat', 'malioboro', 'tempat', 'bagus', 'menginap', 'akses', 'banyak', 'toko', 'fasilitas', 'transportasi', 'kolam', 'renang', 'atap', 'istirahat', 'minum', 'sore', 'butuh', 'milik', 'dekat', 'kamar', 'tingal', 'nilai', 'bintang', 'bukan'];Positif
['lokasi', 'mudah', 'temu', 'bahan', 'malioboro', 'pusat', 'belanja', 'pusat', 'kota', 'yogyakarta', 'parkir', 'dekat', 'hotel', 'coffe', 'mana', 'ngopi', 'nikmat', 'camil', 'temu', 'teman', 'kolega', 'keluarga', 'yogyakarta', 'nikmat', 'suasana', 'jalan', 'malioboro', 'check', 'masuk', 'hotel', 'karyawan', 'ramah', 'waspada', 'kamar', 'hotel', 'luas', 'sesuai', 'pesan', 'fasilitas', 'lengkap', 'fungsi', 'ruang', 'tunggu', 'letak', 'lantai', 'restoran', 'kolam', 'renang', 'outdor', 'renang', 'olahraga', 'ringan', 'regang', 'yoga', 'jemur', 'sinar', 'matahari', 'pagi', 'sarapan', 'jam', 'pagi', 'menu', 'sedia', 'sunguh', 'lezat', 'banyak', 'jenis', 'tidak', 'menginap', 'malam', 'aveta', 'hotel', 'milik', 'meter', 'film', 'ruang', 'temu', 'acara', 'raya', 'rapat', 'usah', 'nikah', 'pesta', 'ulang', 'banyak', 'santa', 'libur', 'ayan', 'jalan', 'bisnis', 'teman', 'keluarga', 'pasang', 'kalang', 'rekomendasi', 'banget', 'menginap', 'selamat', 'aveta', 'hotel', 'malioboro'];Positif
['libur', 'kawasan', 'malioboro', 'aveta', 'mudah', 'temu', 'indomaret', 'kafe', 'belah', 'pijat', 'refleksi', 'belah', 'pusat', 'belanja', 'malioboro', 'kasur', 'lembut', 'nyaman', 'toilet', 'bersih', 'toilet', 'bagus', 'menu', 'makan', 'lezat', 'banget', 'saran', 'mesan', 'tidak', 'tarif', 'pekan', 'mahal'];Positif
['lokasi', 'jalan', 'malioboro', 'bahan', 'malioboro', 'pusat', 'belanja', 'unik', 'hadap', 'jalan', 'malioboro', 'cafenya', 'bukan', 'ruang', 'tunggu', 'utama', 'hotel', 'mobil', 'hotel', 'masuk', 'lorong', 'mpit', 'meter', 'ruang', 'tunggu', 'hotel', 'bukan', 'lantai', 'dasar', 'lantai', 'hotel', 'indah', 'layan', 'setuju', 'ramah', 'kamar', 'bersih', 'rapi', 'lift', 'guna', 'akses', 'tingkat', 'gratis'];Positif
['hotel', 'jam', 'pagi', 'meningalkan', 'tas', 'tempat', 'sambut', 'tamu', 'boleh', 'check', 'masuk', 'jam', 'sore', 'kirim', 'pesan', 'whatsap', 'kamar', 'kirim', 'pesan', 'teks', 'jam', 'malam', 'pusat', 'belanja', 'makan', 'siang', 'ambil', 'lengkap', 'mandi', 'kamar', 'tempat', 'luas', 'hubung', 'kartu', 'akses', 'acnya', 'bagus', 'pilih', 'tvnya', 'banyak', 'ketel', 'pasang', 'sandal', 'kamar', 'minibarnya', 'tidak', 'dingin', 'toilet', 'milik', 'seprot', 'air', 'pancur', 'hujan', 'tekan', 'air', 'suhu', 'sesuai', 'sedia', 'setrika', 'papan', 'setrika', 'kolam', 'renang', 'sambut', 'tamu', 'lantai', 'lorong', 'mpit', 'tempat', 'parkir', 'mobil', 'hotel', 'sempit', 'sehinga', 'seringkali', 'grab', 'dekat', 'toko', 'indomaret', 'dekat', 'jalan', 'utama', 'mudah', 'belanja', 'pusat', 'belanja', 'belah', 'hotel', 'informasi', 'jalan', 'utama', 'jalan', 'malioboro', 'tutup', 'jam', 'kendara', 'kuda', 'becak', 'pejal', 'kaki', 'hotel', 'jarak', 'menit', 'stasiun', 'kereta', 'yogyakarta', 'jalan', 'stasiun', 'kasar', 'sulit', 'barang', 'bawan', 'berat', 'toko', 'jalan', 'malioboro', 'tidak', 'masalah', 'jalan', 'bawa', 'barang', 'bawan'];Positif
['hotel', 'mudah', 'temu', 'dekat', 'malioboro', 'keluh', 'pelang', 'cepat', 'tangap', 'selesai', 'ukur', 'kamar', 'meter', 'keluarga', 'layan', 'kamar', 'karyawan', 'ramah', 'sopan', 'terap', 'kontrol', 'akses', 'aman'];Positif
['lokasi', 'zero', 'malioboro', 'bagus', 'makan', 'sarapan', 'setuju', 'ruang', 'kamar', 'premiere', 'bocor', 'sedih', 'kamar', 'keluarga', 'suite', 'luas', 'proses', 'check', 'masuk', 'buruk', 'jam', 'kamar', 'standar', 'operasional', 'kerja', 'buntut', 'lezat', 'jaring', 'internet', 'lambat', 'gratis', 'gratis', 'kapsul', 'nescafe', 'dolce', 'fasilitas', 'lengkap'];Positif
['keungulan', 'hotel', 'lokasi', 'mudah', 'temu', 'jalan', 'malioboro', 'samping', 'malioboro', 'pusat', 'belanja', 'akses', 'pusat', 'ramai', 'capai', 'jalan', 'kaki', 'karyawan', 'lantai', 'kolam', 'renang', 'roftop', 'restoran', 'sarapan', 'layan', 'cepat', 'minum', 'selamat', 'sedia', 'tamu', 'tungu', 'proses', 'check', 'masuk', 'ukur', 'ruang', 'luas', 'tata', 'ruang', 'efisien', 'besi', 'kulkas', 'ngin', 'sisi', 'positif', 'makan', 'ringan', 'gratis', 'minum', 'warna', 'gratis', 'tarik', 'dekorasi', 'ruang', 'kursi', 'anyam', 'rotan', 'kursi', 'santai', 'warna', 'merah', 'catat', 'tambah', 'cek', 'kala', 'rapuh', 'dinding', 'kamar', 'mandi', 'indah'];Positif
['malam', 'temu', 'karyawan', 'buka', 'puasa', 'teman', 'kantor', 'temu', 'karyawan', 'nyaman', 'layan', 'karyawan', 'aveta', 'hotel', 'malioboro', 'ramah', 'bantu', 'karyawan', 'ciri', 'ciri', 'buat', 'senyum'];Positif
['hotel', 'milik', 'banyak', 'poin', 'nila', 'potensi', 'baik', 'poin', 'positif', 'kamar', 'luas', 'cerah', 'tenang', 'bersih', 'kamar', 'lengkap', 'barang', 'ketel', 'ering', 'rambut', 'besi', 'lemari', 'es', 'akses', 'internet', 'tidak', 'hotel', 'jaring', 'internet', 'kuat', 'tempat', 'tidur', 'ganda', 'besar', 'nyaman', 'rumah', 'dingin', 'ruang', 'fungsi', 'lengkap', 'menu', 'mudah', 'paham', 'lemah', 'ruang', 'pasti', 'drainase', 'kamar', 'mandi', 'air', 'tumpuk', 'permanen', 'hati', 'hati', 'air', 'tidak', 'tumpah', 'kamar', 'mandi', 'tempat', 'sarapan', 'lantai', 'interior', 'dekorasi', 'indah', 'barang', 'barang', 'asli', 'makan', 'restoranya', 'lezat', 'siap', 'murah', 'hati', 'karyawan', 'bantu', 'senyum', 'ramah', 'guna', 'layan', 'cuci', 'pakain', 'senang', 'layan', 'cuci', 'pakain', 'bagus', 'tempat', 'kolam', 'renang', 'puncak', 'gedung', 'bagus', 'tidak', 'mengunakanya', 'jajah', 'kota', 'pergi', 'yogyakarta', 'keluarga', 'tempat', 'salah', 'lokasi', 'baik', 'letak', 'jalan', 'malioboro', 'mana', 'banyak', 'orang', 'nikmat', 'kota', 'malam', 'jarak', 'stasiun', 'kereta', 'dekat', 'belah', 'pusat', 'perbelanjan', 'banyak', 'restoran', 'gerai', 'makan', 'cepat', 'saji', 'ngin', 'musik', 'langsung', 'rekomendasi', 'hotel', 'terima', 'kasih', 'karyawan', 'hotel', 'jadi', 'libur', 'pengalaman'];Positif
['lokasi', 'dekat', 'malioboro', 'bagus', 'makan', 'sarapan', 'setuju', 'ruang', 'kamar', 'premiere', 'bocor', 'sedih', 'kamar', 'keluarga', 'suite', 'luas', 'proses', 'check', 'masuk', 'buruk', 'jam', 'kamar', 'standar', 'operasional', 'kerja', 'buntut', 'lezat', 'jaring', 'internet', 'lambat', 'gratis', 'gratis', 'kapsul', 'nescafe', 'dolce', 'fasilitas', 'lengkap'];Positif
['pengalaman', 'bagus', 'karyawan', 'bantu', 'kamar', 'quadruple', 'kamar', 'besar', 'ruang', 'bersih', 'rapi', 'tingkat', 'sarapan', 'sarapan', 'dingin', 'tingkat'];Positif
['hotel', 'kualitas', 'tingi', 'kamar', 'tidur', 'luas', 'tempat', 'tidur', 'aman', 'tidur', 'kamar', 'mandi', 'bagus', 'awat', 'hotel', 'rekomendasi', 'orang', 'pergi', 'kota', 'jalan', 'jalan', 'layan', 'bagus'];Positif
['kelebihanya', 'lokasi', 'jalan', 'malioboro', 'sisa', 'tidak', 'sepadan'];Negatif
['kamar', 'hotel', 'setuju', 'bersih', 'selimut', 'bau', 'apek', 'rapi', 'bersih', 'kasur', 'lezat', 'banding', 'tidur', 'lantai', 'dingin', 'ruang', 'dingin', 'toilet', 'setuju', 'bersih', 'banyak', 'noda', 'kotor', 'mana', 'moderen', 'sabun', 'shampo', 'bagus', 'menu', 'sarapan', 'lezat', 'banyak', 'pilih', 'layan', 'karyawan', 'kaku', 'tidak', 'ramah', 'robot', 'ngomong', 'pakai', 'masker', 'pelan', 'pelan', 'tidak', 'paham', 'bicara', 'kumur', 'layan', 'kerja', 'buruk', 'sikap', 'tarif', 'harga', 'mahal', 'pekan', 'anak', 'anak', 'libur', 'sekolah', 'hotel', 'layak', 'penghargan', 'hotel', 'layan', 'buruk', 'buruk', 'layan'];Positif
['lokasi', 'hotel', 'mudah', 'temu', 'makan', 'banyak', 'layan', 'ramah', 'terima', 'kasih', 'banyak', 'bantu'];Positif
['kamar', 'bersih', 'tempat', 'tidur', 'bersih', 'kamar', 'mandi', 'bersih', 'air', 'panas', 'lancar', 'jalan', 'masuk', 'hotel', 'sempit', 'mobil', 'ganti', 'parkir', 'luas', 'pilih', 'sarapan', 'banyak', 'jenis', 'karyawan', 'lantai', 'check', 'masuk', 'lift', 'lantai', 'layan', 'ramah'];Positif
['unjung', 'teman', 'menginap', 'hotel', 'hotel', 'bagus', 'tidak', 'usaha', 'ruang', 'tunggu', 'ruang', 'kumpul', 'tidak', 'berisik', 'nyanyi'];Positif
['letak', 'jalan', 'malioboro', 'mudah', 'hotel', 'pasar', 'pusat', 'perbelanjan', 'kamar', 'bersih', 'tempat', 'tidur', 'nyaman', 'layan', 'cuci', 'pakain', 'bagus', 'biaya', 'masuk', 'akal', 'rekomendasi', 'menginap', 'satu', 'kendala', 'jalan', 'malioboro', 'tutup', 'kendaran', 'jam', 'hinga', 'sehinga', 'makan', 'waktu', 'hotel', 'waktu', 'rekomendasi', 'menginap', 'wisata', 'yogyakarta'];Positif
['lokasi', 'malioboro', 'hotel', 'pandang', 'khas', 'malioboro', 'saji', 'layan', 'ramah'];Positif
['mantap', 'banget', 'menginap', 'ruang', 'keluarga', 'kamar', 'bagus', 'luas', 'sarapan', 'banyak', 'jenis', 'hotel', 'bintang', 'bintang', 'kolam', 'renang', 'bagus', 'tempat', 'parkir', 'sulit', 'masuk', 'lorong', 'mpit', 'lobi', 'sempit', 'ramai', 'susah', 'pikir', 'minum', 'selamat', 'datang', 'kopi', 'kafe', 'wedang', 'uwuhnya', 'dingin'];Positif
['hotel', 'lucu', 'karyawan', 'lantai', 'kolam', 'renang', 'roftop', 'pandang', 'indah', 'fasilitas', 'kopi', 'instan', 'balkon', 'santa', 'minum', 'kopi', 'tidak', 'hotel', 'rokok', 'pilih', 'menu', 'sarapan', 'kafe', 'view', 'langsung', 'malioboro', 'rekomendasi'];Positif
['ambil', 'kamar', 'superior', 'harga', 'ribu', 'malam', 'panjang', 'kamar', 'proses', 'check', 'inya', 'tegang', 'bilang', 'nama', 'suami', 'tidak', 'data', 'karyawan', 'kunci', 'pakai', 'uang', 'jamin', 'pergi', 'kamar', 'taruh', 'koper', 'karyawan', 'minta', 'kunci', 'tambah', 'minta', 'uang', 'jamin', 'konfirmasi', 'uang', 'jamin', 'karyawan', 'inisial', 'kunci', 'tiga', 'kunci', 'tidak', 'uang', 'jamin', 'tidak', 'sampa', 'kamar', 'hubung', 'karyawan', 'minta', 'bersih', 'kamar', 'mau', 'telepon', 'sore', 'sebentar', 'kejut', 'kamar', 'bersih', 'senang', 'karyawan', 'housekeping', 'hotel', 'selinap', 'kamar', 'orang', 'suka', 'hati', 'tidak', 'pasang', 'ruang', 'rias', 'temu', 'manajer', 'karyawan', 'kompensasi', 'bayang', 'panjang', 'uang', 'masuk', 'tidak', 'tarik', 'sore', 'kejut', 'istimewa', 'tingkat', 'bersih', 'hotel', 'aveta', 'sunguh', 'bukan', 'semoga', 'kait', 'temu', 'jalan', 'tidak', 'sesat'];Negatif
['terima', 'kasih', 'layan', 'layan', 'aveta', 'hotel', 'malioboro', 'puas', 'lokasi', 'mudah', 'temu', 'dekat', 'mana', 'belanja', 'kawasan', 'malioboro', 'tingal', 'jalan', 'kaki', 'karyawan', 'ramah', 'cepat', 'tanggap', 'layan', 'masalah', 'kamar', 'semoga', 'kesini'];Positif
['kamar', 'bersih', 'tempat', 'tidur', 'bersih', 'kamar', 'mandi', 'bersih', 'air', 'panas', 'lancar', 'jalan', 'masuk', 'hotel', 'sempit', 'mobil', 'ganti', 'parkir', 'luas', 'pilih', 'sarapan', 'banyak', 'jenis'];Positif
['kesan', 'wangi', 'ganti', 'kamar', 'wangi', 'beda', 'beda', 'betah', 'tempat', 'mudah', 'temu', 'belah', 'malioboro', 'pusat', 'belanja', 'kolam', 'renang', 'estetis', 'malam', 'saran'];Positif
['lokasi', 'mudah', 'temu', 'hotel', 'bersih', 'nyaman', 'fasilitas', 'lengkap', 'fungsi', 'restoran', 'kolam', 'renang', 'kamar', 'bersih', 'nyaman', 'air', 'panas', 'fungsi', 'normal', 'karyawan', 'ramah'];Positif
['housekeeping', 'tingkat', 'kasur', 'tambah', 'fasilitas', 'balkon', 'jadi', 'ruang', 'rokok', 'tidak', 'kamar', 'turun', 'rokok'];Positif
['lokasi', 'mudah', 'temu', 'jalan', 'malioboro', 'lengkap', 'fasilitas', 'kolam', 'renang', 'lepas', 'penat', 'jalan', 'lelah', 'bangun', 'bagus', 'cocok', 'tempat', 'menginap', 'keluarga', 'anak', 'layan', 'ramah', 'banget', 'sarapan', 'lezat'];Positif
['hotel', 'mudah', 'temu', 'layan', 'ramah', 'makan', 'lezat', 'karyawan', 'cantik', 'ganteng', 'rekomendasi', 'banget'];Positif
['layan', 'check', 'masuk', 'check', 'masuk', 'jam', 'masuk', 'kamar', 'tungu', 'jam', 'kolam', 'renang', 'nyaman', 'suka', 'anak', 'anak', 'bahan', 'fod', 'ruang', 'tunggu', 'kursi', 'tenda', 'rokok', 'sampah', 'makan', 'minum', 'puntung', 'rokok', 'tidak', 'bersih', 'sehinga', 'kotor', 'tidak', 'keluh', 'kamar', 'bersih', 'rapi', 'iya', 'shower', 'bocor', 'pakai', 'mandi', 'air', 'ciprat', 'mana', 'kamar', 'mandi'];Positif
['hotel', 'tawar', 'kamar', 'bersih', 'nyaman', 'lengkap', 'fasilitas', 'moderen', 'televisi', 'layar', 'datar', 'dingin', 'ruang', 'kamar', 'mandi', 'pribadi', 'pancur', 'hotel', 'sedia', 'fasilitas', 'restoran', 'ngin', 'kolam', 'renang', 'pusat', 'bugar', 'penuh', 'butuh', 'tamu', 'karyawan', 'hotel', 'ramah', 'profesional', 'bantu', 'butuh', 'tamu', 'menginap', 'hotel'];Positif
['kali', 'coba', 'menginap', 'malam', 'tempat', 'tepat', 'jalan', 'malioboro', 'bawa', 'kendaran', 'parkir', 'lorong', 'mpit', 'hati', 'hati', 'lobynya', 'lantai', 'tidak', 'besar', 'nungu', 'lantai', 'restonya', 'layan', 'ramah', 'harga', 'mahal', 'kamar', 'belah', 'tidak', 'sarapan', 'kamar', 'tambah', 'kamar', 'milik', 'balkon', 'sehinga', 'intip', 'malioboro', 'ramai', 'balkon', 'kamar', 'fasilitas', 'standar', 'hotel', 'bintang', 'kolam', 'renang', 'roftop', 'harga', 'makan', 'relatif', 'murah', 'banding', 'lezat', 'kamar', 'nyaman', 'kurang', 'bersih', 'kasur', 'kamar', 'mandi', 'tingkat', 'skor', 'kali', 'coba', 'keluarga', 'ramai', 'biar', 'balkon', 'langsung', 'hadap', 'malioboro'];Positif
['bagus', 'bagus', 'lokasi', 'makan', 'layan', 'bantu', 'karyawan', 'ramah', 'rekomendasi', 'hotel', 'orang', 'menginap', 'pendek', 'rekomendasi', 'menginap', 'terima', 'kasih', 'banyak', 'aveta', 'salam', 'hangat', 'malaysia'];Positif
['letak', 'jalan', 'malioboro', 'jalan', 'sibuk', 'yogyakarta', 'mudah', 'jalan', 'jalan', 'jalan', 'maliboro', 'pakai', 'gratis', 'cuci', 'keranjang', 'buah', 'gratis', 'makan', 'ringan', 'menginap', 'malam'];Positif
['hotel', 'beside', 'jalan', 'malioboro', 'kasih', 'can', 'walk', 'directly', 'jalan', 'malioboro'];Positif
['saran', 'kamar', 'mandi', 'sedia', 'gantung', 'baju', 'handuk', 'mudah', 'simpan', 'pakai', 'handuk', 'kamar', 'mandi', 'fasilitas', 'layan', 'bagus', 'banget'];Positif
['kamar', 'setuju', 'luas', 'lokasi', 'mudah', 'temu', 'sarapan', 'kurang', 'varia', 'banyak', 'pinjam', 'setrika', 'gratis', 'lembah', 'penuh', 'layan'];Positif
['letak', 'hotel', 'mudah', 'temu', 'layan', 'bagus', 'kamar', 'bersih', 'senang', 'tingal', 'keluarga', 'terima', 'kasih'];Positif
['tempat', 'nyaman', 'mudah', 'temu', 'dekat', 'jalan', 'raya', 'fasilitas', 'kolam', 'renang', 'air', 'panas', 'lancar', 'kali', 'menginap', 'tahan', 'aveta', 'hotel', 'layan', 'nyaman', 'pelang', 'nomor'];Positif
['letak', 'pusat', 'kota', 'yogyakarta', 'belah', 'selatan', 'pusat', 'belanja', 'malioboro', 'hotel', 'unik', 'murah', 'orang', 'kali', 'letak', 'karyawan', 'masyarakat', 'bantu', 'minta', 'tolong', 'respon', 'cepat', 'kamar', 'luas', 'pilih', 'tonton', 'televisi', 'potong', 'buah', 'kue', 'gratis', 'masuk', 'makan', 'ringan', 'minum', 'ringan', 'gratis', 'sedia', 'kamar', 'disi', 'ulang', 'habis'];Positif
['salah', 'hotel', 'bintang', 'layan', 'kelas', 'bintang', 'karyawan', 'ramah', 'terampil', 'bersih', 'jaga', 'menu', 'sarapan', 'banyak', 'lezat', 'hotel', 'cocok', 'jadi', 'rekomendasi', 'menginap', 'tempat', 'baik', 'jalan', 'malioboro', 'lokasi', 'mudah', 'temu', 'dekat', 'pasar', 'bringharjo', 'dekat', 'teras', 'malioboro', 'jaga', 'tingkat', 'kualitas', 'layan', 'hotel', 'aveta'];Positif
['temu', 'karyawan', 'nyaman', 'layan', 'karyawan', 'aveta', 'hotel', 'malioboro', 'ramah', 'sopan', 'bantu', 'karyawan', 'layan', 'aveta', 'hotel', 'malioboro', 'terima', 'kasih', 'karyawan', 'jumpa', 'libur'];Positif
['pengalaman', 'menginap', 'hotel', 'aveta', 'sarapan', 'banyak', 'jenis', 'lezat', 'kamar', 'tidak', 'pandang', 'minta', 'tidak'];Positif
['hotel', 'megah', 'kamar', 'bersih', 'gaya', 'moderen', 'puas', 'lokasi', 'bagus', 'banyak', 'toko', 'hemat', 'banyak', 'jajan', 'pinggir', 'jalan'];Positif
['letak', 'hotel', 'mudah', 'temu', 'tidak', 'bingung', 'mana', 'mana', 'akses', 'mudah', 'kamar', 'bersih', 'wangi', 'nyaman', 'istirahat', 'makan', 'hotel', 'lezat', 'kangen', 'makan', 'mantap', 'aveta', 'hotel'];Positif
['harga', 'gini', 'kurang', 'banget', 'satpam', 'kurang', 'cepat', 'tamu', 'masuk', 'karyawan', 'lantai', 'welcome', 'drinknya', 'lantai', 'sayang', 'bolak', 'agama', 'islam', 'kamar', 'tidak', 'nungu', 'lantai', 'kunci', 'antar', 'lantai', 'semoga'];Negatif
['lumayan', 'banget', 'hotel', 'bintang', 'kamar', 'balkon', 'makan', 'setuju', 'lokasi', 'mudah', 'temu', 'malam', 'sulit', 'akses', 'guna', 'mobil', 'motor', 'jalan', 'malioboro', 'tutup', 'motor', 'mobil', 'tidak'];Positif
['hotel', 'bintang', 'asa', 'bintang', 'senang', 'layan', 'ramah', 'cepat', 'bersih', 'kamar', 'menu', 'makan', 'lezat', 'banyak', 'jenis', 'lokasi', 'mudah', 'temu', 'jalan', 'malioboro', 'bahan', 'pusat', 'belanja', 'tempat', 'wisata', 'rekomendasi', 'menginap', 'aveta'];Positif
['lokasi', 'mudah', 'temu', 'karyawan', 'ramah', 'bantu', 'menginap', 'malam', 'executive', 'keluarga', 'kamar', 'lantai', 'kamar', 'nyaman', 'tergangu', 'banget', 'suara', 'mesin', 'nama', 'nama', 'bunyi', 'bunyi', 'bip', 'dengung', 'terus', 'siang', 'malam', 'kamar', 'ujung', 'malam', 'mengangu', 'banget', 'suara', 'malam', 'dengar', 'keras'];Positif
['karyawan', 'lantai', 'pintu', 'masuk', 'pintu', 'kafe', 'pintu', 'lorong', 'mpit', 'samping', 'parkir', 'mobil', 'motor', 'lorong', 'mpit', 'sisi', 'selatan', 'hotel', 'sepeda', 'motor', 'jatuh', 'mobil', 'sejajar', 'ruang', 'tunggu', 'samping', 'hotel', 'banyak', 'jual', 'makan', 'dekat', 'toko', 'indomaret', 'alfamart', 'dekat', 'apotek'];Positif
['hotel', 'letak', 'jalan', 'malioboro', 'lokasi', 'mudah', 'temu', 'kamar', 'bagus', 'bersih', 'setuju', 'parkir', 'mobil', 'susah', 'tempat', 'parkir', 'sempit', 'pesan', 'kamar', 'executive', 'malam', 'tidak', 'sedia', 'handuk', 'besar', 'handuk', 'muka', 'tidak', 'handuk', 'muka', 'makan', 'restoran', 'setuju'];Negatif
['lihat', 'lokasi', 'mudah', 'temu', 'bahan', 'malioboro', 'pusat', 'belanja', 'pusat', 'kota', 'yogyakarta', 'parkir', 'dekat', 'hotel', 'fasilitas', 'lengkap', 'fungsi', 'restoran', 'kolam', 'renang', 'kamar', 'bersih', 'nyaman', 'air', 'panas', 'fungsi', 'normal'];Positif
['habis', 'hotel', 'rapat', 'usah', 'mei', 'ruang', 'tua', 'standar', 'tidak', 'luas', 'jajananya', 'makan', 'makan', 'siang', 'makan', 'malam', 'lezat', 'banyak', 'variasi', 'anak', 'anak', 'suka', 'kolam', 'renang'];Positif
['kamar', 'setuju', 'nyaman', 'luas', 'kolam', 'renang', 'setuju', 'layan', 'ramah', 'nyaman', 'reservasi', 'rapat', 'dekat', 'pusat', 'belanja', 'jala', 'sempit', 'tidak', 'mobil'];Positif
['unggul', 'lokasi', 'hotel', 'layan', 'standar', 'kamar', 'balkon', 'kunci', 'niat', 'pilih', 'menginap', 'lihat', 'malioboro', 'tidak', 'kamar', 'hubung', 'sambut', 'tamu', 'tidak', 'solusi', 'sharing', 'tidak', 'buka', 'besok', 'tidak', 'diisi', 'kaget', 'banget', 'toilet', 'toilet', 'anak', 'susah', 'tidak', 'keran', 'pancur', 'langsung', 'harga', 'mahal', 'banyak', 'bintang', 'sekitar', 'layak'];Negatif
['hotel', 'bagus', 'lokasi', 'mudah', 'temu', 'kamar', 'setuju', 'toilet', 'tidak', 'pancur', 'seprot', 'air', 'toilet', 'mohon', 'pasang', 'keran', 'kamar', 'mandi', 'mudah', 'berwudhu', 'terima', 'kasih'];Negatif
['kamar', 'bersih', 'luas', 'jenis', 'keluarga', 'quadriple', 'lokasi', 'samping', 'pusat', 'belanja', 'pinggir', 'jalan', 'malioboro', 'sarapan', 'lengkap', 'terima', 'kasih'];Positif
['lokasi', 'bagus', 'pusat', 'malioboro', 'banyak', 'toko', 'makan', 'tempat', 'sedia', 'handuk', 'handuk', 'muka', 'sarapan', 'banyak', 'jenis', 'tidak', 'lezat'];Positif
['tempat', 'bersih', 'nyaman', 'fasilitas', 'lokasi', 'hotel', 'mudah', 'temu', 'pusat', 'malioboro'];Positif
['kamar', 'bersih', 'rapi', 'lokasi', 'mudah', 'temu', 'pandang', 'fasilitas', 'padan', 'uang', 'keluar', 'akses', 'mudah', 'masuk', 'hotel', 'sukses', 'aveta', 'hotel', 'malioboro'];Positif
['hotel', 'rekomendasi', 'banget', 'letak', 'jalan', 'malioboro', 'kejut', 'karyawan', 'hotel', 'godie', 'tas', 'kali', 'menginap', 'terima', 'kasih', 'aveta'];Positif
['tambah', 'waktu', 'check', 'jam', 'tamu', 'tungu', 'jemput', 'tamu', 'nyaman', 'bawa', 'anak', 'anak', 'minimal', 'jam', 'maksimal', 'jam', 'tidak', 'jam', 'dinding', 'kamar'];Positif
['karyawan', 'aveta', 'ramah', 'check', 'tidak', 'sadar', 'telepon', 'genggam', 'ana', 'ketingalan', 'kamar', 'hotel', 'sore', 'langsung', 'telepon', 'suruh', 'jemput', 'yogyakarta', 'minta', 'kirim', 'paket', 'langsung', 'kirim', 'sok', 'hari', 'telepon', 'genggam', 'surabaya', 'libur', 'yogyakarta', 'lokasi', 'hotel', 'mudah', 'temu', 'belah', 'malioboro', 'pusat', 'belanja', 'sukses', 'aveta', 'bintang', 'kasih'];Positif
['kisar', 'harga', 'salah', 'hotel', 'nyaman', 'kunjung', 'kamar', 'nyaman', 'jacuzinya', 'lucu', 'kolam', 'renang', 'bersih', 'baik', 'kafetaria', 'nyaman', 'milik', 'desain', 'unik'];Positif
['kamar', 'bagus', 'hotel', 'bagus', 'pesan', 'kamar', 'keluarga', 'quadruple', 'ruang', 'besar', 'besar', 'keluarga', 'lokasi', 'persis', 'malioboro', 'tingal', 'jalan', 'kaki', 'dekat', 'banget'];Positif
['hotel', 'bagus', 'tempat', 'mudah', 'temu', 'dekat', 'stasiun', 'tugu', 'jalan', 'kaki', 'stasiun', 'nikmat', 'jajan', 'pinggir', 'jalan', 'malam', 'nikmat', 'makan', 'dekat', 'nikmat', 'suasana', 'malam', 'yogyakarta', 'takut'];Positif
['hotel', 'bahan', 'pusat', 'belanja', 'malioboro', 'cocok', 'tidak', 'pergi', 'kamar', 'setuju', 'air', 'heaternya', 'lancar', 'kurang', 'akses', 'hotel', 'sempit', 'turut', 'lucu', 'resepsi', 'lantai', 'check', 'masuk', 'lift'];Positif
['kali', 'menginap', 'aveta', 'malioboro', 'sambut', 'aman', 'bantu', 'kejut', 'ruang', 'tunggu', 'lantai', 'sambut', 'tamu', 'ramah', 'terima', 'kasih', 'bantu', 'makan', 'lezat', 'banyak', 'kamar', 'gratis'];Positif
['hotel', 'mudah', 'temu', 'pusat', 'kota', 'yogyakarta', 'belah', 'selatan', 'pusat', 'belanja', 'malioboro', 'hotel', 'unik', 'masuk', 'jumpa', 'coffe', 'karyawan', 'letak', 'lantai', 'kolam', 'renang', 'sky', 'ruang', 'tunggu', 'kamar', 'nyaman', 'istirahat', 'layan', 'hotel', 'tidak', 'kecewa'];Positif
['menginap', 'sana', 'layan', 'puas', 'kamar', 'bersih', 'sedia', 'lokasi', 'mudah', 'temu', 'dekat', 'malioboro'];Positif
['pengalaman', 'hebat', 'aveta', 'layan', 'ramah', 'proses', 'check', 'inya', 'cepat', 'kamar', 'bersih', 'tata', 'rapi', 'sayang', 'kemarin', 'balkon', 'kunci', 'sarapan', 'banyak', 'macam', 'lezat', 'tradisional', 'barat', 'menginap'];Positif
['layan', 'baik', 'karyawan', 'bantu', 'ramah', 'aman', 'meja', 'rumah', 'tanga', 'teknik', 'kali', 'pertanyan', 'masalah', 'menyelesaikanya', 'cepat', 'kejut', 'tidak', 'harap', 'pengalaman', 'tamu', 'tingkat', 'tingi', 'lampau', 'batas', 'selamat', 'orang', 'aveta', 'menginap', 'kamar', 'deluxe', 'balkon', 'ruang', 'bersih', 'besar', 'suka', 'dekorasi', 'ruang', 'makan', 'ringan', 'minum', 'ringan', 'gratis', 'langkah', 'sarapan', 'lezat', 'banyak', 'pilih', 'baik', 'lokasi', 'letak', 'pusat', 'malioboro', 'hotel', 'kunjung', 'yogyakarta'];Positif
['tempat', 'bagus', 'mudah', 'temu', 'dekat', 'malioboro', 'kurang', 'suka', 'kamar', 'mandi', 'tidak', 'keran', 'pancur', 'sehinga', 'sulit', 'berwudhu'];Negatif
['hotel', 'mudah', 'temu', 'maliboro', 'langsung', 'ruang', 'tunggu', 'hotel', 'rim', 'ramah', 'bantu', 'layan', 'setuju', 'banget', 'hotel'];Positif
['ramah', 'nilai', 'tingi', 'suka', 'banget', 'kru', 'terima', 'kasih', 'bantu', 'ramah', 'sambut', 'kamar', 'luas', 'orang', 'kamar', 'mandi', 'tidak', 'hm', 'susah', 'wudhu', 'sedia', 'pancur', 'besar', 'kepala', 'basah', 'kuyup', 'sehinga', 'hati', 'hati'];Positif
['pilih', 'hotel', 'letak', 'mudah', 'temu', 'pusat', 'kota', 'yogyakarta', 'hotel', 'fasilitas', 'harga', 'masuk', 'akal', 'layan', 'karyawan', 'ramah', 'cepat', 'tanggap', 'bantu', 'check', 'masuk', 'check', 'pariwisata', 'yogyakarta'];Positif
['hotel', 'aceta', 'mudah', 'temu', 'pusat', 'kota', 'yogyakarta', 'jalan', 'malioboro', 'belah', 'malioboro', 'pusat', 'belanja', 'pagi', 'malam', 'nikmat', 'suasana', 'malioboro', 'kamar', 'pilih', 'kamar', 'balkon', 'harga', 'mahal', 'balkon', 'terima', 'tamu', 'lantai', 'lantai', 'dasar', 'tempat', 'restoran', 'kopi', 'kamar', 'bersih', 'karyawan', 'cepat', 'tanggap', 'cepat', 'tanggap', 'makan', 'pada', 'standar', 'hotel', 'bintang', 'kualitas', 'jaring', 'internet', 'kencang', 'layan', 'tvnya', 'salur', 'nasional', 'tidak', 'banyak', 'banyak', 'tonton', 'sayang', 'lewat', 'suasana', 'malioboro', 'kolam', 'renang', 'sarapan', 'lantai', 'pandang', 'unik', 'jalan', 'malioboro', 'tingi', 'hotel', 'langsung', 'susur', 'jalan', 'malioboro', 'ramai', 'waktu', 'waktu', 'sore', 'jam', 'hinga', 'jam', 'waktu', 'indonesia', 'barat', 'tutup', 'kendaran', 'motor', 'sehinga', 'jalan', 'kaki', 'puas', 'foto', 'nikmat', 'suasana', 'jalan', 'legendaris', 'yogyakarta', 'makan', 'sedia', 'harga', 'murah', 'unik', 'pilih', 'kopi', 'malioboro', 'pusat', 'belanja', 'tambah', 'suasana'];Positif
['terima', 'kasih', 'karyawan', 'karyawan', 'karyawan', 'karyawan', 'informatif', 'fasilitas', 'hotel', 'lengkap', 'nyaman', 'dekat', 'malioboro', 'pusat', 'belanja', 'karyawan', 'securitynya', 'ramah', 'sarapan', 'lezat', 'rekomendasi', 'hotel', 'aventa', 'terima', 'kasih'];Positif
['kali', 'kali', 'yogyakarta', 'menginap', 'hotel', 'aveta', 'kecewa', 'layan', 'parkir', 'hotel', 'bagus', 'mudah', 'temu', 'karyawan', 'ramah', 'makan', 'lezat', 'libur', 'kali', 'kecewa', 'layan', 'parkir', 'kartu', 'parkir', 'plat', 'nomor', 'asli', 'tidak', 'kartu', 'parkir', 'cantum', 'hotel', 'mobil', 'ambil', 'bukan', 'milik', 'mobil', 'orang', 'tidak', 'plat', 'nomor', 'kartu', 'parkir'];Negatif
['kamar', 'bagus', 'bersih', 'lokasi', 'mudah', 'temu', 'sayang', 'layan', 'buruk', 'checkin', 'sop', 'diupdate', 'tidak', 'tungu', 'kamar', 'kompensasi', 'pada'];Positif
['hotel', 'mudah', 'temu', 'malioboro', 'hotel', 'bersih', 'hotel', 'bintang', 'bagus', 'suasana', 'bintang', 'layan', 'sambut', 'tamu', 'nama', 'cepat', 'ramah'];Positif
['menginap', 'tangal', 'mei', 'malam', 'cari', 'sambut', 'tamu', 'lantai', 'ramah', 'kamar', 'luas', 'bersih', 'pandang', 'lorong', 'mpit', 'samping', 'malioboro', 'pusat', 'belanja', 'tempat', 'tidur', 'besar', 'nyaman', 'meja', 'kursi', 'kerja', 'dekat', 'televisi', 'salur', 'lengkap', 'lemari', 'dingin', 'camil', 'minum', 'gratis', 'jaring', 'internet', 'bagus', 'kencang', 'kamar', 'mandi', 'bersih', 'lengkap', 'mandi', 'lengkap', 'menu', 'sarapan', 'banyak', 'pilih', 'lezat', 'ruang', 'luas', 'layan', 'ramah', 'hotel', 'lengkap', 'milik', 'kolam', 'renang', 'tempat', 'parkir', 'aman', 'hotel', 'bahan', 'kawasan', 'perbelanjan', 'malioboro', 'pusat', 'belanja', 'jalan', 'malioboro'];Positif
['lokasi', 'mudah', 'temu', 'mudah', 'jangkau', 'parkir', 'mudah', 'kamar', 'bersih', 'rapi', 'nyaman', 'layan', 'ramah', 'rekomendasi', 'libur', 'keluarga', 'teman'];Positif
['puas', 'menginap', 'pintu', 'masuk', 'letak', 'jalan', 'malioboro', 'masuk', 'fasilitas', 'lengkap', 'karyawan', 'ramah', 'kamar', 'bersih', 'menginap', 'malam', 'menu', 'sarapan', 'banyak', 'ubah', 'tidak', 'bosan', 'lokasi', 'dekat', 'jalan', 'malioboro', 'jalan', 'jalan'];Positif
['hotel', 'golong', 'lokasi', 'mudah', 'temu', 'persis', 'samping', 'pusat', 'belanja', 'malioboro', 'parkir', 'jalan', 'belah', 'hotel', 'parkir', 'batas', 'pakai', 'tugas', 'parkir', 'hotel', 'bersih', 'menu', 'sarapan', 'banyak', 'jenis', 'harga', 'mahal', 'pekan'];Positif
['keluarga', 'menginap', 'aveta', 'minimal', 'bukan', 'makan', 'pagi', 'mie', 'aceh', 'kurang', 'lezat', 'banget'];Negatif
['kurang', 'hotel', 'parkir', 'mobil', 'lebih', 'setuju', 'banget', 'hotel', 'mudah', 'temu', 'persis', 'samping', 'yogyakarta', 'pusat', 'belanja', 'malioboro', 'kamar', 'pes', 'tampung', 'orang', 'sarapan', 'lezat', 'rekomendasi'];Positif
['hotel', 'bagus', 'acara', 'maluoboro', 'kendaran', 'tidak', 'masuk', 'jalan', 'hotel', 'tutup'];Positif
['kamar', 'bersih', 'akses', 'mana', 'mudah', 'layan', 'bagus', 'kali', 'menginap', 'menu', 'breakfeastnya', 'lezat', 'sedia'];Positif
['suka', 'banget', 'hotel', 'lokasi', 'kamar', 'layan', 'pada', 'saran', 'perhati', 'bersih', 'balkon', 'balkon', 'bangun', 'tempat', 'kotor', 'duduk', 'balkon', 'banyak', 'sampah', 'tumbuh', 'tanam', 'liar', 'sehinga', 'kurang', 'indah', 'pandang'];Positif
['lokasi', 'mudah', 'temu', 'malioboro', 'layan', 'ramah', 'senyum', 'cepat', 'respon', 'peduli', 'sayang', 'kerak', 'pancur', 'bersih'];Positif
['kamar', 'luas', 'maaf', 'debu', 'kotor', 'banget', 'kolong', 'meja', 'kursi', 'anak', 'rewel', 'main', 'lantai', 'air', 'panas', 'kurang', 'panas', 'layan', 'puas'];Positif
['hotel', 'bersih', 'karyawan', 'ramah', 'karyawan', 'sarapan', 'lezat', 'lokasi', 'mudah', 'temu', 'jalan', 'malioboro', 'jadi', 'rekomendasi', 'libur', 'pusat', 'kota', 'yogyakarta'];Positif
['hotel', 'mudah', 'temu', 'dekat', 'malioboro', 'dekat', 'malioboro', 'pusat', 'belanja', 'terima', 'kasih', 'karyawan', 'aman', 'bantu', 'jemput', 'jalan', 'mataram', 'jemput', 'bawa', 'barang', 'barang', 'vale', 'libur', 'yogyakarta', 'menginap', 'aveta', 'terima', 'kasih', 'aveta'];Positif
['kamar', 'bersih', 'nyaman', 'layan', 'karyawan', 'karyawan', 'ramah', 'ramah', 'pertanyan', 'aju', 'lokasi', 'pusat', 'malioboro', 'bagus', 'hotel', 'terima', 'kasih', 'karyawan', 'layan'];Positif
['lokasi', 'dekat', 'jalan', 'malioboro', 'cocok', 'libur', 'keluarga', 'terima', 'kasih', 'karyawan', 'aveta', 'karyawan', 'aveta', 'hotel'];Positif
['tempat', 'menginap', 'nyaman', 'kolam', 'renang', 'cocok', 'santa', 'jalan', 'layan', 'baik', 'karyawan', 'kamar', 'tata', 'rapi', 'lokasi', 'mudah', 'temu'];Positif
['hotel', 'kota', 'seni', 'makan', 'minum', 'hotel', 'lezat', 'fasilitas', 'pada', 'karyawan', 'ramah', 'ramah', 'inti', 'terima', 'kasih', 'layan', 'rekomendasi', 'hotel'];Positif
['terima', 'kasih', 'aveta', 'hotel', 'malioboro', 'tidak', 'bosan', 'bolak', 'kesini', 'informasi', 'layan', 'numero', 'terima', 'kasih', 'layan', 'senang', 'hati', 'karyawan', 'karyawan', 'karyawan', 'karyawan', 'ramah', 'sopan'];Positif
['karyawan', 'aveta', 'ramah', 'kamar', 'bersih', 'tempat', 'tidur', 'bersih', 'kamar', 'mandi', 'bersih', 'air', 'panas', 'lancar', 'parkir', 'luas', 'libur', 'yogyakarta', 'lokasi', 'hotel', 'mudah', 'temu', 'belah', 'malioboro', 'pusat', 'belanja', 'sukses', 'trus', 'aveta'];Positif
['lokasi', 'letak', 'belah', 'malioboro', 'malinterior', 'hias', 'lukis', 'sehinga', 'tarik', 'instagramablekamar', 'kamar', 'pada', 'kotafasilitas', 'parkir', 'tampung', 'sepeda', 'motor', 'mobil', 'lanta', 'wifisuasana', 'ramai', 'hotelpelayanan', 'ramah', 'cepatharga', 'standar', 'hotel', 'umumnyapembayaran', 'tunai', 'qris', 'debitbagi', 'saran', 'coba', 'tempat'];Positif
['lokasi', 'mudah', 'temu', 'kamar', 'bersih', 'nyaman', 'layan', 'bagus', 'harga', 'mahal'];Positif
['hotel', 'patut', 'coba', 'biaya', 'keluar', 'sesuai', 'hotel', 'kamar', 'nyaman', 'banget', 'kolam', 'renang', 'suruh', 'menginap', 'kasih', 'biaya', 'rekomendasi'];Positif
['hotel', 'bagus', 'layan', 'hebat', 'hotel', 'bagus', 'bersih', 'kejut', 'sambut', 'hangat', 'dos', 'mrs', 'portir', 'satpam', 'maaf', 'lupa', 'nama', 'pekerjan', 'rekomendasi', 'hotel', 'keluarga', 'teman', 'jempol'];Positif
['hotel', 'bersih', 'nyaman', 'sarapan', 'setuju', 'layan', 'ramah', 'rekomendasi'];Positif
['menginap', 'hotel', 'senang', 'karyawan', 'ramah', 'bantu', 'ruang', 'bersih', 'milik', 'butuh', 'jalan', 'hotel', 'tutup', 'malam', 'jalan', 'hotel', 'harap', 'hati', 'hati'];Positif
['kamar', 'bersih', 'tingkat', 'pelihara', 'flor', 'kering', 'sumbat', 'tidak', 'karyawan', 'housekeping', 'teliti', 'baik', 'salur', 'air', 'sumbat', 'tapak', 'sepatu', 'bersih', 'keset', 'basah', 'ganti', 'bawa', 'mobil', 'tunjuk', 'masuk', 'hotel', 'kurang', 'orang', 'jalan', 'masuk', 'hotel', 'sempit', 'ganti', 'tempat', 'parkir', 'masuk', 'susah', 'banyak', 'kendaran', 'kendaran', 'tugas', 'parkir', 'parkir', 'tempat', 'tempat', 'parkir', 'penuh', 'karyawan', 'valet', 'tidak', 'parkir', 'mobil', 'sikap', 'serius'];Negatif
['menang', 'jalan', 'utama', 'malioboro', 'parkir', 'kurang', 'karyawan', 'lantai', 'parkir', 'pakai', 'lift', 'turun', 'check', 'masuk', 'jam', 'banyak', 'tamu', 'check', 'masuk', 'jam', 'sore', 'prioritas', 'tidak', 'check', 'masuk', 'jam', 'sore', 'restoran', 'kolam', 'renang', 'tidak', 'awat'];Negatif
['tempat', 'tidur', 'nyaman', 'kamar', 'awat', 'sarapan', 'siap', 'pengalaman', 'menginap', 'bagus'];Positif
['hotel', 'bagus', 'mudah', 'temu', 'lokasi', 'banget', 'kawasan', 'jalan', 'utama', 'malioboro', 'tidak', 'kendaran', 'kesana', 'dekat', 'stasiun', 'tugu', 'menit', 'jalan', 'tugu', 'jalan', 'kaki', 'hotel', 'belah', 'selatan', 'pusat', 'belanja', 'malioboro', 'cocok', 'wisata', 'makan', 'hotel', 'pusat', 'kota', 'yogyakarta', 'karyawan', 'ramah', 'minta', 'tolong', 'cepat', 'direspon', 'iya', 'karyawan', 'lantai'];Positif
['pusat', 'malioboro', 'dekat', 'stasiun', 'tugu', 'kanan', 'kiri', 'toko', 'malioboro', 'dekat', 'teras', 'malioboro', 'hotel', 'dekat', 'pusat', 'belanja', 'malioboro', 'beneran', 'kesan', 'menginap', 'bagus', 'banget', 'karyawan', 'ramah', 'sarapan', 'lezat', 'kamar', 'luas', 'bersih', 'bersih', 'cleaning', 'layan', 'yogyakarta', 'menginap'];Positif
['suka', 'hotel', 'mewah', 'kamar', 'mandi', 'bagus', 'bersih', 'fasilitas', 'lengkap', 'dekat', 'malioboro', 'pusat', 'belanja', 'lezat', 'mana', 'kolam', 'renang', 'luas', 'bersih', 'kala', 'sehinga', 'nyaman', 'renang', 'layan', 'baik'];Positif
['tingal', 'hotel', 'kali', 'keluarga', 'lokasi', 'mudah', 'temu', 'malioboro', 'kamar', 'nyaman', 'balkon', 'layan', 'ramah', 'parkir', 'mobil', 'sempit', 'masuk', 'lorong', 'mpit'];Positif
['masuk', 'tempat', 'parkir', 'mobil', 'sulit', 'dagang', 'tempat', 'masuk', 'tempat', 'parkir', 'mobil', 'masuk', 'saman', 'mundur', 'jalan', 'sempit', 'hati', 'hati', 'mobil', 'gores', 'biaya', 'cat', 'mobil', 'tara', 'menginap', 'hotel', 'tidak', 'bertangung', 'satpam', 'jaga', 'orang', 'orang', 'malas', 'mohon', 'baik', 'akses', 'masuk', 'tempat', 'parkir', 'krusial', 'jangan', 'foto', 'bagus', 'kurang', 'puas', 'tidak', 'masyarakat', 'tahan', 'sesal', 'hilang', 'pelang', 'bangkrut'];Negatif
['hotel', 'jalan', 'malioboro', 'bahan', 'pusat', 'belanja', 'lantai', 'unik', 'karyawan', 'lantai', 'check', 'masuk', 'tidak', 'sabar', 'cari', 'karyawan', 'tidak', 'nanya', 'bagus', 'kamar', 'nyaman', 'televisi', 'kabel', 'sarapan', 'banyak', 'lezat', 'kolam', 'renang', 'bagus', 'kamar', 'baik', 'kedap', 'air', 'suara', 'orang', 'kamar', 'belah', 'dengar', 'kamar'];Positif
['kali', 'menginap', 'kesan', 'ramah', 'layan', 'bersih', 'sudut', 'tambah', 'bintang', 'rekomendasi', 'libur', 'cari', 'hotel', 'kawasan', 'malioboro', 'lokasi', 'mudah', 'temu', 'belah', 'malioboro', 'pusat', 'belanja', 'jumpa', 'semoga', 'kunjung', 'kesini', 'mohon', 'maaf', 'ribut', 'kacau', 'libur'];Positif
['lokasi', 'mudah', 'temu', 'nyaman', 'bawa', 'keluarga', 'relaksasi', 'layan', 'ramah', 'kamar', 'hotel', 'bersih', 'rapi', 'rekomendasi', 'relaksasi'];Positif
['hotel', 'tidak', 'fasilitas', 'pada', 'bayar', 'banyak', 'layan', 'jelek', 'banget', 'toilet', 'jorok', 'kandang', 'sapi', 'toilet', 'mampet', 'air', 'kotor', 'serah', 'hotel'];Negatif
['menginap', 'malam', 'kamar', 'beda', 'keren', 'saran', 'kamar', 'mandi', 'alangkah', 'baik', 'batas', 'pintu', 'kaca', 'tirai', 'plastik', 'air', 'kamar', 'mandi', 'halang', 'tidak', 'kamar', 'wastafel', 'becek', 'banget'];Positif
['lokasi', 'kawasan', 'malioboro', 'mudah', 'jalan', 'jalan', 'malioboro', 'lokasi', 'masuk', 'lorong', 'mpit', 'pelan', 'pelan', 'hotel', 'bawa', 'kendaran', 'ukur', 'besar', 'parkir', 'batas', 'bantu', 'fasilitas', 'tugas', 'parkir', 'hotel', 'karyawan', 'banget', 'kamar', 'keren', 'umur', 'ruang', 'restoran', 'sarapan', 'batas', 'wekend', 'antri', 'sarapan', 'menginap', 'tangal', 'mei', 'tumpu', 'lift', 'sambut', 'tamu', 'masuk', 'sarapan', 'mohon', 'perhati', 'kelola', 'sambut', 'tamu', 'restoran', 'sarapan', 'lantai', 'kamar', 'lantai', 'ruang', 'tunggu', 'lumpur'];Positif
['kamar', 'lokasi', 'setuju', 'tidak', 'komplain', 'sarapan', 'antri', 'kali', 'pengalaman', 'tidak'];Negatif
['nyaman', 'menginap', 'mudah', 'temu', 'mudah', 'cari', 'makan', 'lezat', 'layan', 'ramah', 'karyawan'];Positif
['menginap', 'cocok', 'cocok', 'kota', 'yogyakarta', 'cocok', 'banget', 'menginap', 'keluarga', 'fasilitas', 'kolam', 'renang', 'anak', 'anak', 'kamar', 'rapi', 'bersih'];Positif
['layan', 'karyawan', 'karyawan', 'bqt', 'banget', 'lokasi', 'dekat', 'malioboro', 'kamar', 'luas', 'bersih', 'sarapan', 'lezat', 'banget', 'menu', 'luas', 'layan', 'karyawan'];Positif
['kamar', 'betah', 'lama', 'kamar', 'bersih', 'terang', 'nyaman', 'tidur', 'karyawan', 'bantu', 'bantu', 'pilih', 'yogyakarta', 'pengalaman', 'puas'];Positif
['fasilitas', 'kamar', 'dingin', 'ruang', 'bagus', 'dingin', 'ruang', 'ful', 'dingin', 'harga', 'murah', 'kecewa', 'banget', 'kali', 'coba', 'menginap', 'layan', 'kurang', 'setuju', 'sumpah', 'jam', 'janji', 'nungu', 'kamar', 'jam', 'kesana', 'jalan', 'dst', 'malioboro', 'pusat', 'belanja', 'belah', 'hotel', 'jam', 'hubung', 'langsung', 'hotel', 'suruh', 'tungu', 'jam', 'tungu', 'jam', 'minta', 'tingkat', 'layan', 'hotel', 'kecewa', 'banget', 'bawa', 'bay', 'kapok', 'banget', 'menginap'];Negatif
['kamar', 'bagus', 'luas', 'bersih', 'situasi', 'pandemi', 'sarapan', 'pagi', 'pikir', 'check', 'masuk', 'suruh', 'sarapan', 'bagi', 'jam', 'unjung', 'saman', 'duduk', 'duduk', 'makan', 'tungu', 'rombong', 'karyawan', 'lapor', 'kurang', 'tangap', 'diri', 'berani', 'ambil', 'tindak', 'tidak', 'hotel', 'sarapan', 'antar', 'kamar', 'pakai', 'jam', 'karyawan'];Negatif
['layan', 'buruk', 'capek', 'jalan', 'kasih', 'masalah', 'ting', 'kunci', 'nungu', 'menit', 'jaring', 'internet', 'lambat', 'pagi', 'housekeping', 'karyawan', 'tidak', 'warna', 'langsung', 'buka', 'pintu', 'bersihin', 'kamar', 'ketuk', 'pintu', 'bilang', 'sebentar', 'waktu', 'nungu', 'ana', 'sampe', 'nang', 'karyawan', 'housekeping', 'nanya', 'jam', 'bersih', 'pintu', 'kamar', 'tidak', 'langsung', 'buka', 'hotel', 'telepon', 'kamar', 'bersih', 'bersih', 'kamar', 'lampu', 'kamar', 'kadang', 'mati', 'sprei', 'selimut', 'noda', 'kurang', 'bersih', 'hotel', 'buruk'];Negatif
['rekomendasi', 'menginap', 'yogyakarta', 'suka', 'dekat', 'stasiun', 'kereta', 'api', 'pusat', 'perbelanjan', 'kamar', 'bagus', 'lorong', 'kamar', 'milik', 'aroma', 'senang'];Positif
['lokasi', 'mudah', 'temu', 'bahan', 'malioboro', 'pusat', 'belanja', 'pusat', 'kota', 'yogyakarta', 'kafe', 'minum', 'kopi', 'restoran', 'kamar', 'hotel', 'bersih', 'fasilitas', 'lengkap', 'sarapan', 'lezat', 'menu', 'banyak', 'jenis'];Positif
['hotel', 'gedung', 'lokasi', 'mudah', 'temu', 'hotel', 'langsung', 'malioboro', 'kamar', 'bagus', 'bersih', 'dingin', 'ruang', 'dingin', 'kurang', 'lokasi', 'parkir', 'lorong', 'mpit', 'sempit', 'kamar', 'tidak', 'kedap', 'suara', 'tamu', 'desa', 'belah', 'kamar', 'jam', 'malam', 'teriak', 'teriak', 'lari', 'kamar', 'hotel', 'mengangu', 'penting', 'hotel', 'ketat', 'terap', 'protokol', 'sehat', 'pandemi'];Positif
['lokasi', 'utama', 'jalan', 'malioboro', 'belah', 'pusat', 'belanja', 'banyak', 'makan', 'makan', 'ringan', 'hotel', 'kamar', 'bersih', 'besar', 'luas', 'milik', 'ngin', 'gratis', 'jus', 'jeruk', 'oreo', 'bungkus', 'keripik', 'hadiah', 'selamat', 'tempat', 'tidur', 'king', 'besar', 'kamar', 'mandi', 'besar', 'sarapan', 'enak', 'banyak', 'makan', 'pilih', 'benang', 'peri', 'camil', 'jagung', 'tempat'];Positif
['hotel', 'nyaman', 'hotel', 'jenis', 'sarapan', 'agam', 'makan', 'tradisional', 'indonesia', 'barat', 'banyak', 'desert', 'snack', 'lezat', 'posisi', 'hotel', 'mudah', 'temu', 'banget', 'jalan', 'malioboro', 'dekat', 'stasiun', 'kereta', 'tugu'];Positif
['agustus', 'hotel', 'letak', 'jalan', 'malioboro', 'sehinga', 'dekat', 'tempat', 'wisata', 'ragu', 'menginap', 'berisik', 'dekat', 'jalan', 'sibuk', 'baca', 'ulas', 'tamu', 'bukan', 'menginap', 'hotel', 'tidak', 'berisik', 'kamar', 'tidak', 'hadap', 'jalan', 'utama', 'letak', 'lobi', 'tidak', 'jalan', 'utama', 'pinggir', 'jalan', 'kafe', 'hotel', 'karyawan', 'lantai', 'lewat', 'kafe', 'ruang', 'tunggu', 'lift', 'letak', 'kafe', 'mudah', 'belah', 'hotel', 'malioboro', 'pusat', 'belanja', 'restoran', 'kfc', 'mcd', 'barat', 'fod', 'watson', 'habis', 'lengkap', 'mandi', 'banyak', 'toko', 'jalan', 'malioboro', 'banyak', 'makan', 'sarapan', 'besar', 'makan', 'lokal', 'saji', 'makan', 'barat', 'sederhana', 'tidak', 'banyak', 'meningalkan', 'hotel', 'pagi', 'pagi', 'waktu', 'sarapan', 'sarapan', 'hari', 'sambut', 'tamu', 'ambil', 'sarapan', 'sok', 'pagi', 'sok', 'pagi', 'ambil', 'sarapan', 'sambut', 'tamu', 'kamar', 'kamar', 'mandi', 'bersih', 'rapi', 'fasilitas', 'sedia', 'bagus', 'karyawan', 'ramah', 'bantu', 'layan', 'bagus'];Positif
['hotel', 'harga', 'mahal', 'pandemi', 'layak', 'fasilitas', 'lokasi', 'mudah', 'temu', 'letak', 'pusat', 'wisata', 'malioboro', 'dekat', 'belanja', 'jalan', 'jalan', 'nongkrong', 'malioboro', 'malam', 'langsung', 'kamar', 'kamar', 'bersih', 'nyaman', 'kasur', 'lembut', 'tidur', 'nyenyak', 'rumah', 'balkon', 'karyawan', 'ramah'];Positif
['mudah', 'temu', 'banget', 'tempat', 'jalan', 'malioboro', 'cocok', 'banget', 'tempat', 'menginap', 'wisatawan', 'yogyakarta', 'saran', 'wekend', 'jangan', 'bawa', 'mobil', 'kesini', 'jalan', 'tutup', 'kamar', 'layan', 'roftop', 'kolam', 'renang', 'mantap', 'banget'];Positif
['hotel', 'bagus', 'mudah', 'temu', 'harga', 'murah', 'kantong', 'fitur', 'fitur', 'kamar', 'pada', 'solid', 'layan', 'ramah', 'cepat', 'bagus', 'pol'];Positif
['hotel', 'letak', 'kota', 'belah', 'jalan', 'malioboro', 'bayar', 'juta', 'kamar', 'malam', 'sarapan', 'minta', 'uang', 'jamin', 'ribu', 'hotel', 'sulit', 'temu', 'tahap', 'bangun', 'tidak', 'garasi', 'layak', 'detektor', 'bakar', 'pasang', 'hotel', 'hotel', 'bintang', 'kamar', 'bersih', 'luas', 'tidak', 'lemari', 'pakai', 'interior', 'sederhana', 'warna', 'warna', 'tenang', 'kamar', 'koridor', 'ruang', 'tunggu', 'fasilitas', 'kamar', 'mandi', 'kualitas', 'tingi', 'harap', 'kualitas', 'handuk', 'hilang', 'kamar', 'mandi', 'check', 'masuk', 'hotel', 'selesai', 'lokasi', 'bagus', 'tidak', 'banding', 'harga', 'mahal', 'banding', 'hotel'];Positif
['letak', 'pusat', 'kota', 'yogyakarta', 'belah', 'selatan', 'pusat', 'belanja', 'malioboro', 'hotel', 'unik', 'murah', 'orang', 'kali', 'letak', 'karyawan', 'masyarakat', 'bantu', 'minta', 'tolong', 'respon', 'cepat', 'kamar', 'luas', 'pilih', 'tonton', 'televisi', 'lengkap', 'potong', 'buah', 'kue'];Positif
['hotel', 'bagus', 'letak', 'mudah', 'temu', 'jalan', 'utama', 'malioboro', 'bahan', 'pusat', 'belanja', 'malioboro', 'karyawan', 'ramah', 'kamar', 'luas', 'kulkas', 'kamar', 'dekorasi', 'kamar', 'tarik'];Positif
['hotel', 'bintang', 'bagus', 'banget', 'fasilitas', 'lengkap', 'kolam', 'renang', 'lokasi', 'mudah', 'temu', 'dekat', 'pusat', 'belanja', 'harga', 'murah', 'rekomendasi', 'banget'];Positif
['hotel', 'asa', 'rumah', 'keluarga', 'nyaman', 'karyawan', 'ramah', 'banget', 'minta', 'tisu', 'handuk', 'sandal', 'lokasi', 'mudah', 'temu', 'bersih'];Positif
['hotel', 'mudah', 'temu', 'jalan', 'malioboro', 'dekat', 'tempat', 'perbelanjan', 'jalan', 'malioboro', 'kurang', 'meter', 'pasar', 'beringharjo', 'dekat', 'hotel', 'banyak', 'jajan', 'lezat', 'layan', 'ramah'];Positif
['baik', 'rekomendasi', 'menginap', 'lokasi', 'lokasi', 'lokasi', 'kamar', 'balkon', 'nyaman', 'banget', 'tempat', 'tidur', 'besar', 'tempat', 'non', 'rokok', 'balkon', 'kolam', 'renang', 'anak', 'besar', 'makan', 'banyak', 'jenis', 'juru', 'parkir', 'cepat', 'tanggap', 'baik', 'karyawan', 'parkir', 'tahan', 'aveta'];Positif
['setuju', 'masalah', 'sistem', 'listrik', 'karyawan', 'hotel', 'cepat', 'masalah', 'cepat', 'atas', 'yogyakarta', 'menginap'];Positif
['pesan', 'keluarga', 'kamar', 'orang', 'dewasa', 'kamar', 'luas', 'lokasi', 'mantap', 'jalan', 'malioboro', 'menu', 'sarapan', 'lezat', 'sambut', 'tamu', 'lantai', 'dekat', 'kolam', 'renang', 'restoran', 'sarapan'];Positif
['pilih', 'hotel', 'sedia', 'balkon', 'sekian', 'banyak', 'pilih', 'hotel', 'yogyakarta', 'sedia', 'balkon', 'salah', 'aplikasi', 'pilih', 'hotel', 'hotel', 'aveta', 'bagus', 'pilih', 'menginap', 'malam', 'sana', 'yogyakarta', 'tempat', 'malioboro', 'bahan', 'malioboro', 'pusat', 'belanja', 'akses', 'mudah', 'jangkau', 'dekat', 'stasiun', 'kereta', 'yogyakarta', 'kecewa', 'hotel', 'sarapan', 'menu', 'sedia', 'hotel', 'kelas', 'pilih', 'nasi', 'goreng', 'pagi', 'menginap', 'nasi', 'goreng', 'keras', 'ikanya', 'asin', 'dor', 'guna', 'tepung', 'karyawan', 'restoran', 'respons', 'cepat', 'pasar', 'dekat', 'minta', 'saran', 'tidak', 'sedia', 'lemari', 'pakai', 'sana', 'ukur', 'kamar', 'pilih', 'luas', 'salur', 'buang', 'kamar', 'mandi', 'mampet', 'minta', 'kamar', 'bersih', 'spreinya', 'tidak', 'ganti', 'minta', 'ganti', 'sok', 'hari'];Negatif
['hotel', 'bagus', 'letak', 'mudah', 'temu', 'jalan', 'utama', 'malioboro', 'bahan', 'pusat', 'belanja', 'malioboro', 'karyawan', 'ramah', 'kamar', 'luas', 'kulkas', 'kamar', 'dekorasi', 'kamar', 'tarik', 'kolam', 'renang', 'restoran'];Positif
['hotel', 'bintang', 'mudah', 'temu', 'letak', 'pusat', 'kota', 'yogyakarta', 'milik', 'desain', 'bangun', 'standar', 'moderen', 'layan', 'prima', 'kamar', 'sedia', 'nyaman', 'luas', 'rekomendasi', 'singah', 'kota', 'yogyakarta'];Positif
['akses', 'stasiun', 'yogyakarta', 'tidak', 'olah', 'raga', 'lewat', 'akses', 'jalan', 'malioboro', 'masuk', 'mobil', 'mobil', 'kondisi', 'hotel', 'baik', 'masuk', 'tempat', 'hotel', 'sambut', 'ramah', 'tidak', 'minum', 'selamat', 'sedia', 'proses', 'kece', 'tingkat', 'tidak', 'ruang', 'ruang', 'tunggu', 'khusus', 'duduk', 'tungu', 'proses', 'check', 'masuk', 'kartu', 'akses', 'sulit', 'angota', 'keluarga', 'pasang', 'menginap', 'kamar', 'lift', 'listrik', 'guna', 'kartu', 'akses', 'tidak', 'lemari', 'es', 'lemari', 'es', 'kondisi', 'ruang', 'rapi', 'bersih', 'hias', 'dinding', 'tidak', 'lemari', 'simpan', 'pakai', 'jaring', 'internet', 'cantum', 'kartu', 'akses', 'ruang', 'tunggu', 'kartu', 'akses', 'hotel', 'nyaman', 'bagus', 'kondisi', 'hotel', 'proses', 'baik', 'tingkat', 'selesai'];Positif
['kamar', 'bersih', 'layan', 'cepat', 'tidak', 'tungu', 'minta', 'kasur', 'karyawan', 'ramah', 'bantu', 'lokasi', 'malioboro', 'tidak', 'khawatir', 'sarapan', 'banyak', 'jenis'];Positif
['nyaman', 'banget', 'kesan', 'cofe', 'shop', 'roftop', 'nonton', 'jalan', 'maliboro', 'nonton', 'suasana', 'tidak', 'lupa', 'rekomendasi', 'wisatawan', 'keluarga'];Positif
['lokasi', 'bagus', 'mudah', 'temu', 'malioboro', 'sambut', 'tamu', 'ramah', 'check', 'masuk', 'bantu', 'minta', 'bantu', 'terima', 'kasih', 'karyawan', 'sambut', 'tamu', 'karyawan', 'karyawan', 'karyawan', 'layan', 'yogyakarta', 'kesini'];Positif
['hotel', 'malioboro', 'cari', 'makan', 'pakai', 'perlu', 'mandi', 'mudah', 'banget', 'jalan', 'malioboro', 'tutup', 'lintas', 'kendaran', 'jam', 'sehinga', 'pintar', 'pintar', 'cari', 'waktu', 'lewat', 'cari', 'jalur', 'pilih'];Positif
['hotel', 'bagus', 'hotel', 'bersih', 'nyaman', 'suka', 'pandang', 'balkon', 'malam', 'coffe', 'nongkrong', 'lokasi', 'mudah', 'temu', 'rekomendasi', 'menginap', 'malioboro'];Positif
['makan', 'jajan', 'mudah', 'lingkung', 'hotel', 'ramai', 'dekat', 'pusat', 'perbelanjan', 'cocok', 'temu', 'rekan', 'kerja', 'orang', 'tidak', 'sesal', 'habis', 'layan', 'puas'];Positif
['lokasi', 'mudah', 'temu', 'malioboro', 'layan', 'bagus', 'kamar', 'lengkap', 'rekomendasi', 'banget', 'tinggal', 'yogyakarta', 'jalan', 'jalan', 'keliling', 'malioboro'];Positif
['lokasi', 'mudah', 'temu', 'dekat', 'malioboro', 'mudah', 'mana', 'tempat', 'nyaman', 'banget', 'salah', 'hotel', 'rekomendasi', 'libur', 'yogyakarta', 'fasilitas', 'tidak', 'kalah', 'hotel', 'bintang', 'suasana', 'nyaman', 'sehinga', 'betah'];Positif
['hotel', 'langsung', 'mailoboro', 'belah', 'pusat', 'belanja', 'hotel', 'indomart', 'alfamart', 'tidak', 'butuh', 'karyawan', 'sibuk', 'lantai', 'check', 'masuk', 'check', 'tidak', 'bolak', 'okok', 'kurang', 'rekomendasi', 'hotel', 'tidak', 'tempat', 'rokok', 'rokok', 'lantai', 'lantai', 'kamar', 'balkon', 'balkon', 'tidak', 'rokok', 'tidak', 'rekomendasi', 'hotel', 'okok', 'balkon', 'lezat', 'santa', 'minum', 'kopi', 'rokok', 'kacau', 'balau', 'orang', 'mailoboro', 'okok', 'tidak', 'rekomendasi', 'hotel', 'toilet', 'hotel', 'tidak', 'kran', 'cuci', 'kaki', 'susah', 'cuci', 'kaki'];Positif
['hotel', 'nyaman', 'bersih', 'setuju', 'lokasi', 'malioboro', 'cocok', 'jadi', 'tempat', 'menginap', 'yogyakarta', 'bingung', 'pesan', 'hotel', 'dekat', 'stasiun', 'makan', 'lezat', 'coba', 'menginap', 'malioboro'];Positif
['nyaman', 'menginap', 'karyawan', 'ramah', 'ramah', 'karyawan', 'ramah', 'banget', 'bantu', 'hotel', 'bersih', 'kamar', 'wangi', 'pusat', 'malioboro', 'sarapan', 'banyak', 'banget', 'makan', 'ringan', 'sedia', 'lemari', 'es', 'gratis', 'keluarga', 'nyaman', 'menginap'];Positif
['hotel', 'malioboro', 'santa', 'malioboro', 'rekomendasi', 'hotel', 'hotel', 'malioboro', 'tempat', 'wisata', 'lumayan'];Positif
['hotel', 'nyaman', 'tambah', 'karyawan', 'ramah', 'fasilitas', 'lumayan', 'setuju', 'bantu', 'lokasi', 'mudah', 'temu', 'dekat', 'mana', 'rekomendasi', 'libur', 'yogyakarta'];Positif
['layan', 'ramah', 'lokasi', 'mudah', 'temu', 'teknologi', 'cangih', 'kamar', 'bersih', 'tidak', 'sesal', 'menginap'];Positif
['lokasi', 'mudah', 'temu', 'jalan', 'malioboro', 'belah', 'pusat', 'belanja', 'banyak', 'makan', 'jajan', 'hotel', 'kamar', 'besar', 'luas', 'bersih', 'ngin', 'gratis', 'jus', 'jeruk', 'oreo', 'bungkus', 'keripik', 'hadiah', 'selamat', 'tempat', 'tidur', 'king', 'besar', 'kamar', 'mandi', 'besar', 'sarapan', 'lezat', 'banyak', 'pilih', 'benang', 'peri', 'camil', 'jagung', 'kamar', 'triple', 'kamar', 'superior'];Positif
['hotel', 'nyaman', 'makan', 'sarapan', 'lezat', 'banget', 'gudeg', 'khas', 'yogyakarta', 'banget', 'gudeg', 'lezat', 'sayang', 'susah', 'check', 'karyawan', 'lantai', 'turun', 'bawa', 'barang', 'bagus', 'banget', 'layan', 'mantap', 'harga', 'tawar', 'lokasi', 'mudah', 'temu', 'layak'];Positif
['kamar', 'bersih', 'bagus', 'makan', 'menu', 'banyak', 'sayang', 'parkir', 'kendaran', 'kurang', 'bentuk', 'pintu', 'masuk', 'sempit', 'saran', 'coffe', 'lantai', 'jadi', 'tempat', 'parkir', 'cafenya', 'pindah', 'gedung', 'lantai'];Positif
['lokasi', 'mudah', 'temu', 'pusat', 'kota', 'yogyakarta', 'tempat', 'parkir', 'luas', 'restoran', 'kolam', 'renang', 'outdor', 'kamar', 'bersih', 'nyaman', 'fasilitas', 'lengkap', 'fungsi'];Positif
['letak', 'bahan', 'malioboro', 'pusat', 'belanja', 'dekat', 'banyak', 'tempat', 'wisata', 'tingal', 'malam', 'kamar', 'tempat', 'menginap', 'luas', 'nyaman', 'bagus', 'bak', 'mandi', 'balkon', 'sambut', 'hangat', 'istimewa', 'sarapan', 'lezat', 'terima', 'kasih', 'menginap', 'kali'];Positif
['lokasi', 'malioboro', 'belah', 'selatan', 'malioboro', 'pusat', 'belanja', 'kamar', 'luas', 'menu', 'sarapan', 'banyak', 'lezat'];Positif
['hotel', 'proses', 'baik', 'lokasi', 'mudah', 'temu', 'masuk', 'hotel', 'lorong', 'mpit', 'tiga', 'saudara', 'perempuan', 'tidak', 'sedia', 'tempat', 'tidur', 'tambah', 'kena', 'biaya', 'tambah', 'lihat', 'orang', 'check', 'masuk', 'anak', 'tidak', 'kena', 'biaya', 'tidak', 'ikut', 'atur', 'hotel', 'sarapan', 'adik', 'minta', 'ijin', 'sambut', 'tamu', 'makan', 'bawa', 'kamar', 'tidak', 'berani', 'makan', 'aturanya', 'makan', 'santap', 'restoran', 'antar', 'adik', 'tamu', 'bawa', 'piring', 'makan', 'kamar', 'sore', 'hari', 'tumpu', 'piring', 'ruang', 'atur', 'hotel', 'kurang', 'ketat', 'ketingalan', 'biar', 'kecuali', 'paham', 'hotel', 'baik', 'pilih', 'hotel', 'kali', 'unjung', 'malioboro'];Positif
['kamar', 'kurang', 'kedap', 'suara', 'dengar', 'suara', 'tetanga', 'samping', 'lingkung', 'berisik', 'sehinga', 'sulit', 'tidur', 'keran', 'shower', 'lepas'];Negatif
['hotel', 'bagus', 'nyaman', 'wangi', 'bersih', 'cocok', 'libur', 'keluarga', 'teman', 'tidak', 'sesal', 'tempat'];Positif
['lokasi', 'bagus', 'malioboro', 'harga', 'makan', 'lezat', 'banyak', 'variasi', 'keluarga', 'anak', 'pilih', 'kamar', 'triplet', 'karyawan', 'ramah', 'tidak', 'sedia', 'atur', 'kamar', 'minta', 'menginap', 'juni', 'kamar'];Positif
['nyaman', 'pesan', 'aplikas', 'pesan', 'cepat', 'respon', 'layan', 'sabar', 'bolak', 'batal', 'kamar', 'bersih', 'luas', 'stiker', 'tunjuk', 'arah', 'kiblat', 'hotel', 'kawasan', 'malioboro', 'belah', 'pusat', 'belanja', 'dekat', 'stasiun', 'suka', 'kamar', 'milik', 'balkon', 'tempat', 'kacau', 'balau', 'jalan', 'malioboro', 'dingin'];Positif
['dekat', 'banget', 'malioboro', 'lokasi', 'mudah', 'temu', 'cocok', 'relaksasi', 'makan', 'lezat', 'menginap', 'waktu', 'keluarga', 'setuju', 'layan', 'ramah', 'baik', 'segi', 'layan', 'cepat', 'layan'];Positif
['bagus', 'lokasi', 'hotel', 'kawasan', 'malioboro'];Positif
['layan', 'bagus', 'kamar', 'bersih', 'lokasi', 'mudah', 'temu', 'sarapan', 'lezat', 'aneh', 'ruang', 'tunggu', 'hotel', 'lantai', 'check', 'masuk', 'check', 'lantai'];Positif
['kamar', 'luas', 'layan', 'prima', 'lokasi', 'mudah', 'temu'];Positif
['lokasi', 'mudah', 'temu', 'sehinga', 'tidak', 'jalan', 'kaki', 'stasiun', 'tugu', 'kilometer', 'yogyakrta', 'kamar', 'gaya', 'minimal', 'nyaman', 'bersih', 'nyaman', 'fasilitas'];Positif
['hotel', 'bagus', 'banget', 'nyaman', 'kamar', 'luas', 'fasilitas', 'setuju', 'layan', 'puas', 'sarapan', 'lezat', 'hotel', 'jalan', 'jalan', 'susur', 'malioboro', 'lezat', 'banget', 'waktu', 'yogyakarta', 'menginap'];Positif
['kamar', 'bagus', 'minta', 'kamar', 'hadap', 'malioboro', 'kasih', 'hadap', 'jemur', 'orang', 'kecewa', 'jawab', 'iya', 'telpon', 'karyawan', 'susah', 'lumayan', 'tidak', 'angkat', 'lebih', 'bagus', 'terima', 'kasih', 'aveta', 'hotel'];Positif
['hotel', 'karyawan', 'ramah', 'lokasi', 'mudah', 'temu', 'jalan', 'malioboro', 'sayang', 'fasilitas', 'parkir', 'mobil', 'akses', 'tempat', 'parkir', 'kurang', 'nyaman', 'kamar', 'bau', 'perabot', 'tidak', 'wangi', 'ruang', 'menu', 'sarapan', 'sayur', 'pakchoinya', 'potong', 'sendok', 'masak', 'banyak', 'mudah', 'proses', 'masak', 'sulit', 'santap', 'semoga'];Negatif
['letak', 'kota', 'tua', 'malioboro', 'daerah', 'sibuk', 'padat', 'lintas', 'manusia', 'padat', 'senin', 'malam', 'kamar', 'terima', 'tarif', 'mesan', 'gratis', 'isi', 'ulang', 'handuk', 'bersih', 'tempat', 'tidur', 'besar', 'bantal', 'kasur', 'nyaman', 'sarapan', 'pagi', 'lezat', 'banyak', 'variasi', 'pilih', 'cabai', 'indonesia', 'lapor', 'masuk', 'minum', 'selamat', 'kolam', 'renang', 'lantai', 'tempat', 'minum', 'nyaman', 'hadap', 'jalan', 'utama', 'banyak', 'kafe', 'toko', 'serba', 'jarak', 'jalan', 'kaki'];Positif
['lokasi', 'mudah', 'temu', 'bahan', 'malioboro', 'pusat', 'belanja', 'cari', 'makan', 'jangan', 'bingung', 'bangun', 'kamar', 'bersih', 'banget', 'kamar', 'mandi', 'bersih', 'karyawan', 'ramah', 'balkon', 'nyaman', 'banget', 'sarapan', 'tingkat', 'segi', 'tidak', 'kendala', 'niat', 'yogyakarta', 'makan', 'banyak', 'beli', 'makan', 'luar'];Positif
['positif', 'kamar', 'besar', 'bersih', 'toilet', 'besar', 'bersih', 'semprot', 'shower', 'kencang', 'banget', 'kasur', 'besar', 'nyaman', 'bantal', 'lezat', 'banget', 'bantal', 'bulu', 'angsa', 'lezat', 'banget', 'tidur', 'nyenyak', 'banget', 'lokasi', 'pusat', 'malioboro', 'karyawan', 'ramah', 'terima', 'kasih', 'perhati', 'ekstra', 'kurang', 'baik', 'tidak', 'handuk', 'keset', 'toilet', 'sehinga', 'kaki', 'basah', 'mandi', 'masuk', 'kamar', 'cepat', 'jaring', 'internet', 'lambat', 'kamar', 'dingin', 'ruang', 'kurang', 'dingin', 'perhati', 'lebih', 'puas'];Positif
['harga', 'kamar', 'mahal', 'coba', 'kamar', 'murah'];Negatif
['kamar', 'bersih', 'nyaman', 'balkon', 'santa', 'banyak', 'jajan', 'pinggir', 'jalan', 'sekitar', 'mudah', 'temu', 'jalan', 'malioboro', 'rekomendasi'];Positif
['lokasi', 'hotel', 'mudah', 'temu', 'layan', 'ramah', 'kamar', 'luas', 'nyaman'];Positif
['cocok', 'keluarga', 'kamar', 'bersih', 'menu', 'makan', 'lengkap', 'rekomendasi', 'bawa', 'putra', 'putri', 'terima', 'kasih', 'aveta'];Positif
['tidak', 'nyaman', 'berisik', 'kamar', 'kolam', 'tidak', 'diberitahu', 'lemari', 'bocor', 'sarapan', 'buruk', 'makan', 'tidak', 'sesuai', 'barang', 'sedia', 'makan', 'tidak', 'banyak', 'sehinga', 'banyak', 'habis'];Negatif
['tempat', 'puas', 'beda', 'sangka', 'mana', 'jaring', 'internet', 'kolam', 'renang', 'luas', 'bersih', 'sarapan', 'gratis', 'inti', 'aveta', 'hotel', 'malioboro', 'baik'];Positif
['hotel', 'letak', 'jalan', 'malioboro', 'bahan', 'malioboro', 'pusat', 'belanja', 'menginap', 'puas', 'menginap', 'kamar', 'bersih', 'sarapan', 'lezat', 'menu', 'beda', 'beda', 'mantap', 'banget', 'kolam', 'renang', 'lantai', 'ruang', 'nonton', 'film', 'anak', 'lantai', 'iya', 'coffe', 'ketemu', 'reservasi', 'lantai', 'teman', 'sayang', 'kamar', 'balkon', 'jendela', 'buka', 'harga', 'banyak', 'jenis'];Positif
['lokasi', 'mudah', 'temu', 'dekat', 'malioboro', 'kamar', 'setuju', 'hotel', 'bintang', 'layan', 'bagus', 'karyawan', 'hotel', 'ramah', 'menu', 'makan', 'banyak', 'jenis', 'libur', 'malioboro', 'tempat', 'rekomendasi'];Positif
['hotel', 'bagus', 'banget', 'fasilitas', 'lengkap', 'harga', 'murah', 'cocok', 'banget', 'libur', 'lokasi', 'mudah', 'temu', 'kota', 'makan', 'lezat'];Positif
['kamar', 'bersih', 'tempat', 'tidur', 'bersih', 'kamar', 'mandi', 'bersih', 'air', 'panas', 'lancar', 'jalan', 'masuk', 'hotel', 'sempit', 'mobil', 'ganti', 'parkir', 'luas'];Positif
['lokasi', 'menang', 'jalan', 'malioboro', 'hotel', 'kunjung', 'libur', 'keluarga', 'palembang', 'lampung', 'bandung', 'yogyakarta', 'rating', 'rendah', 'pengalaman', 'subyektif', 'semoga', 'besok', 'bantu', 'layan', 'hotel', 'pangandaran', 'catat', 'kesini', 'parkir', 'sempit', 'lorong', 'mpit', 'jangan', 'bawa', 'truk', 'alphard', 'masuk', 'hati', 'hati', 'masuk', 'tempat', 'parkir', 'gedung', 'bantu', 'karyawan', 'tugas', 'parkir', 'mandiri', 'minta', 'tolong', 'jalan', 'malioboro', 'tutup', 'sehinga', 'tidak', 'bawa', 'kendaran', 'hotel', 'check', 'masuk', 'late', 'tidak', 'check', 'telat', 'susah', 'negonya', 'menit', 'biar', 'ketemu', 'jumat', 'malioboro', 'silah', 'pesan', 'jenis', 'premier', 'view'];Positif
['kesan', 'suka', 'karyawan', 'banget', 'ramah', 'tempat', 'pandang', 'indah', 'banget', 'fasilitas', 'kolam', 'renang', 'bersih', 'menu', 'sarapan', 'banyak', 'jenis'];Positif
['kasih', 'bintang', 'cepat', 'layan', 'karyawan', 'parkir', 'mobil', 'parkir', 'mobil', 'letak', 'pinggir', 'jalan', 'samping', 'hotel', 'muat', 'mobil', 'sana', 'angkring', 'sempit', 'jalan', 'lokasi', 'parkir', 'lanta', 'sulit', 'tikung', 'tajam', 'karyawan', 'bantu', 'tugas', 'parkir', 'makan', 'rame', 'tingal', 'cepat', 'porsi', 'bawa', 'anak', 'dispensasi', 'bayar', 'kriteria', 'mohon', 'tidak', 'mengunakanya', 'lokasi', 'mudah', 'temu', 'bahan', 'malioboro', 'pusat', 'belanja', 'kawasan', 'malioboro', 'kamar', 'jenis', 'keluarga', 'model', 'minimal', 'buah', 'kasur', 'susun', 'rupa', 'sehinga', 'tampung', 'orang', 'anak'];Positif
['layan', 'ramah', 'malam', 'konsentrasi', 'tidak', 'stabil', 'akses', 'mudah', 'dekat', 'tempat', 'hibur', 'makan', 'lengkap', 'kalang', 'negeri'];Positif
['kamar', 'bersih', 'banget', 'tempat', 'tidur', 'bersih', 'kamar', 'mandi', 'bersih', 'air', 'panas', 'lancar', 'tempat', 'parkir', 'luas', 'pilih', 'sarapan', 'banyak', 'jenis', 'layan', 'ramah'];Positif
['tempat', 'bersih', 'banget', 'layan', 'ramah', 'rekomendasi', 'banget', 'istirahat', 'keluarga', 'kamar', 'bersih', 'spreinya', 'bersih', 'sejuk', 'lokasi', 'mudah', 'temu', 'dekat', 'tempat', 'wisata', 'nyaman', 'banget', 'inti', 'tempat', 'istirahat', 'terima', 'kasih'];Positif
['hotel', 'gedung', 'lokasi', 'mudah', 'temu', 'lokasi', 'jalan', 'malioboro', 'hotel', 'bagus', 'bersih', 'kamar', 'setuju', 'karyawan', 'sopan', 'ramah', 'hotel', 'banyak', 'orang', 'jual', 'makan', 'penting', 'hotel', 'depan', 'protokol', 'sehat', 'pandemi', 'covid', 'inti', 'puas', 'menginap', 'hotel', 'sayang', 'akses', 'tempat', 'parkir', 'sulit', 'lorong', 'mpit', 'sempit', 'catat', 'wanita', 'menginap', 'lantai', 'tolong', 'jangan', 'duduk', 'desa', 'jam', 'malam', 'ketawa', 'lari', 'kamar'];Positif
['pikir', 'hotel', 'keren', 'murah', 'tidak', 'nyesal', 'inti', 'lezat', 'banget', 'kamar', 'nyaman', 'bersih', 'toilet', 'bersih', 'banget', 'layan', 'setuju', 'makan', 'lezat'];Positif
['salah', 'hotel', 'bagus', 'mudah', 'temu', 'kawasan', 'jalan', 'utama', 'malioboro', 'yogyakarta', 'desain', 'bangun', 'bagus', 'hotel', 'baik', 'harga', 'kompetitif', 'murah', 'banding', 'hotel', 'tara', 'kawasan', 'malioboro'];Positif
['kamar', 'bagus', 'luas', 'hotel', 'bersih', 'nyaman', 'santa', 'kolam', 'renang', 'lepas', 'penat', 'makan', 'lezat'];Positif
['kamar', 'bersih', 'kamar', 'mandi', 'bersih', 'suka', 'kolam', 'renang', 'senang', 'air', 'bersih', 'yogyakarta', 'wajib', 'mampir'];Positif
['segi', 'lokasi', 'aveta', 'hotel', 'mantap', 'letak', 'jalan', 'malioboro', 'turun', 'hotel', 'ketemu', 'jalan', 'malioboro', 'hotel', 'jam', 'pagi', 'ofice', 'langsung', 'layan', 'langsung', 'kamar', 'tidak', 'nungu', 'jam', 'siang', 'fleksibel', 'banget', 'kamar', 'hotel', 'luas', 'bersih', 'banget', 'sarapan', 'lezat', 'banyak', 'menginap', 'menu', 'ubah', 'ubah', 'unjung', 'restoran', 'batas', 'sehinga', 'protokol', 'sehat', 'jamin', 'sana', 'mudah', 'bantu', 'karyawan', 'layak', 'rekomendasi'];Positif
['bersih', 'nyaman', 'makan', 'lezat', 'banyak', 'pilih', 'karyawan', 'ramah', 'lokasi', 'belah', 'pusat', 'belanja', 'malioboro', 'akses', 'mana', 'mudah'];Positif
['hotel', 'keren', 'banget', 'letak', 'malioboro', 'dekat', 'jalan', 'jalan', 'aman', 'malam', 'kamar', 'bersih', 'nyaman', 'mana', 'harga', 'sunguh', 'murah', 'libur', 'yogyakarta'];Positif
['karyawan', 'ramah', 'temu', 'sapa', 'tamu', 'kamar', 'bersih', 'nyaman', 'menu', 'sarapan', 'desert', 'banyak', 'jenis', 'lezat', 'terima', 'kasih', 'aveta', 'hotel', 'malioboro'];Positif
['bintang', 'layan', 'fasilitas', 'sesuai', 'standar', 'hotel', 'kamar', 'kamar', 'mandi', 'bersih', 'kamar', 'luas', 'lokasi', 'mudah', 'temu', 'apresiasi', 'layan', 'respon', 'cepat', 'kirim', 'pesan', 'hinga', 'reservasi', 'hinga', 'check', 'masuk', 'diberitahu', 'jalan', 'malioboro', 'tutup', 'pandu', 'parkir', 'jalan', 'mataram', 'jemput', 'mobil', 'bantu', 'parkir', 'tugas', 'parkir', 'jalan', 'malioboro', 'buka', 'proses', 'check', 'inya', 'cepat', 'minta', 'pinjam', 'bak', 'mandi', 'mandi', 'anak', 'respon', 'cepat', 'kerja', 'bagus', 'aveta', 'hotel'];Positif
['menginap', 'tangal', 'hinga', 'mei', 'kamar', 'nomor', 'layan', 'buruk', 'sulit', 'hubung', 'milik', 'koneksi', 'lambat', 'fasilitas', 'jaring', 'internet', 'buruk', 'terima', 'sulit', 'hubung', 'jaring', 'jaring', 'internet', 'koneksi', 'lambat', 'minta', 'lengkap', 'mandi', 'sikat', 'gigi', 'sabun', 'kamar', 'layan', 'lupa', 'memberikanya', 'bersih', 'kamar', 'lengkap', 'mandi', 'sikat', 'gigi', 'sabun', 'minta', 'karyawan', 'kamar', 'layan', 'lupa', 'memberikanya', 'bersih', 'kamar', 'hotel', 'milik', 'lokasi', 'mudah', 'temu', 'jalan', 'malioboro', 'pilih', 'menginap', 'tidak', 'milik', 'pilih', 'menginap', 'yogyakarta', 'lokasi', 'hotel', 'mudah', 'temu', 'menginap', 'hotel', 'tidak', 'pilih', 'hotel', 'menginap'];Negatif
['kamar', 'bagus', 'bersih', 'sehinga', 'nyaman', 'istirahat', 'lokasi', 'mudah', 'temu', 'layan', 'baik', 'hotel', 'tidak', 'sesal', 'menginap'];Positif
['temu', 'hotel', 'bagus'];Positif
['kamar', 'bersih', 'layan', 'lokasi', 'bagus', 'pengalaman', 'bagus', 'rekomendasi', 'hotel'];Positif
['hotel', 'bagus', 'bersih', 'layan', 'ramah', 'lokasi', 'mudah', 'temu', 'banyak', 'toko', 'serba', 'dekat', 'hotel', 'jangan', 'khawatir', 'temu', 'kafe', 'kedai', 'kopi', 'lezat', 'dekat', 'hotel', 'cinta'];Positif
['hotel', 'konsep', 'minimal', 'apik', 'bagus', 'banget', 'kolam', 'renang', 'nyaman', 'ruang', 'senang', 'menginap', 'keluarga', 'lokasi', 'mudah', 'temu'];Positif
['tepat', 'jumat', 'oktober', 'jam', 'waktu', 'indonesia', 'barat', 'unjung', 'tempat', 'permintan', 'tamu', 'hotel', 'sunguh', 'kaget', 'layan', 'salah', 'satpam', 'jam', 'segitu', 'dokter', 'tidak', 'tatap', 'curiga', 'intip', 'arah', 'kaget', 'layan', 'larang', 'ruang', 'tunggu', 'pandang', 'rendah', 'olah', 'curiga', 'salah', 'tidak', 'ruang', 'tunggu', 'ruang', 'tunggu', 'sambut', 'tamu', 'boleh', 'bantu', 'buka', 'lift', 'kamar', 'tamu', 'marah', 'hotel', 'ikut', 'prosedur', 'izin', 'sambut', 'tamu', 'tidak', 'larang', 'pergi', 'ruang', 'tunggu', 'tidak', 'boleh', 'masuk', 'kamar', 'tamu', 'alas', 'aman', 'hotel', 'tidak', 'tungu', 'ruang', 'tunggu', 'tinggal', 'barang', 'sambut', 'tamu', 'larang', 'pergi', 'ruang', 'tunggu', 'aman', 'setuju', 'pergi', 'ruang', 'tunggu', 'minta', 'izin', 'lepas', 'terap', 'bukan', 'teman', 'tamu', 'hotel', 'antar', 'barang', 'tamu', 'hotel', 'larang', 'ruang', 'tunggu', 'salut', 'sabar', 'karyawan', 'dengar', 'keluh', 'kesah', 'kemarin', 'menindaklanjuti', 'masuk', 'kemarin', 'tidak', 'harap', 'manajemen', 'hotel', 'depan', 'layan', 'maksimal', 'permintan', 'tamu', 'hotel', 'banyak', 'jenis', 'baik', 'satpam', 'tidak', 'langsung', 'hakim', 'hotel', 'tamu', 'orang', 'jujur', 'malu', 'campur', 'marah', 'aman', 'kurang', 'sopan', 'langsung', 'tuduh', 'terap', 'profesi', 'terap', 'salah', 'hotel', 'lagipula', 'permintan', 'tamu', 'hotel', 'menginap', 'jangan', 'main', 'main', 'tuduh', 'nilai', 'pekerjan', 'tampil', 'laku', 'buruk', 'hotel', 'mohon', 'manajemen', 'hormat', 'menindaklanjuti', 'dengar', 'sepele', 'pengaruh', 'tamu', 'pilih', 'menginap', 'hotel', 'bayar', 'tamu', 'hotel', 'layan', 'masyarakat', 'pikir', 'ulang', 'terima', 'kasih', 'mohon', 'maaf', 'ulas', 'bukan', 'jelek', 'biar', 'masuk', 'maju', 'hotel', 'terima', 'kasih'];Negatif
['hotel', 'indah', 'bersih', 'lokasi', 'sarapan', 'banyak', 'variasi', 'karyawan', 'bantu', 'sopan'];Positif
['layan', 'terima', 'lebih', 'harap', 'hotel', 'bintang', 'bersih', 'nyaman', 'makan', 'ringan', 'gratis', 'kamar', 'lokasi', 'pusat', 'malioboro', 'mudah', 'mana', 'sunguh', 'pengalaman', 'senang'];Positif
['tamu', 'ramadhan', 'layan', 'sambut', 'karyawan', 'hotel', 'tamu', 'puas'];Positif
['hotel', 'persis', 'jalan', 'malioboro', 'belah', 'pusat', 'belanja', 'momen', 'piala', 'eropa', 'langsung', 'riah', 'seru'];Positif
['hotel', 'aveta', 'jalan', 'utama', 'malioboro', 'belah', 'malioboro', 'pusat', 'belanja', 'fasilitas', 'hotel', 'kamar', 'bagus', 'bersih', 'hotel', 'karyawan', 'lantai', 'check', 'masuk', 'kolam', 'renang', 'restoranya', 'lantai', 'masuk', 'parkir', 'check', 'masuk', 'lorong', 'mpit', 'tambah', 'dagang', 'kaki', 'sepeda', 'motor', 'makan', 'parkir', 'sana', 'sempit', 'rumit', 'pandu', 'tempat', 'parkir', 'mobil', 'tidak', 'besar', 'check', 'masuk', 'cepat', 'uang', 'jamin', 'check'];Positif
['kemarin', 'cari', 'tempat', 'menginap', 'tidak', 'ide', 'menginap', 'menginap', 'tidak', 'sesal', 'layan', 'ramah', 'fasilitas', 'setuju', 'tidak', 'sesal', 'harga', 'mahal'];Positif
['hotel', 'kawasan', 'malioboro', 'hotel', 'sepenuh', 'selesai', 'banyak', 'aktivitas', 'material', 'konstruksi', 'tempat', 'hotel', 'akibat', 'ruang', 'bau', 'bahan', 'bangun', 'lorong', 'koridor', 'panas', 'pekerjan', 'plafon', 'selesai', 'luas', 'kolam', 'renang', 'kotor', 'sisa', 'bahan', 'bangun', 'lantai', 'kusam', 'meja', 'sambut', 'tamu', 'bingung', 'pasuk', 'ruang', 'tunggu', 'hotel', 'akses', 'ruang', 'tunggu', 'masuk', 'lorong', 'mpit', 'tidak', 'langsung', 'malioboro', 'kamarkamar', 'kelengkapanya', 'sesuai', 'klaim', 'standar', 'bintang', 'mudah', 'mudah', 'operasi', 'penuh', 'terima', 'kasih'];Negatif
['salah', 'hotel', 'rekomendasi', 'dekat', 'tempat', 'wisata', 'yogyakarta', 'kolam', 'renang', 'inti', 'bagus', 'layan', 'ramah', 'sopan'];Positif
['kamar', 'bagus', 'bersih', 'fasilitas', 'kolam', 'renang', 'lokasi', 'mudah', 'temu', 'dekat', 'jalan', 'raya', 'sarapan', 'agam', 'banyak', 'camil', 'gratis', 'kulkas'];Positif
['rekomendasi', 'hotel', 'nyaman', 'moderen', 'banget', 'nila', 'lokasi', 'mudah', 'temu', 'banget', 'karyawan', 'sopan', 'ramah', 'reservasi', 'karyawan', 'bantu', 'karyawan', 'sambut', 'ramah', 'sampa', 'hotel', 'bantu', 'karyawan', 'sarapan', 'baik', 'aveta', 'sukses', 'hotel', 'karyawan'];Positif
['harga', 'murah', 'tempat', 'luas', 'bersih', 'cocok', 'libur', 'keluarga', 'lokasi', 'mudah', 'temu', 'nilai', 'besar', 'layan', 'ramah', 'tinggal', 'jam'];Positif
['lokasi', 'hotel', 'mudah', 'temu', 'mudah', 'jangkau', 'kamar', 'nyaman', 'bersih', 'layan', 'cocok', 'tempat', 'istirahat', 'libur', 'yogyakarta'];Positif
['kamar', 'bagus', 'bersih', 'lokasi', 'senang', 'jalan', 'malioboro', 'belah', 'malioboro', 'pusat', 'belanja', 'kolam', 'renang', 'bagus', 'kurang', 'cocok', 'lobi', 'lantai', 'butuh', 'check', 'masuk', 'lantai', 'turun', 'kurang', 'nyaman'];Positif
['pengalaman', 'senang', 'relaksasi', 'layan', 'cepat', 'ramah', 'kamar', 'sesuai', 'permintan'];Positif
['layan', 'kurang', 'ramah', 'satpam', 'tidak', 'sensitif', 'kamar', 'luas', 'tidak', 'padan', 'harga', 'lobi', 'sempit', 'banget', 'lantai', 'bolak', 'check', 'masuk', 'turun', 'kamar', 'kurang'];Negatif
['lokasi', 'mudah', 'temu', 'hotel', 'bersih', 'fasilitas', 'setuju', 'karyawan', 'ramah', 'bantu', 'kamar', 'bersih', 'nyaman', 'rekomendasi'];Positif
['hotel', 'bagus', 'tema', 'kontemporer', 'kamar', 'ringkas', 'tidak', 'luas', 'lengkap', 'balkon', 'lokasi', 'bagus', 'sayang', 'variasi', 'sarapan', 'kurang', 'kurang', 'tarik'];Positif
['alhamdulilah', 'menginap', 'aveta', 'nyaman', 'akses', 'mudah', 'layan', 'ramah', 'lokasi', 'jalan', 'malioboro'];Positif
['hotel', 'bagus', 'nila', 'mudah', 'temu', 'letak', 'kawasan', 'jalan', 'utama', 'malioboro', 'dekat', 'stasiun', 'tugu', 'tingal', 'jalan', 'kaki', 'posisi', 'hotel', 'belah', 'selatan', 'malioboro', 'pusat', 'belanja', 'wisata', 'makan', 'cocok', 'hotel', 'pusat', 'kota', 'yogyakarta'];Positif
['tempat', 'nyaman', 'letak', 'pusat', 'malioboro', 'haptik', 'jam', 'jalan', 'kosong', 'jal', 'mobil', 'tutup', 'tidak', 'jalur', 'pilih', 'parkir', 'hotel', 'kamar', 'nyaman', 'tempat', 'tidur', 'besar', 'toilet', 'bersih', 'makan', 'lumayan', 'rambut', 'nenek', 'es', 'krim', 'lezat', 'libur', 'yogyakarta'];Positif
['menginap', 'hilang', 'stres', 'akibat', 'beban', 'kerja', 'tidak', 'nyaman', 'layan', 'oficenya', 'buruk', 'bayar', 'juta', 'tidak', 'ucap', 'selamat', 'tidak', 'minta', 'krimer', 'minimal', 'kasih', 'resto', 'sendok', 'makan', 'usaha', 'karyawan', 'kurang', 'awat', 'rambut', 'kusut', 'banget', 'kayak', 'orang', 'stres', 'tidak', 'profesional', 'suka', 'karyawan', 'housekeeping', 'langsung', 'merespon', 'minta', 'tata', 'graha'];Negatif
['bagus', 'lokasi', 'mudah', 'temu', 'dekat', 'pusat', 'belanja', 'kawasan', 'wisata', 'interior', 'asri', 'pandang', 'mata', 'fasilitas', 'bagus', 'kolam', 'renang', 'mahal', 'patut', 'coba', 'bersih', 'rapi'];Positif
['hotel', 'besar', 'fasilitas', 'bagus', 'minibarnya', 'kamar', 'luas', 'cocok', 'keluarga', 'sarapan', 'banyak', 'variasi', 'tambah', 'anak', 'corner', 'anak', 'anak', 'senang', 'sayang', 'menginap', 'malam', 'tuntut', 'pekerjan', 'kali', 'aveta', 'terima', 'kasih'];Positif
['kamar', 'bersih', 'banget', 'kamar', 'toilet', 'bersih', 'banget', 'air', 'panas', 'parkir', 'luas', 'pilih', 'sarapan', 'banyak', 'jenis', 'layan', 'ramah'];Positif
['hotel', 'bagus', 'bersih', 'nyaman', 'lokasi', 'mudah', 'temu', 'pusat', 'perbelanjan', 'malioboro', 'harga', 'murah', 'layan', 'hotel', 'ramah'];Positif
['hotel', 'mudah', 'temu', 'letak', 'kota', 'akses', 'mudah', 'mana', 'hotel', 'bersih', 'nyaman', 'libur', 'kesini'];Positif
['capa', 'penuh', 'juang', 'belanja', 'jalan', 'jalan', 'sunguh', 'senang', 'suka'];Positif
['menginap', 'malam', 'juni', 'kasur', 'tiga', 'check', 'sambut', 'tamu', 'bayar', 'biaya', 'kasur', 'salin', 'tagih', 'periksa', 'tidak', 'profesional', 'menginap'];Negatif
['tingal', 'libur', 'tempat', 'keren', 'banget', 'layan', 'setuju', 'lokasi', 'mudah', 'temu', 'belah', 'pusat', 'belanja', 'tempat', 'bersih', 'cocok', 'libur'];Positif
['nikmat', 'menginap', 'aveta', 'hotel', 'malioboro', 'banyak', 'temu', 'dekat', 'suasana', 'senang', 'waktu', 'libur', 'yogyakarta', 'hotel', 'aveta'];Positif
['menu', 'sarapan', 'banyak', 'jenis', 'lezat', 'aneh', 'makan', 'malam', 'promosi', 'libur', 'natal', 'sayang', 'lantai', 'kurang', 'bersih', 'guna', 'keramik', 'toilet', 'tidak', 'milik', 'semprot', 'sprinkler', 'sehinga', 'tamu', 'biasa', 'toilet', 'moderen', 'sulit', 'guna', 'toilet', 'lokasi', 'hotel', 'mudah', 'ketemu', 'jalan', 'malioboro', 'lahan', 'parkir'];Negatif
['beneran', 'setuju', 'banget', 'layan', 'karyawan', 'setuju', 'banget', 'karyawan', 'check', 'masuk', 'check', 'layan', 'bantu', 'sabar', 'hati', 'terima', 'kasih', 'kenang', 'aveta', 'daftar'];Positif
['lokasi', 'malioboro', 'hotel', 'bersih', 'makan', 'hasil', 'kamar', 'besar', 'layan', 'kurang', 'ramah', 'banyak', 'syarat', 'tambah', 'sarapan', 'lapor'];Negatif
['hotel', 'bintang', 'serasa', 'bintang', 'kali', 'yogyakarta', 'hotel', 'lokasi', 'mudah', 'temu', 'dekat', 'pusat', 'belanja', 'malioboro', 'kamar', 'setuju', 'cocok', 'habis', 'waktu', 'keluarga', 'desain', 'bangun', 'bagus', 'harga', 'murah', 'letak', 'pusat', 'kota'];Positif
['hotel', 'nyaman', 'buka', 'pintu', 'langsung', 'malioboro'];Positif
['satpam', 'sampah', 'tidak', 'sikap', 'teriak', 'teriak', 'masyarakat', 'angap', 'bagus', 'satpam', 'nyanyi', 'lagu', 'minta', 'ampun'];Negatif
['baik', 'malioboro', 'hotel', 'mewah', 'wangi', 'lezat', 'banget', 'kamar', 'bersih', 'luas', 'kolam', 'renang', 'roftop', 'makan', 'banyak', 'jenis', 'lezat', 'lokasi', 'bagus', 'banget', 'malioboro'];Positif
['lokasi', 'tidak', 'menang', 'kamar', 'bersih', 'moderen', 'view', 'tembok', 'sarapan', 'lumayan', 'karyawan', 'coffe', 'banyak', 'senyum', 'kamar', 'mandi', 'tidak', 'sedia', 'kran', 'wudhu'];Negatif
['hotel', 'jalan', 'malioboro', 'dekat', 'malioboro', 'pusat', 'belanja', 'selatan', 'pusat', 'belanja', 'kamar', 'deluxe', 'balkon', 'malam', 'kamar', 'bersih', 'besar', 'kulkas', 'buat', 'kopi', 'sarapan', 'lezat', 'menu', 'bagus', 'kadang', 'susah', 'buka', 'pintu', 'kamar'];Positif
['kamar', 'bersih', 'nyaman', 'tenang', 'layan', 'bagus', 'banget', 'ramah', 'lokasi', 'mudah', 'cari', 'rekomendasi', 'jalan', 'jalan', 'malioboro', 'menginap'];Positif
['cocok', 'relaksasi', 'yogyakarta', 'lokasi', 'mudah', 'temu', 'dekat', 'pusat', 'ramai', 'layan', 'bagus', 'fasilitas', 'pada', 'turut', 'rekomendasi'];Positif
['sarapan', 'menu', 'sarapan', 'lengkap', 'makan', 'lezat', 'layan', 'puas', 'masuk', 'tingkat', 'ukur', 'sosis', 'kering', 'penat', 'minum', 'susu', 'botol', 'kurang', 'fleksibel'];Positif
['nyaman', 'sejuk', 'cocok', 'libur', 'kamar', 'bersih', 'makan', 'lezat', 'rasa'];Positif
['kamar', 'bagus', 'bersih', 'mewah', 'lokasi', 'senang', 'fasilitas', 'premium', 'cocok', 'keluarga', 'rekomendasi'];Positif
['lokasi', 'mudah', 'temu', 'layan', 'ramah', 'harga', 'sesuai', 'fasilitas', 'sesuai', 'cocok', 'relaksasi', 'libur', 'keluarga', 'teman', 'kantor', 'tidak', 'sabar', 'kunjung'];Positif
['pengalaman', 'senang', 'malam', 'aveta', 'hotel', 'malioboro', 'kamar', 'rapi', 'bersih', 'penting', 'wangi', 'langsung', 'rasa', 'kacau', 'balau', 'malioboro'];Positif
['baca', 'ulas', 'gogle', 'hotel', 'aveta', 'malioboro', 'tidak', 'buruk', 'ulas', 'hotel', 'kamar', 'luas', 'bersih', 'bar', 'kolam', 'renang', 'anak', 'anak', 'bagus', 'kunci', 'menu', 'sarapan', 'lumayan'];Positif
['hotel', 'bersih', 'karyawan', 'hotel', 'ramah', 'lokasi', 'mudah', 'temu', 'malioboro', 'saran', 'aman', 'ramah', 'hangat', 'layan'];Positif
['lezat', 'banget', 'malam', 'lokasi', 'tempat', 'makan', 'murah', 'suka', 'makan', 'karyawan', 'setuju', 'harga', 'murah', 'pandang', 'bagus', 'mantap'];Positif
['tempat', 'nyaman', 'dekat', 'malioboro', 'capai', 'jalan', 'kaki', 'menu', 'sarapan', 'lezat', 'kamar', 'nyaman', 'rekomendasi', 'yogyakarta', 'wajib', 'menginap'];Positif
['kali', 'suka'];Positif
['nyaman', 'hotel', 'istirahat', 'bersih', 'fasilitas', 'puas', 'harga', 'murah', 'rekomendasi', 'banget'];Positif
['hotel', 'dekat', 'titik', 'simbol', 'khas', 'yogyakarta', 'benteng', 'vredeburg', 'tugu', 'kilo', 'pasar', 'beringharjo', 'tidak', 'pilih', 'hotel', 'yogyakarta', 'kasur', 'lembut', 'orang', 'badan', 'besar'];Positif
['lokasi', 'hotel', 'mudah', 'temu', 'dekat', 'fasilitas', 'pariwisata', 'akses', 'transportasi', 'rekomendasi', 'tempat', 'singah', 'libur', 'keluarga', 'kunjung', 'kerja'];Positif
['lokasi', 'hotel', 'mudah', 'temu', 'dj', 'letak', 'belah', 'malioboro', 'pusat', 'belanja', 'tingal', 'jalan', 'kaki', 'malioboro', 'kamar', 'luas', 'bersih', 'karyawan', 'ramah', 'senang', 'pilih', 'sarapan', 'banyak', 'salah', 'rekomendasi', 'hotel', 'malioboro'];Positif
['mingu', 'gogle', 'hotel', 'bagus', 'mudah', 'temu', 'lokasi', 'banget', 'kawasan', 'jalan', 'utama', 'malioboro', 'tidak', 'kendaran', 'kesana', 'dekat', 'stasiun', 'tugu', 'menit', 'jalan', 'tugu', 'jalan', 'kaki', 'hotel', 'sisi', 'selatan'];Positif
['hotel', 'bagus', 'kamar', 'rapi', 'bersih', 'lokasi', 'mudah', 'temu', 'dekat', 'pusat', 'kota', 'layan', 'puas'];Positif
['menginap', 'bagus', 'menginap', 'bersih', 'rapi', 'alat', 'lengkap', 'lengkap', 'kamar', 'nyaman', 'karyawan', 'rendah', 'hati', 'pengalaman', 'hotel'];Positif
['lokasi', 'prima', 'belah', 'pusat', 'belanja', 'malioboro', 'layan', 'layan', 'karyawan', 'bintang', 'kolam', 'renang', 'besar', 'lantai', 'menu', 'sarapan', 'banyak', 'lezat', 'parkir', 'mobil', 'samping', 'kamar', 'luas', 'tempat', 'tidur', 'besar', 'nyaman', 'ukur', 'king', 'size', 'bantal', 'lezat', 'variasi', 'lembut', 'keras', 'menginap', 'yogyakarta'];Positif
['suka', 'banget', 'kamar', 'luas', 'lokasi', 'malioboro', 'pasar', 'beringharjo', 'setuju', 'titik', 'foto', 'jalan', 'malioboro', 'dekat', 'banget', 'penting', 'dekat', 'lumpia', 'malioboro', 'kenal', 'segi', 'kamar', 'luas', 'nyaman', 'bawa', 'banyak', 'koper', 'kamar', 'mandi', 'setuju', 'fasilitas', 'lengkap', 'titik', 'foto', 'turut', 'lucu', 'banget', 'restoran', 'matahari', 'benam', 'warna', 'indah', 'kesini', 'jalan', 'jalan', 'yogyakarta'];Positif
['nyaman', 'menginap', 'hotel', 'balkon', 'kamar', 'bersih', 'wangi', 'air', 'panas', 'hidup', 'jangan', 'lupa', 'layan', 'ramah'];Positif
['hotel', 'nyaman', 'mudah', 'temu', 'langsung', 'jalan', 'malioboro', 'karyawan', 'ramah', 'waktu', 'menginap', 'terima', 'kasih', 'aveta', 'hotel'];Positif
['nyaman', 'tingal', 'kamar', 'bersih', 'fasilitas', 'setuju', 'layan', 'ramah', 'cocok', 'relaksasi', 'teman', 'yogyakarta'];Positif
['yogyakarta', 'tidak', 'lengkap', 'tidak', 'unjung', 'aveta', 'hotel', 'jalan', 'malioboro', 'jalan', 'penuh', 'makan', 'tradisional', 'khas', 'yogyakarta', 'aveta', 'hotel', 'malioboro', 'hotel', 'wajib', 'coba', 'kunjung', 'yogyakarta', 'letak', 'jalan', 'malioboro', 'langsung', 'suasana', 'jalan', 'malioboro', 'balkon', 'kamar', 'hotel', 'bersih', 'nyaman', 'karyawan', 'karyawan', 'ramah'];Positif
['layan', 'bagus', 'kamar', 'nyaman', 'sesuai', 'lokasi', 'ruang', 'tunggu', 'sambut', 'tamu', 'lobi', 'lantai', 'turun', 'tidak', 'nyaman', 'simpan', 'barang', 'bawan'];Positif
['pengalaman', 'menginap', 'hotel', 'karyawan', 'ramah', 'lokasi', 'mudah', 'temu', 'fasilitas', 'bagus', 'harga', 'murah', 'padan'];Positif
['tempat', 'nyaman', 'bersih', 'lezat', 'rekomendasi', 'tempat', 'libur', 'menginap', 'surga'];Positif
['puas', 'menginap', 'kesan', 'kamar', 'bersih', 'awat', 'menu', 'sarapan', 'banyak', 'pilih', 'suasana', 'hotel', 'nyaman', 'istirahat', 'hinga', 'karyawan', 'profesional', 'sunguh', 'pengalaman', 'menginap', 'aveta', 'malioboro', 'jogyakarta'];Positif
['tempat', 'bersih', 'banget', 'kamar', 'bersih', 'rapi', 'wangi', 'lezat', 'cocok', 'banget', 'libur', 'yogyakarta', 'cari', 'hotel', 'nyaman'];Positif
['hotel', 'bagus', 'lokasi', 'mudah', 'temu', 'dekat', 'mana', 'layan'];Positif
['pilih', 'menginap', 'aveta', 'hotel', 'jalan', 'jalan', 'kawasan', 'malioboro', 'kondisi', 'dagang', 'kaki', 'kondisi', 'menginap', 'malam', 'lapor', 'masuk', 'lapor', 'sabtu', 'mingu', 'hotel', 'jam', 'sore', 'kendaran', 'taxi', 'online', 'tolak', 'antar', 'lokasi', 'hotel', 'alas', 'macet', 'pesan', 'batal', 'sopir', 'kirim', 'pesan', 'jangan', 'batal', 'tips', 'taksi', 'online', 'sedia', 'antar', 'sepakat', 'antar', 'jalan', 'mataram', 'jalan', 'hotel', 'aveta', 'jalan', 'seret', 'koper', 'pulang', 'alami', 'sulit', 'taksi', 'online', 'antar', 'stasiun', 'putus', 'becak', 'kesimpulanya', 'menginap', 'kawasan', 'malioboro', 'pribadi', 'tidak', 'nyaman', 'ramai', 'tidak', 'pilih', 'tempat', 'hotel', 'kawasan', 'malioboro', 'hotel', 'tidak', 'masalah', 'setuju'];Negatif
['menginap', 'malam', 'keluarga', 'orang', 'anak', 'kamar', 'hubung', 'milik', 'balkon', 'hotel', 'tahap', 'bangun', 'persen', 'karyawan', 'hotel', 'ramah', 'bantu', 'lokasi', 'persis', 'samping', 'pusat', 'belanja', 'maliboro', 'sehinga', 'mudah', 'belanja', 'dunia', 'senang', 'kolam', 'renang', 'anak', 'dewasa', 'besar', 'roftop', 'banyak', 'makan', 'cepat', 'saji', 'makan', 'seberang', 'hotel', 'menu', 'sarapan', 'lezat', 'banyak', 'jenis', 'favorit', 'anak', 'anak', 'sup', 'ayam', 'nasi', 'goreng'];Positif
['lokasi', 'mudah', 'temu', 'ibukota', 'yogyakarta', 'tempat', 'nyaman', 'menginap', 'keluarga', 'harga', 'murah', 'rekomendasi', 'banget', 'keluarga'];Positif
['turut', 'akses', 'masuk', 'kurang', 'bagus', 'akses', 'parkir', 'masuk', 'lorong', 'mpit', 'sempit', 'tidak', 'rekomendasi', 'layan', 'kayak', 'karyawan', 'bukan', 'karyawan', 'hotel', 'bukan', 'hotel', 'layan', 'kurang', 'bagus', 'parkir', 'kurang', 'rapi', 'campur', 'sarang', 'burung', 'kayu', 'elpiji', 'layak', 'banget', 'bintang', 'kondisi', 'kamar', 'setuju', 'lokasi', 'mudah', 'temu'];Positif
['hotel', 'buruk', 'kali', 'coba', 'karyawan', 'karyawan', 'tidak', 'profesional', 'tidak', 'rekomendasi', 'hotel', 'tidak', 'bintang', 'karyawan', 'tidak', 'manajer', 'tugas', 'hotel', 'aneh', 'pasuk', 'lingkung', 'asing', 'tidak', 'anak', 'istri', 'cari', 'hotel'];Negatif
['menginap', 'baik', 'indonesia', 'jenis', 'kamar', 'deluxy', 'balkonkamar', 'sarapan', 'bagus', 'wajib', 'coba', 'lokasi', 'bagus', 'karyawan', 'ramah', 'jalan', 'utama', 'tidak', 'tergangu', 'malam', 'pergi', 'bal', 'kota', 'favorit'];Positif
['kamar', 'luas', 'kasur', 'king', 'kelas', 'superior', 'makan', 'bersih', 'variasi', 'makan', 'banyak', 'sedia', 'donat', 'tempat', 'mudah', 'temu', 'jalan', 'malioboro'];Positif
['kali', 'kesini', 'puas', 'sampa', 'ruang', 'pojok', 'jalan', 'malioboro', 'karyawan', 'ramah', 'rekomendasi', 'inti'];Positif
['hotel', 'nyaman', 'cocok', 'banget', 'menginap', 'jalan', 'jalan', 'yogyakarta', 'lokasi', 'mudah', 'temu', 'layan', 'karyawan', 'ramah', 'banget', 'bagus'];Positif
['jalan', 'malioboro', 'hotel', 'ide', 'minimal', 'lokasi', 'mudah', 'temu', 'tidak', 'bosan', 'kamar', 'senang', 'hilang', 'kamar', 'balkon', 'tidak', 'boleh', 'rokok', 'tidak', 'erti', 'rokok', 'tidak', 'boleh', 'balkon', 'milik', 'kursi', 'meja', 'banyak', 'ruang', 'buka', 'minta', 'kamar', 'akses', 'balkon', 'asumsi', 'rokok', 'balkon', 'okok', 'hindar', 'menginap', 'hotel', 'hotel', 'tidak', 'izin', 'rokok'];Positif
['sarapan', 'beranta', 'sedia', 'jam', 'jam', 'habis', 'tidak', 'diisi', 'ulang', 'makan', 'kamar', 'minimal', 'bagus', 'bawa', 'banyak', 'barang', 'kurang', 'rekomendasi'];Negatif
['kamar', 'elegan', 'sejuk', 'rekomendasi', 'teman', 'teman', 'jalan', 'bisnis', 'kota', 'wisata', 'layan', 'ramah', 'lokasi', 'dekat', 'suasana', 'standar', 'kota', 'yogyakarta'];Positif
['rekomendasi', 'hotel', 'lokasi', 'mudah', 'temu', 'jalan', 'malioboro', 'pintu', 'hotel', 'langsung', 'nikmat', 'indah', 'suasana', 'jalan', 'malioboro', 'kamar', 'bersih', 'layan', 'bagus'];Positif
['lebih', 'karyawan', 'ramah', 'kamar', 'kamar', 'mandi', 'luas', 'bersih', 'sarapan', 'lezat', 'kedap', 'suara', 'bagus', 'lokasi', 'jalan', 'malioboro', 'kurang', 'lahan', 'parkir', 'tidak', 'saran', 'bawa', 'mobil'];Positif
['engak', 'nyangka', 'hotel', 'nyaman', 'dekat', 'mana', 'fasilitas', 'lengkap', 'layan', 'setuju', 'penting', 'bersih', 'jenis', 'orang', 'ngecek', 'kolong', 'kasur', 'bersih', 'banget', 'rencana', 'jalan', 'jalan', 'malioboro', 'saran', 'menginap'];Positif
['hotel', 'tidak', 'nyaman', 'aman', 'layan', 'karyawan', 'kurang' 'sopan', 'sepi', 'jadi', 'persingahan'];Negatif
['lokasi', 'mudah', 'temu', 'tempat', 'nyaman', 'banget', 'jangan', 'ragu', 'menginap', 'makan', 'lezat'];Positif
['tuhan', 'moment', 'tuhan', 'wisata', 'yogyakarta', 'menginap', 'hotel', 'nyaman', 'banget', 'layan', 'banget', 'karyawan', 'rendah', 'hati', 'banget', 'terima', 'kasih', 'karyawan', 'jumpa'];Positif
['hotel', 'mudah', 'temu', 'jalan', 'malioboro', 'nyaman', 'bersih', 'tenang', 'aman', 'referensi', 'libur', 'yogyakarta'];Positif
['hotel', 'bagus', 'mudah', 'temu', 'lokasi', 'banget', 'kawasan', 'jalan', 'utama', 'malioboro', 'layan', 'terima', 'kasih', 'sukses'];Positif
['hotel', 'bagus', 'dekat', 'malioboro', 'harga', 'nyaman', 'murah', 'suka', 'layan', 'cocok', 'wisatawan'];Positif
['lokasi', 'mudah', 'temu', 'milik', 'hotel', 'karyawan', 'cepat', 'tanggap', 'bantu', 'unjung', 'tahap', 'buk', 'puas', 'pelang', 'desain', 'bangun', 'detail', 'indornya', 'tarik', 'minimal', 'cocok', 'menginap', 'keluarga', 'menginap', 'terima', 'kasih'];Positif
['salah', 'hotel', 'kawasan', 'malioboro', 'suguh', 'pandang', 'malioboro', 'langsung', 'balkon', 'sehinga', 'nikmat', 'indah', 'jalan', 'malioboro', 'wisatawan'];Positif
['tingal', 'libur', 'tidak', 'sesal', 'posisi', 'hotel', 'mudah', 'temu', 'ruang', 'tunggu', 'langsung', 'jalan', 'malioboro', 'kurang', 'karyawan', 'lantai', 'check', 'masuk', 'susah', 'kartu', 'akses'];Positif
['hotel', 'jalan', 'malioboro', 'rekomendasi', 'jalan', 'jalan', 'malioboro', 'kamar', 'luas', 'fasilitas', 'dingin', 'ruang', 'pancur', 'air', 'panas', 'televisi', 'jaring', 'internet', 'kolam', 'renang', 'letak', 'belah', 'sambut', 'tamu', 'lantai'];Positif
['tempat', 'bagus', 'nyaman', 'parkir', 'tugas', 'parkir'];Positif
['aveta', 'hotel', 'cocok', 'malam', 'istirahat', 'kamar', 'luas', 'kolam', 'renang', 'indah', 'desain', 'kamar', 'elegan', 'bagus'];Positif
['hotel', 'mudah', 'temu', 'malioboro', 'kamar', 'nyaman', 'sarapan', 'banyak', 'banget', 'lezat', 'ruang', 'sarapan', 'lezat', 'nyaman', 'karyawan', 'karyawan', 'hotel', 'ramah', 'profesional', 'cepat', 'tanggap', 'tamu', 'masalah', 'terima', 'kasih', 'aveta', 'hotel'];Positif
['lokasi', 'hotel', 'mudah', 'temu', 'karyawan', 'ramah', 'kamar', 'bersih', 'rapi', 'makan', 'bantu', 'inti', 'nyaman', 'menginap', 'aveta', 'hotel', 'malioboro', 'umur', 'ajak', 'teman', 'teman', 'keluarga', 'pergi', 'yogyakarta', 'menginap', 'aveta', 'hotel', 'malioboro', 'terima', 'kasih', 'yogyakarta', 'terima', 'kasih', 'banyak', 'aveta', 'hotel', 'rindu'];Positif
['tidak', 'jatuh', 'cinta', 'tempat', 'bagus', 'banget', 'keliling', 'yogyakarta', 'temu', 'hotel', 'murah', 'kamar', 'nyaman', 'banget', 'rekomendasi'];Positif
['hotel', 'pusat', 'kota', 'yogyakarta', 'malioboro', 'dekat', 'pusat', 'perbelanjan', 'makan', 'wisata', 'kamar', 'balkon', 'tidak', 'pakai', 'rokok', 'mohon', 'timbang'];Negatif
['salah', 'hotel', 'baik', 'kawasan', 'yogyakrta', 'harga', 'banding', 'layan', 'kelas', 'kamar', 'akses', 'mudah', 'nyaman', 'istirahat'];Positif
['hotel', 'mewah', 'nyaman', 'kamar', 'bersih', 'rapi', 'toilet', 'wangi', 'kasur', 'selimut', 'inti', 'betah', 'tidak', 'pusing', 'cari', 'tempat', 'menginap', 'layan', 'profesional', 'banget', 'kursi', 'ruang', 'tunggu', 'banyak', 'santa', 'tungu', 'nikmat', 'udara', 'segar', 'lokasi', 'mudah', 'temu', 'pusat', 'malioboro', 'bantu', 'segi', 'aman', 'ajak', 'keluarga', 'libur', 'usaha', 'bagus', 'padan'];Positif
['lokasi', 'mudah', 'temu', 'jalan', 'malioboro', 'tempat', 'favorit', 'meningalkan', 'hotel', 'langsung', 'pusat', 'ramai', 'tempat', 'bersih', 'nyaman', 'layan', 'ramah', 'harga', 'relatif', 'murah', 'pusat', 'kota', 'kolam', 'renang', 'lantai', 'ulang'];Positif
['kamar', 'bagus', 'bersih', 'moderen', 'kolam', 'makan', 'setuju', 'rekomendasi', 'menginap', 'dekat', 'malioboro'];Positif
['yogyakarta', 'menginap', 'puas', 'kamar', 'service', 'bersih', 'tidak', 'bau', 'apek', 'explore', 'kolam', 'renang', 'roftop', 'lokasi', 'mudah', 'temu', 'dekat', 'stasiun'];Positif
['salah', 'hotel', 'rekomendasi', 'pusat', 'kota', 'yogyakarta', 'kamar', 'bersih', 'layan', 'setuju', 'harga', 'tidak', 'mahal', 'tidak', 'stasiun', 'ojek', 'online'];Positif
['salah', 'hotel', 'wajib', 'menginap', 'libur', 'hotel', 'milik', 'restoran', 'kamar', 'tawar', 'suasana', 'sejuk', 'kesan', 'nyaman'];Positif
['kamar', 'bersih', 'luas', 'lokasi', 'tepat', 'jalan', 'malioboro', 'belah', 'malioboro', 'pusat', 'belanja', 'batas', 'kendaran', 'motor', 'laku', 'jam', 'malioboro', 'pasti', 'kendaran', 'parkir', 'jam', 'rencana', 'pergi', 'malioboro'];Positif
['lokasi', 'mudah', 'temu', 'dekat', 'pusat', 'kota', 'lezat', 'mana', 'nongkrong', 'jalan', 'jalan', 'keluarga', 'kamar', 'bersih', 'layan', 'baik'];Positif
['hotel', 'malioboro', 'lezat', 'jalan', 'kaki', 'kamar', 'besar', 'bersih'];Positif
['ramah', 'kantong', 'sesuai', 'biaya', 'libur', 'lokasi', 'mudah', 'temu', 'pusat', 'kota', 'yogyakarta', 'mana', 'mudah', 'cari', 'transportasi', 'layan', 'bagus'];Positif
['rekomendasi', 'hotel', 'jalan', 'jalan', 'yogyakarta', 'lokasi', 'mudah', 'temu', 'tidak', 'jalan', 'kemalioboro', 'bersih', 'kamar', 'luas'];Positif
['lokasi', 'mudah', 'temu', 'nilai', 'nila', 'layan', 'ramah', 'manja', 'sana', 'pilih', 'menu', 'agam', 'nilai', 'nila', 'inti', 'rekomendasi', 'libur', 'jalan', 'bisnis', 'yogyakarta'];Positif
['kamar', 'nyaman', 'luas', 'bersih', 'lokasi', 'mudah', 'temu', 'yogyakarta', 'mudah', 'dekat', 'lokasi', 'wisata', 'bagus'];Positif
['lokasi', 'hotel', 'mudah', 'temu', 'langsung', 'pintu', 'malioboro', 'malioboro', 'pusat', 'belanja', 'tingal', 'keliling', 'hotel', 'rekomendasi', 'cari', 'hotel', 'tidak', 'malioboro', 'aman', 'kamar', 'boynya', 'ramah', 'karyawan', 'kurang', 'ramah'];Positif
['menu', 'telur', 'kamar', 'kran', 'wudhu'];Positif
['lokasi', 'mudah', 'temu', 'malioboro', 'samping', 'malioboro', 'pusat', 'belanja', 'cocok', 'banget', 'libur', 'pusat', 'kota', 'yogyakarta', 'malioboro', 'yogyakarta', 'malioboro', 'makan', 'nasi', 'lauk', 'pauk', 'bagus', 'aveta', 'bersih', 'fasilitas', 'lengkap', 'tambah', 'kolam', 'renang', 'roftop', 'rekomendasi', 'libur', 'yogyakarta', 'kasih', 'bintang', 'besok', 'kesini', 'untung', 'ha', 'ha'];Positif
['letak', 'pusat', 'kota', 'yogyakarta', 'belah', 'selatan', 'pusat', 'belanja', 'malioboro', 'hotel', 'unik', 'masuk', 'jumpa', 'coffe', 'karyawan', 'lantai', 'kolam', 'renang', 'sky', 'ruang', 'tunggu', 'bawa', 'mobil', 'pribadi', 'lorong', 'mpit', 'persis', 'belah', 'pusat', 'belanja', 'malioboro', 'masuk', 'situ', 'jalan', 'kaki', 'stasiun', 'tugu', 'murah'];Positif
['lokasi', 'mudah', 'temu', 'kamar', 'bersih', 'nyaman', 'fasilitas', 'lengkap', 'saran', 'malam', 'libur', 'yogyakarta'];Positif
['pengalaman', 'bagus', 'menginap', 'oktober', 'kamar', 'pesan', 'keluarga', 'quadruple', 'mahal', 'pekan', 'layak', 'kamar', 'bersih', 'luas', 'balkon', 'makan', 'setuju', 'tidak', 'nyaman', 'tanda', 'terima', 'bayar', 'kamar', 'transfer', 'bank', 'tidak', 'email', 'untung', 'tidak', 'buang', 'bawa', 'baik', 'check', 'masuk', 'check', 'alhamdulilah', 'menyimpanya', 'masalah', 'hotel', 'kurang', 'tempat', 'parkir', 'tempat', 'turun', 'arah', 'karyawan', 'aman', 'bantu', 'kamar', 'jaring', 'internet', 'kamar', 'buruk', 'periksa', 'inti', 'buat', 'khawatir', 'lantai', 'kamar', 'mandi', 'licin', 'basah', 'tidak', 'pegang', 'orang', 'tua', 'bahaya', 'tidak', 'akses', 'kursi', 'roda', 'hotel', 'jumpa', 'coffe', 'sulit', 'angkat', 'kursi', 'roda', 'turun', 'tanga', 'informasi', 'sambut', 'tamu', 'kolam', 'renang', 'restoran', 'lantai'];Negatif
['hotel', 'letak', 'pusat', 'kota', 'yogyakarta', 'lokasi', 'mudah', 'temu', 'bersih', 'rapi', 'unik', 'layan', 'harga', 'murah', 'fasilitas', 'dekat', 'malioboro', 'pusat', 'belanja'];Positif
['hotel', 'nyaman', 'kamar', 'luas', 'kamar', 'mandi', 'bersih', 'momen', 'baik'];Positif
['bagus', 'kamar', 'kurang', 'kedap', 'suara', 'layan', 'lokasi', 'bagus', 'sarapan', 'lengkap'];Positif
['layan', 'bagus', 'kamar', 'bersih', 'luas', 'kamar', 'mandi', 'tidak', 'drainase', 'air', 'ruang', 'keluarga', 'kurang', 'lancar', 'parkir', 'batas', 'kelebihanya', 'dekat', 'malioboro', 'tingal', 'selang'];Positif
['hotel', 'waktu', 'check', 'masuk', 'lumayan', 'menit', 'tungu', 'kamar', 'rekomendasi', 'sarapan', 'setuju', 'parkir', 'sulit', 'tidak', 'tempat', 'parkir', 'bangun', 'utama', 'tingkat', 'layan', 'check', 'masuk', 'parkir'];Positif
['hotel', 'kawasan', 'malioboro', 'harga', 'tidak', 'banding', 'tempat', 'parkir', 'beranta', 'ofice', 'hotel', 'lantai', 'balkon', 'larang', 'larang', 'rokok', 'lucu', 'tempat', 'sampah', 'kurang', 'kolam', 'renang', 'kurang', 'estetis'];Positif
['kejut', 'kamar', 'toilet', 'luas', 'fasilitas', 'dasar', 'sedia', 'penting', 'acnya', 'dingin', 'menginap'];Positif
['lokasi', 'jalan', 'malioboro', 'jadwal', 'sarapan', 'jam', 'waktu', 'indonesia', 'barat', 'jam', 'makan', 'peralatanya', 'kurang', 'puas', 'tambah', 'proses', 'checkoutnya', 'orang', 'numpuk', 'sambut', 'tamu'];Negatif
['hotel', 'tidak', 'bersih', 'layan', 'karyawan', 'sambut', 'tamu', 'nama', 'karyawan', 'ramah', 'tidak', 'bantu'];Negatif
['hotel', 'langsung', 'jalan', 'malioboro', 'kamar', 'nyaman', 'bersih', 'nyaman', 'jalan', 'kaki', 'sepeda', 'motor', 'malam', 'mobil', 'day'];Positif
['lokasi', 'mudah', 'temu', 'langsung', 'malioboro', 'hotel', 'bersih', 'rekomendasi', 'yogyakarta'];Positif
['lokasi', 'mudah', 'temu', 'kamar', 'nyaman', 'betah', 'yogyakarta', 'tempat', 'menginap', 'terima', 'kasih', 'aveta', 'sukses'];Positif
['kamar', 'bersih', 'welcome', 'kit', 'fasilitas', 'bersih', 'nyaman', 'jarak', 'tempat', 'perbelanjan', 'beringharjo', 'dekat'];Positif
['lokasi', 'mudah', 'temu', 'kota', 'jalan', 'malioboro', 'kamar', 'nyaman', 'fasilitas', 'lengkap', 'layan', 'ramah'];Positif
['lokasi', 'hotel', 'mudah', 'temu', 'tepat', 'belah', 'malioboro', 'pusat', 'belanja', 'kafe', 'letak', 'hotel', 'hadap', 'langsung', 'jalan', 'malioboro', 'sayang', 'parkir', 'sempit', 'karyawan', 'bantu', 'parkir', 'kendaran', 'hotel', 'bekerjasama', 'hotel', 'jam', 'mobil', 'parkir', 'tempat', 'jemput', 'parkir', 'hotel', 'bantu', 'karyawan'];Positif
['yogyakarya', 'unjung', 'lokasi', 'menginap', 'hotel', 'aveta', 'terima', 'kasih', 'laku', 'bisnis', 'hotel', 'bantu', 'karyawan', 'selamat', 'banyak', 'terima', 'kasih', 'mohon', 'jaga', 'layan', 'baik', 'sehat'];Positif
['hotel', 'kawasan', 'malioboro', 'dekat', 'mirota', 'kamar', 'luas', 'sayang', 'tidak', 'tempat', 'parkir', 'mobil', 'besar', 'hiace', 'lokasi', 'marlioboro', 'libur', 'macet', 'milik', 'kendaran', 'sulit', 'masuk'];Positif
['karyawan', 'karyawan', 'hotel', 'ramah', 'penuh', 'senyum', 'sapa', 'lokasi', 'hotel', 'mudah', 'temu', 'jalan', 'utama', 'malioboro', 'hotel', 'unik', 'karyawan', 'letak', 'lantai', 'lantai'];Positif
['hotel', 'pusat', 'kota', 'yogyakarta', 'jalan', 'malioboro', 'letak', 'pusat', 'kota', 'pusat', 'ramai', 'hotel', 'nyaman', 'asri', 'layan', 'karyawan', 'ramah', 'bantu', 'kamar', 'nyaman', 'tenang'];Positif
['bagus', 'tarik', 'hotel', 'bersih', 'layan', 'rekomendasi', 'menginap', 'hotel'];Positif
['lokasi', 'mudah', 'temu', 'libur', 'kawasan', 'malioboro', 'cocok', 'banget', 'cocok', 'relaksasi', 'kesini'];Positif
['lokasi', 'mudah', 'temu', 'tempat', 'asri', 'layan', 'hotel', 'puas', 'kali', 'menginap'];Positif
['hotel', 'bintang', 'lokasi', 'mudah', 'temu', 'dekat', 'taman', 'pintar', 'malioboro', 'tempat', 'wisata', 'kamar', 'bagus', 'nyaman', 'luas', 'sejuk'];Positif
['aula', 'langit', 'bagus'];Positif
['lokasi', 'kamar', 'layan', 'bagus'];Positif
['tempat', 'rekomendasi', 'bagus'];Positif
['layan', 'ramah', 'hotel', 'bersih', 'nyaman', 'lokasi', 'mudah', 'temu', 'sulit', 'masuk', 'jalan', 'hotel', 'sempit'];Positif
['lokasi', 'mudah', 'temu', 'unik', 'beda', 'hotel', 'hotel', 'karyawan', 'lantai', 'dasar', 'aveta', 'karyawan', 'lantai', 'sampa', 'aveta', 'aman', 'karyawan', 'sih', 'ramah', 'dekat', 'jalan', 'malioboro', 'bahan', 'pusat', 'belanja', 'malioboro', 'mudah', 'mana', 'mudah', 'cari', 'transportasi', 'wisata', 'andong', 'becak', 'motor', 'kamar', 'toilet', 'bersih', 'dingin', 'ruang', 'dingin', 'jaring', 'internet', 'kencang', 'sarapan', 'saji', 'banyak', 'lezat'];Positif
['rekomendasi', 'aveta', 'hotel', 'malioboro', 'cari', 'tempat', 'menginap', 'nyaman', 'nyaman', 'yogyakarta', 'karyawan', 'menginap', 'fasilitas', 'baik', 'tidak', 'ragu', 'menginap'];Positif
['tempat', 'mudah', 'temu', 'jalan', 'utama', 'malioboro', 'harga', 'lumayan', 'mahal', 'fasilitas', 'kolam', 'renang', 'dekat', 'jalan', 'raya', 'menginap', 'sayang', 'kulkas', 'mini', 'kurang', 'dingin', 'makan', 'banyak', 'lezat', 'kamar', 'besar', 'bersih', 'karyawan', 'ramah', 'susah', 'malioboro', 'malam', 'cocok', 'libur', 'explore', 'kawasan', 'malioboro', 'terima', 'kasih', 'aveta', 'hotel', 'semoga', 'libur', 'kesana'];Positif
['hotel', 'setuju', 'jalan', 'malioboro', 'nyaman', 'check', 'masuk', 'nungu', 'kamar', 'jam', 'makan', 'sibuk', 'ruang', 'tunggu', 'lantai', 'parkir', 'batas', 'menginap'];Positif
['lokasi', 'mudah', 'temu', 'dekat', 'banget', 'jalan', 'malioboro', 'samping', 'pusat', 'belanja', 'kamar', 'nyaman', 'besar', 'kasur', 'nyaman', 'sarapan', 'lezat', 'karyawan', 'ramah', 'kolam', 'renang', 'anak', 'lantai', 'bagus', 'banget', 'menginap'];Positif
['menginap', 'malam', 'padan', 'harga', 'bayar', 'hotel', 'bintang', 'bersih', 'nyaman', 'letak', 'belah', 'pusat', 'belanja', 'malioboro', 'jalan', 'perbelanjan', 'simbol', 'kamar', 'kurang', 'fasilitas', 'ering', 'rambut', 'handuk', 'tangan', 'pintu', 'masuk', 'hotel', 'samping', 'antar', 'jemput', 'mobil', 'pintu', 'masuk', 'utama', 'lewat', 'kafe', 'hotel', 'lobi', 'letak', 'lantai', 'bukan', 'lantai', 'dasar', 'jangan', 'bingung', 'sarapan', 'lokalisasi', 'penuh', 'selera', 'lokal', 'jangan', 'harap', 'standar', 'internasional', 'kolam', 'renang', 'bentuk', 'persegi', 'bukan', 'renang', 'rendam', 'main', 'anak', 'anak', 'hotel', 'bagus', 'menginap'];Positif
['parkir', 'mobil', 'mudahlokasi', 'mudah', 'temu', 'pusat', 'kota', 'dekat', 'malioborounit', 'kamar', 'luas', 'luaskamarnya', 'wangihotelnya', 'mewahpegawainya', 'sopan'];Positif
['hotel', 'tempat', 'menginap', 'yogyakarta', 'lokasi', 'dekat', 'jalan', 'malioboro', 'jadi', 'hotel', 'tempat', 'mudah', 'temu', 'belanja', 'jelajah', 'yogyakarta', 'makan', 'lezat'];Positif
['kamar', 'luas', 'dekat', 'stasiun', 'tugu', 'nyaman', 'banget', 'nonton', 'televisi', 'banyak', 'salur', 'sambut', 'tamu', 'merespon', 'cepat'];Positif
['pilih', 'hotel', 'karyawan', 'seret', 'motor', 'mahal', 'lintas', 'parkir', 'kunci', 'kemudi', 'adan', 'nyala', 'suruh', 'jangan', 'sentuh', 'hotel', 'kualitas', 'buruk', 'peralatan', 'murah', 'banyak', 'hotel', 'pilih'];Negatif
['kamar', 'mewah', 'luas', 'bersih', 'layan', 'ramah', 'cocok', 'libur', 'keluarga', 'lokasi', 'mudah', 'temu'];Positif
['tempat', 'bagus', 'luas', 'nyaman', 'rekomendasi', 'menginap', 'hotel', 'keluarga', 'teman'];Positif
['hotel', 'nyaman', 'bersih', 'hotel', 'letak', 'jalan', 'malioboro', 'belah', 'malioboro', 'pusat', 'belanja', 'anak', 'anak', 'senang', 'menginap', 'rame', 'musim', 'desember'];Positif
['letak', 'kota', 'yogyakarta', 'parkir', 'luas', 'luas', 'kamar', 'kamar', 'mandi', 'bersih', 'kolam', 'renang', 'cocok', 'santa', 'libur'];Positif
['parkir', 'sayang', 'pakai', 'sepeda', 'motor', 'tidak', 'perhati', 'serah', 'satpam', 'parkir', 'sempit', 'sambut', 'tamu', 'tidak', 'sarapan'];Negatif
['handuk', 'bantal', 'selimut', 'bayar', 'lokasi', 'bagus', 'dekat', 'malioboro', 'kir', 'batas', 'over', 'bagus'];Positif
['lokasi', 'mudah', 'temu', 'kamar', 'nyaman', 'bersih', 'layan', 'tidak', 'sesal', 'menginap', 'rekomendasi'];Positif
['lokasi', 'mudah', 'temu', 'jalan', 'malioboro', 'bahan', 'pusat', 'belanja', 'malioboro', 'tempat', 'nyaman', 'bersih', 'layan', 'ramah', 'tidak', 'suka', 'makan', 'memberikanya', 'bintang', 'tarif', 'standar', 'hotel', 'kelas'];Positif
['tempat', 'bagus', 'hotel', 'layan', 'ramah', 'tempat', 'bersih', 'pandemi', 'hotel', 'aveta', 'terap', 'protokol', 'sehat', 'tempat', 'bahan', 'malioboro', 'pusat', 'belanja', 'inti', 'tidak', 'sesal', 'menginap'];Positif
['layan', 'kamar', 'rapi', 'bersih', 'nyaman', 'fasilitas', 'betah', 'banget', 'mudik', 'nyaman', 'terima', 'kasih', 'layan'];Positif
['suka', 'hotel', 'nyaman', 'estetis', 'lokasi', 'mudah', 'temu', 'mudah', 'jangkau', 'mana', 'kesini'];Positif
['lokasi', 'hotel', 'mudah', 'temu', 'layan', 'fasilitas', 'lengkap', 'cocok', 'libur', 'kawasan', 'yogyakarta'];Positif
['nyaman', 'banget', 'inti', 'rekomendasi', 'banget', 'libur', 'bawa', 'keluarga', 'mudah', 'temu', 'banget', 'jalan', 'kaki', 'kmalioboro', 'pknya', 'nyaman', 'banget', 'ruang', 'restoran', 'orang', 'suka'];Positif
['hotel', 'layan', 'kamar', 'bersih', 'nyaman', 'sejuk', 'milik', 'pandang', 'indah'];Positif
['sesuai', 'kondisi', 'lahan', 'parkir', 'evaluasi', 'sarapan', 'saji', 'layan'];Positif
['hotel', 'bagus', 'tempat', 'mudah', 'temu', 'nyaman', 'cocok', 'libur', 'keluarga', 'teman', 'yogyakarta', 'malioboro', 'view', 'bagus', 'kamar', 'rapi', 'setuju'];Positif
['hotel', 'wajib', 'banget', 'kunjung', 'layan', 'makan', 'saji', 'lezat', 'kamar', 'hotel', 'bersih', 'wangi'];Positif
['hotel', 'nyaman', 'menginap', 'keluarga', 'karyawan', 'ramah', 'bersih', 'setuju', 'lokasi', 'mudah', 'temu', 'malioboro', 'menginap', 'aveta', 'hotel', 'malioboro', 'yogyakarta'];Positif
['tempat', 'menginap', 'kawasan', 'malioboro', 'mudah', 'temu', 'jalan', 'kaki', 'mana', 'dekat', 'layan', 'mantap', 'bintang', 'karyawan', 'ramah', 'cepat', 'susah', 'masalah', 'dingin', 'ruang', 'kamar', 'sampa', 'kamar', 'kamar', 'masalah', 'malam', 'tidak', 'dingin', 'baik', 'teknisi', 'alhamdulilah', 'hidup', 'kecewa', 'dingin', 'ruang', 'sesat', 'kerja', 'kerja', 'keras', 'teknisi', 'sunguh', 'puji', 'keren', 'banget', 'menu', 'hotel', 'aveta', 'bintang', 'lezat', 'gudeg', 'lezat', 'tidak', 'manis', 'gudeg', 'banyak', 'jual', 'yogyakarta', 'gudeg', 'asin', 'lezat', 'inti', 'mantap', 'semoga', 'aveta', 'karyawan', 'aveta', 'sukses', 'layan', 'tingkat', 'yogyakarta', 'relaksasi'];Positif
['kamar', 'nyaman', 'lokasi', 'mudah', 'temu', 'pusat', 'kota', 'karyawan', 'ramah', 'layan', 'setuju', 'harga', 'layak'];Positif
['hotel', 'mudah', 'temu', 'letak', 'jalan', 'malioboro', 'tingal', 'jalan', 'kaki', 'malioboro', 'sayang', 'kali', 'menginap', 'hotel', 'bersih', 'kurang', 'bersih', 'mohon', 'tingkat', 'bersih', 'karyawan', 'ramah'];Positif
['terima', 'kasih', 'aveta', 'karyawan', 'karyawan', 'kamar', 'nyaman', 'makan', 'lezat', 'inti', 'bagus'];Positif
['layan', 'hati', 'bagus', 'lokasi', 'bagus', 'sibuk', 'kamar', 'bagus', 'kamar', 'mandi', 'bersih', 'detail'];Positif
['lokasi', 'mudah', 'temu', 'dekat', 'mana', 'hotel', 'nyaman', 'layan', 'ramah'];Positif
['jarak', 'jalan', 'kaki', 'stasiun', 'kereta', 'yogyakarta', 'dekat', 'banyak', 'toko', 'malioboro', 'pusat', 'belanja', 'jalan', 'raya', 'jarak', 'dekat', 'banget', 'batu', 'kamar', 'luas'];Positif
['jangan', 'lupa', 'mampir', 'kawan', 'tempat', 'bersih', 'tempat', 'tidur', 'bersih', 'kamar', 'mandi', 'bersih', 'air', 'panas', 'lancar', 'banyak', 'tidak', 'sebut', 'satu'];Positif
['hotel', 'pusat', 'malioboro', 'banding', 'hotel', 'jenis', 'harga', 'relatif', 'mahal', 'beli', 'kamar', 'jenis', 'superior', 'view', 'wal', 'view', 'milik', 'hotel', 'unjung', 'kasih', 'kamar', 'view', 'dinding', 'penjara', 'tidak', 'minta', 'late', 'check', 'rapat', 'pakai', 'iya', 'kamar', 'tidak', 'sinyal', 'telkomsel', 'jaring', 'internet', 'hotel', 'lambat', 'cepat', 'mbps'];Negatif
['kamar', 'nyaman', 'variasi', 'menu', 'sarapan', 'tidak', 'banyak', 'hotel', 'perabot', 'bersih', 'semoga', 'tampil', 'buka', 'mudah', 'masuk'];Positif
['hotel', 'persis', 'jalan', 'malioboro', 'belah', 'pusat', 'belanja', 'asik', 'rombong', 'bus', 'turun', 'jalan', 'mataram', 'tidak', 'masalah', 'hotel', 'bantu', 'bawa', 'barang', 'bawan', 'tamu'];Positif
['tempat', 'mudah', 'temu', 'banget', 'malioboro', 'langsung', 'belanja', 'makan', 'hotel', 'kurang', 'makan', 'hotel', 'banyak', 'jual', 'makan', 'lezat', 'angkring', 'kurang', 'atap', 'rendah', 'kurang', 'luas'];Positif
['kamar', 'suite', 'keluarga', 'eksekutif', 'besar', 'bagus', 'layan', 'ramah', 'ambil', 'jam', 'makan', 'habis', 'untung', 'tungu', 'makan', 'disi', 'ulang', 'puas', 'libur', 'yogyakarta', 'menginap'];Positif
['lokasi', 'hotel', 'mudah', 'temu', 'layan', 'kolam', 'renang', 'rekomendasi', 'banget', 'menginap'];Positif
['hotel', 'mudah', 'temu', 'layan', 'hotel', 'kolam', 'renang', 'makan', 'lezat', 'banget', 'rekomendasi', 'banget'];Positif
['hotel', 'bintang', 'layak', 'layan', 'bagus', 'makan', 'lezat', 'kamar', 'bersih', 'cocok', 'menginap', 'keluarga', 'baik'];Positif
['hotel', 'bintang', 'letak', 'pusat', 'kota', 'sehinga', 'mudah', 'temu', 'wisatawan', 'dekat', 'mana', 'hotel', 'bersih', 'nuansa'];Positif
['nyaman', 'menginap', 'hotel', 'layan', 'ramah', 'nyaman', 'inti', 'bagus', 'tidak', 'kekecewan'];Positif
['lokasi', 'mudah', 'temu', 'karyawan', 'bantu', 'ramah', 'soda', 'buka', 'pengalaman', 'menginap', 'nyaman', 'fasilitas', 'tahap', 'bangun', 'kamar'];Positif
['layan', 'bagus', 'ramah', 'kamar', 'rapi', 'bersih'];Positif
['letak', 'malioboro', 'hotel', 'istimewa', 'segi', 'lokasi', 'keunikanya', 'bersih', 'hotel', 'jaga', 'ramah', 'karyawan', 'hotel', 'kesan'];Positif
['hotel', 'dekat', 'malioboro', 'akses', 'sulit', 'parkir', 'jalan', 'makan', 'lezat', 'kamar', 'bersih', 'layan', 'setuju'];Positif
['kualitas', 'kamar', 'bersih', 'suasana', 'sana', 'sejuk', 'tidak', 'sesal', 'menginap', 'layak', 'harga', 'murah'];Positif
['menginap', 'nyaman', 'tenang', 'harga', 'setuju', 'kualitas', 'setuju', 'cocok', 'pasang', 'keluarga', 'karyawan', 'ramah', 'tangap', 'kendala'];Positif
['lokasi', 'malioboro', 'selatan', 'pusat', 'belanja', 'hotel', 'malioboro', 'kolam', 'renang', 'lantai', 'sarapan', 'lezat', 'banyak', 'jenis'];Positif
['hotel', 'bagus', 'nikmat', 'menginap', 'senang', 'kamar', 'luas', 'nyaman', 'bersih', 'lokasi', 'mudah', 'temu', 'langsung', 'hotel', 'jalan', 'malioboro', 'belah', 'pusat', 'belanja', 'malioboro', 'layak', 'banget', 'suka', 'banget'];Positif
['suka', 'banget', 'dekorasi', 'ruang', 'tunggu', 'restoran', 'kamar', 'bersih', 'nyaman', 'pilih', 'hotel', 'libur'];Positif
['rekomendasi', 'hotel', 'malioboro', 'aveta', 'kamar', 'luas', 'lengkap', 'kamar', 'mandi', 'sunguh', 'lucu', 'pengalaman', 'menginap', 'senang', 'kamar', 'bersih', 'makan', 'layan', 'kamar', 'lezat'];Positif
['kamar', 'setuju', 'kamar', 'mandi', 'bersih', 'hotel', 'bersih', 'karyawan', 'ramah', 'hotel', 'cocok', 'rekomendasi', 'teman', 'keluarga'];Positif
['bagus', 'cocok', 'libur', 'yogyakarta', 'kamar', 'bersih', 'fasilitas', 'lengkap', 'bagus', 'dekat', 'malioboro'];Positif
['kali', 'menginap', 'juta', 'kait', 'bijak', 'malioboro', 'akibat', 'pandemi', 'covid', 'jam', 'jam', 'tidak', 'kendaran', 'motor', 'lewat', 'becak', 'becak', 'motor', 'gerbong', 'pejal', 'kaki', 'senang', 'syukur', 'menginap'];Positif
['satu', 'hotel', 'langsung', 'jalan', 'malioboro', 'makan', 'sarapan', 'pada', 'tingkat', 'variasi', 'menu'];Positif
['lokasi', 'hotel', 'mudah', 'temu', 'dekat', 'mana', 'kamar', 'minimal', 'nyaman', 'banget', 'cocok', 'menginap', 'jalan', 'jalan', 'malioboro'];Positif
['mudah', 'temu', 'kacau', 'balau', 'malioboro', 'hotel', 'langsung', 'sambut', 'hangat', 'karyawan', 'becak', 'motor', 'tawar', 'wisata', 'bersih', 'kamar', 'tempat', 'tidur', 'besar', 'sayang', 'tidak', 'kedap', 'suara', 'sehinga', 'dengar', 'suara', 'sisi', 'kamar', 'balkon', 'sayang', 'tidak', 'private', 'sekat', 'pisah', 'kayu', 'tata', 'sehinga', 'orang', 'belah', 'dengar', 'makan', 'sarapan', 'lumayan', 'banyak', 'enak'];Positif
['hotel', 'nyaman', 'mudah', 'temu', 'malioboro'];Positif
['hotel', 'keren', 'menginap', 'mingu', 'oktober', 'kamar', 'nomor', 'balkon', 'kamar', 'luas', 'bersih', 'kamar', 'mandi', 'bersih', 'salur', 'tvnya', 'banyak', 'salur', 'tulis', 'buku', 'banyak', 'tidak', 'sedia', 'beda', 'beda', 'pasuk', 'ruang', 'kue', 'kamar', 'tidak', 'lemari', 'sedia', 'gantung', 'buah', 'unik', 'sambut', 'tamu', 'hotel', 'lantai', 'dasar', 'aveta', 'lantai', 'turun', 'kamar', 'lift', 'guna', 'kartu', 'kamar', 'sarapan', 'banyak', 'jenis', 'banyak', 'pilih', 'makan', 'kawasan', 'malioboro', 'lantai', 'dekat', 'sambut', 'tamu', 'hotel', 'cocok', 'malam', 'yogyakarta', 'dekat', 'malioboro', 'dekat', 'stasiun', 'tugu'];Positif
['kolam', 'renang', 'roftop', 'hotel', 'hotel', 'besar', 'kota', 'cocok', 'persingahan', 'wisatawan', 'lokal', 'mancanegara'];Positif
['hotel', 'nyaman', 'banget', 'layan', 'bagus', 'cocok', 'wisata', 'relaksasi', 'keluarga'];Positif
['kamar', 'bersih', 'luas', 'karyawan', 'ramah', 'makan', 'lezat', 'cocok', 'libur', 'keluarga', 'lokasi', 'malioboro', 'rekomendasi', 'banget'];Positif
['pengalaman', 'menginap', 'nyaman', 'lengkap', 'coffe', 'kolam', 'renang', 'layan', 'pijat', 'cocok', 'sesuai'];Positif
['kamar', 'bersih', 'nyaman', 'balkon', 'karyawan', 'ramah', 'letak', 'pusat', 'wisata', 'malioboro', 'sehinga', 'dekat', 'belanja', 'jalan', 'jalan', 'harga', 'tingi', 'kondisi', 'pandemi'];Positif
['rekomendasi', 'hotel', 'tempat', 'bersih', 'lezat', 'jalan', 'jalan', 'malioboro', 'karyawan', 'ramah', 'ramah', 'karyawan'];Positif
['hotel', 'baik', 'kawasan', 'malioboro', 'cocok', 'libur', 'keluarga', 'tidak', 'fasilitas', 'hotel', 'kelas'];Positif
['lokasi', 'bagus', 'jalan', 'jalan', 'malioboro', 'nikmat', 'suasana', 'yogyakarta', 'keluarga', 'nikmat', 'menginap', 'hotel', 'harap', 'jalan'];Positif
['lobynya', 'lantai', 'kamar', 'luas', 'langsung', 'jalan', 'malioboro', 'harga', 'turun', 'bawah', 'hotel', 'tetanga', 'sarapan', 'berlanganan'];Positif
['hotel', 'nyaman', 'bersih', 'rapi', 'wangi', 'keluarga', 'libur', 'nyaman'];Positif
['hotel', 'bagus', 'kamar', 'bersih', 'layan', 'bagus', 'lokasi', 'mudah', 'temu', 'hotel', 'nyaman', 'mudah', 'temu', 'dekat', 'malioboro'];Positif
['hotel', 'bersih', 'nyaman', 'karyawan', 'karyawan', 'ramah'];Positif
['pengalaman', 'menginap', 'hotel', 'seru', 'banget', 'kolam', 'bersih', 'coffe', 'jumpa', 'makan', 'lezat', 'lezat', 'lokasi', 'mudah', 'temu', 'banget', 'belah', 'malioboro', 'pusat', 'belanja', 'rekomendasi', 'banget', 'libur', 'kawasan', 'malioboro'];Positif
['hotel', 'bersih', 'nyaman', 'unik', 'kesana', 'teman', 'keluarga', 'refreshing'];Positif
['lokasi', 'mudah', 'temu', 'mudah', 'cari', 'roftopnya', 'nyaman', 'nongkrong', 'santa', 'kamar', 'luas', 'harga', 'murah'];Positif
['hotel', 'mudah', 'temu', 'belah', 'pusat', 'belanja', 'layan', 'ramah', 'masuk', 'housekeping', 'rapi', 'kamar', 'perhati', 'gantung', 'pintu'];Positif
['hotel', 'nyaman', 'dekat', 'malioboro', 'banyak', 'makan', 'jajan', 'hotel', 'kamar', 'besar', 'luas', 'layan', 'karyawan', 'ramah'];Positif
['kali', 'menginap', 'yogyakarta', 'kali', 'menginap', 'hotel', 'layan', 'buruk', 'dingin', 'ruang', 'tidak', 'dingin', 'mati', 'telepon', 'layan', 'kamar', 'tidak', 'jawab', 'sambut', 'tamu', 'suruh', 'tungu', 'kamar', 'tidak', 'cari', 'hotel'];Negatif
['lokasi', 'mudah', 'temu', 'mudah', 'temu', 'kamar', 'bersih', 'dingin', 'ruang', 'dingin', 'banget', 'harga', 'murah'];Positif
['aveta', 'hotel', 'malioboro', 'hotel', 'sempurna', 'yogyakarta', 'kamar', 'bersih', 'nyaman', 'karyawan', 'ramah', 'lokasi', 'mudah', 'temu', 'dekat', 'malioboro', 'pengalaman', 'senang'];Positif
['hotel', 'lokasi', 'mudah', 'temu', 'tempat', 'unik', 'cocok', 'tempat', 'menginap', 'keluarga'];Positif
['hotel', 'baik', 'segi', 'layan', 'fasilitas', 'bagus', 'lokasi', 'mudah', 'temu', 'dekat', 'mana'];Positif
['hotel', 'letak', 'pusat', 'kota', 'yogyakarta', 'nyaman', 'ditingali', 'jangka', 'waktu', 'cocok', 'libur', 'letak', 'tidak', 'pusat', 'kota'];Positif
['hotel', 'baik', 'kawasan', 'malioboro', 'cocok', 'libur', 'keluarga', 'tidak', 'fasilitas', 'hotel', 'kelas', 'cocok', 'libur', 'yogyakrta'];Positif
['senang', 'menginap', 'nyaman', 'makan', 'lezat', 'nikmat', 'tempat', 'bersih', 'nyaman'];Positif
['foto', 'balkon', 'kamar', 'suite', 'eksekutif', 'aveta', 'pandang', 'langsung', 'jalan', 'utama', 'malioboro', 'btw', 'ambil', 'pagi', 'jalan', 'sepi', 'setuju', 'kali', 'terima', 'kasih', 'aveta'];Positif
['menginap', 'malam', 'sulit', 'temu', 'tempat', 'letak', 'dagang', 'lokal', 'jalan', 'sibuk', 'yogyakarta', 'luang', 'banyak', 'waktu', 'nikmat', 'layan', 'hangat', 'karyawan', 'orang', 'orang'];Positif
['kamar', 'luas', 'nyaman', 'cocok', 'menginap', 'keluarga'];Positif
['lokasi', 'mudah', 'temu', 'kota', 'bersih', 'jaga', 'makan', 'lezat', 'baik', 'aveta', 'hotel', 'malioboro'];Positif
['pesan', 'balkon', 'harap', 'rokok', 'jangan', 'harap', 'rokok', 'bijak', 'hotel', 'ubah', 'pesan', 'balkon', 'tidak', 'rokok', 'balkon'];Negatif
['lokasi', 'mudah', 'temu', 'hotel', 'langsung', 'jalan', 'malioboro', 'santai', 'coffe', 'hari', 'santai', 'pinggir', 'jalan', 'malioboro', 'pusat', 'belanja', 'tingal', 'belah', 'malioboro', 'pusat', 'belanja', 'parkir', 'lorong', 'mpit', 'belah', 'pintu', 'malioboro', 'pusat', 'belanja', 'kondisi', 'hotel', 'nyaman', 'proses', 'baik'];Positif
['hotel', 'layan', 'ramah', 'masuk', 'kendaran', 'bantu', 'tugas', 'parkir', 'parkir', 'cepat', 'kamar', 'bersih', 'luas', 'sarapan', 'lezat', 'menu', 'banyak', 'coffe', 'lantai', 'harga', 'murah', 'makan', 'lezat', 'tempat', 'pusat', 'kota', 'inti', 'tidak', 'sesal', 'menginap', 'aveta', 'hotel', 'yogyakarta', 'menginap', 'aveta', 'terima', 'kasih', 'hotel', 'aveta'];Positif
['lokasi', 'mudah', 'temu', 'banget', 'bahan', 'meter', 'mudah', 'cari', 'makan', 'layan', 'bagus', 'cepat', 'ramah', 'cocok', 'relaksasi', 'keluarga'];Positif
['senang', 'libur', 'menginap', 'hotel', 'aveta', 'hotel', 'bagus', 'dekat', 'malioboro', 'layan', 'puas', 'semoga', 'libur', 'hotel', 'aveta'];Positif
['hotel', 'langsung', 'jalan', 'malioboro', 'mudah', 'temu', 'banget', 'lokasi', 'lobi', 'lantai', 'masuk', 'lantai', 'cofe', 'shop', 'check', 'masuk', 'uang', 'jamin', 'ribu', 'check', 'uang', 'ful', 'kamar', 'minum', 'selamat', 'camil', 'selamat', 'gratis', 'sarapan', 'banyak', 'varia', 'menginap', 'malam', 'betah', 'banget', 'suara', 'kamar', 'belah', 'mengangu', 'kaget', 'tidak'];Positif
['harga', 'relatif', 'murah', 'layan', 'hotel', 'kamar', 'sesuai', 'harga', 'nyaman', 'hati'];Positif
['hotel', 'mudah', 'temu', 'letak', 'pusat', 'kota', 'yogyakrta', 'harga', 'hemat', 'pilih', 'kamar', 'banyak', 'layan', 'bersih', 'ramah'];Positif
['fasilitas', 'hotel', 'nyaman', 'letak', 'mudah', 'temu', 'dekat', 'malioboro', 'makan', 'lezat', 'rekomendasi'];Positif
['akses', 'lokasi', 'mudah', 'kamar', 'luas', 'harga', 'murah', 'cocok', 'wisatawan', 'biaya', 'batas'];Positif
['tempat', 'bersih', 'kamar', 'bersih', 'layan', 'setuju', 'semoga', 'lahan', 'parkir', 'luas', 'parkir', 'nyaman'];Positif
['salah', 'hotel', 'rekomendasi', 'kawasan', 'malioboro', 'yogyakarta', 'lokasi', 'bahan', 'malioboro', 'pusat', 'belanja', 'pinggir', 'jalan', 'malioboro'];Positif
['kamar', 'layan', 'bagus', 'banget', 'tempat', 'bagus', 'harga', 'murah', 'cocok', 'banget', 'tempat', 'keluarga'];Positif
['suasana', 'nyaman', 'kamar', 'luas', 'bersih', 'lokasi', 'mudah', 'temu', 'langsung', 'hadap', 'jalan', 'utama', 'malioboro', 'menginap', 'aveta', 'kali', 'libur'];Positif
['lokasi', 'asik', 'seru', 'jalan', 'malioboro', 'lobi', 'lantai', 'kamar', 'bersih', 'ngin', 'gratis', 'fasilitas', 'kolam', 'renang', 'handuk', 'bersih', 'makan', 'lezat'];Positif
['tempat', 'mudah', 'temu', 'lezat', 'jalan', 'jalan', 'banyak', 'hibur', 'makan'];Positif
['handuk', 'kurang', 'bagus'];Negatif
['suasana', 'kamar', 'lingkung', 'asri', 'nyaman', 'singah', 'menginap', 'sarana', 'prasarana', 'lengkap'];Positif
['ratingnya', 'buruk', 'layan', 'sarapan', 'tidak', 'cepat', 'tanggap', 'tidak', 'siap', 'intip', 'jam', 'pagi', 'makan', 'habis', 'is', 'ulang', 'makan', 'lambat', 'waktu', 'jam', 'dian', 'makan', 'lambat', 'layan', 'hotel', 'kelas', 'kawasan', 'malioboro', 'buruk', 'layan', 'reservasi', 'aplikas', 'pesan', 'cp', 'karyawan', 'cepat', 'tanggap', 'banding', 'balik', 'layan', 'sarapan', 'buruk', 'tamu', 'komplain', 'kait', 'dian', 'sarapan', 'tidak', 'respon', 'menginap', 'kesanya', 'kecewa', 'mohon', 'milik', 'admin', 'aveta', 'hotel', 'malioboro', 'baik', 'tindak', 'lanjut'];Negatif
['bangun', 'estetis', 'kamar', 'bersih', 'sudut', 'ruang', 'rawat', 'menginap'];Positif
['bagus', 'keluarga', 'cari', 'menginap', 'yogyakarta'];Positif
['aveta', 'hotel', 'maliobro', 'lokasi', 'mudah', 'temu', 'bersih', 'hotel', 'bersih', 'sambut', 'tamu', 'layan', 'kamar', 'kamar', 'mandi', 'bersih', 'hotel', 'nyaman'];Positif
['hotel', 'bersih', 'bagus', 'letak', 'persis', 'jalan', 'malioboro', 'sehinga', 'sulit', 'parkir', 'tempat', 'parkir', 'batas', 'check', 'masuk', 'hotel', 'waktu', 'tungu', 'jam', 'semoga', 'cepat', 'tanggap', 'sambut', 'tamu', 'nyaman', 'suasana', 'hotel', 'suka'];Positif
['suka', 'banget', 'layan', 'orang', 'ramah', 'makan', 'minumanya', 'lezat', 'desain', 'kamar', 'bagus', 'banget', 'elegan', 'padan', 'harga'];Positif
['layan', 'ecek', 'posisi', 'mudah', 'temu', 'malioboro', 'bantu', 'sambut', 'tamu', 'ramah', 'karyawan'];Positif
['hotel', 'mudah', 'temu', 'nyaman', 'kamar', 'bersih', 'tempat', 'tidur', 'bersih', 'kamar', 'mandi', 'bersih', 'air', 'panas', 'lancar'];Positif
['lokasi', 'mudah', 'temu', 'tempat', 'nyaman', 'karyawan', 'ramah', 'kamar', 'bersih', 'rekomendasi'];Positif
['kamar', 'bersih', 'kolam', 'renang', 'luas', 'rekomendasi', 'menginap', 'keluarga'];Positif
['hotel', 'bintang', 'lokasi', 'mudah', 'temu', 'bahan', 'indomaret', 'dekat', 'pusat', 'perbelanjan', 'malioboro', 'fasilitas', 'lengkap', 'bangun', 'mewah'];Positif
['hotel', 'nyaman', 'mudah', 'temu', 'belah', 'malioboro', 'pusat', 'belanja', 'cocok', 'nikmat', 'suasana', 'malam', 'jalan', 'malioboro', 'tarif', 'setuju', 'tahap', 'bangun', 'rekomendasi'];Positif
['hotel', 'aveta', 'tempat', 'lezat', 'hotel', 'langsung', 'masuk', 'kawasan', 'malioboro', 'lanta', 'parkir', 'karyawan', 'ramah', 'layan', 'puas', 'menu', 'sarapan', 'agam', 'lezat', 'kamar', 'rapi', 'bersih', 'tindak', 'cepat', 'mantap', 'puas', 'aveta', 'malioboro', 'hotel', 'terima', 'kasih', 'aveta', 'malioboro', 'hotel'];Positif
['sistem', 'terima', 'buruk', 'kantor', 'karyawan', 'letak', 'lantai', 'gedung', 'parkir', 'mobil', 'lantai', 'lift', 'lantai', 'check', 'masuk', 'lantai', 'tungu', 'kamar', 'diberitahu', 'sambut', 'tamu', 'ambil', 'kunci', 'lantai', 'kamar', 'lantai', 'rendah', 'tidak', 'efektif', 'kunci', 'antar', 'lantai', 'karyawan', 'tungu', 'menit', 'jam', 'sore', 'kempat', 'kamar', 'kamar', 'bersih', 'luas', 'luas', 'lokasi', 'pusat', 'malioborostafnya', 'kue', 'buah', 'goreng', 'sedia', 'hotel', 'camil', 'malam', 'ringan', 'lezat', 'sentuh', 'bagus', 'kerumit', 'sore', 'edit', 'ulas', 'dasar', 'kunjung', 'semoga', 'proses', 'check', 'inya'];Negatif
['hotel', 'bersih', 'kamar', 'luas', 'wangi', 'nyaman', 'tidur', 'mimpi', 'indah', 'dapat', 'tidur', 'aveta', 'hotel', 'tambah', 'karyawan', 'ramah', 'lokasi', 'jalan', 'malioboro', 'suasana', 'buat', 'hotel', 'baik'];Positif
['hotel', 'favorit', 'yogyakarta', 'buka', 'pintu', 'hotel', 'malioboro', 'karyawan', 'ramah', 'bantu', 'menu', 'sarapan', 'lengkap', 'lezat', 'kolam', 'renang', 'tidak', 'besar', 'renang'];Positif
['hotel', 'bintang', 'suasana', 'bintang', 'tempat', 'bersih', 'nyaman', 'layan', 'ramah', 'menginap', 'yogyakarta'];Positif
['fasilitas', 'kamar', 'layan', 'pelang', 'nyaman', 'hotel'];Positif
['tempat', 'nyaman', 'hindar', 'kawasan', 'libur', 'lebaran', 'macet', 'parah', 'kamar', 'nyaman', 'lokasi', 'mudah', 'temu'];Positif
['selamat', 'relaksasi', 'aveta', 'hotel', 'malioboro', 'layan', 'ramah', 'lokasi', 'mudah', 'temu', 'sarapan', 'lezat'];Positif
['fasilitas', 'hotel', 'karyawan', 'puas'];Positif
['hotel', 'lokasi', 'mudah', 'temu', 'pusat', 'kota', 'yogyakarta', 'jadi', 'pilih', 'tempat', 'menginap', 'libur', 'yogyakarta'];Positif
['hotel', 'bersih', 'nyaman', 'luas', 'sarapan', 'standar', 'hotel', 'langsung', 'malioboro', 'harga', 'hotel', 'maliboro', 'murah'];Positif
['lokasi', 'hotel', 'dekat', 'malioboro', 'jalan', 'jalan', 'tingal', 'jalan', 'kaki', 'sarapan', 'lezat', 'menu', 'lengkap', 'rekomendasi', 'wisata', 'malioboro'];Positif
['hotel', 'letak', 'kawasan', 'malioboro', 'layan', 'ramah'];Positif
['lokasi', 'mudah', 'temu', 'layan', 'puas', 'fasilitas', 'lengkap', 'cocok', 'jadi', 'tempat', 'rekomendasi', 'libur', 'yogyakarta'];Positif
['nyaman', 'akomodasi', 'basic', 'menginap', 'rekomendasi'];Positif
['hotel', 'bagus', 'bau', 'serai', 'dingin', 'ruang', 'dingin', 'banget', 'kamar', 'bersih', 'akses', 'langsung', 'hotel', 'jalan', 'malioboro', 'belah', 'pusat', 'belanja', 'cari', 'mudah', 'banget', 'dekat', 'stasiun', 'kereta', 'muantep'];Positif
['hotel', 'bagus', 'nyaman', 'kamar', 'bersih', 'hotel', 'mudah', 'temu', 'jangkau', 'letak', 'pusat', 'kota', 'yogyakarta'];Positif
['kamar', 'luas', 'hotel', 'kawasan', 'malioboro', 'dekat', 'malioboro', 'pusat', 'belanja', 'jalan', 'malioboro', 'sarapan', 'lezat', 'banyak', 'pilih', 'menu', 'kamar', 'layan', 'suka', 'hotel'];Positif
['lokasi', 'hotel', 'jalan', 'malioboro', 'jalan', 'jalan', 'malioboro', 'fasilitas', 'hotel', 'bagus', 'kolam', 'renang'];Positif
['mohon', 'maaf', 'kondisi', 'kamar', 'tidak', 'sesuai', 'harga', 'banding', 'kamar', 'hotel', 'sekitar', 'masuk', 'kamar', 'kaget', 'tidak', 'sesuai', 'harap', 'kondisi', 'kamar', 'kurang', 'awat', 'cenderung', 'kotor', 'sprei', 'selimut', 'kurang', 'bersih', 'pesan', 'kamar', 'view', 'malioboro', 'tembok', 'pusat', 'belanja', 'kamar', 'mandi', 'sekat', 'kaca', 'tutup', 'kurang', 'rapat', 'celah', 'kurang', 'nyaman', 'mandi'];Negatif
['lokasi', 'mudah', 'temu', 'jalan', 'malioboro', 'bahan', 'malioboro', 'pusat', 'belanja', 'mana', 'tidak', 'susah', 'banget', 'harga', 'kamar', 'layak', 'sarapan', 'pagi'];Positif
['lokasi', 'prima', 'pusat', 'malioboro', 'yogyakarta', 'kamar', 'luas', 'menginap', 'keluarga', 'kamar', 'kasur', 'orang', 'luas', 'meter', 'nila', 'balkon', 'bersih', 'patuh', 'protokol', 'bersih', 'covid', 'kamar', 'milik', 'mesin', 'kopi', 'nescafe', 'dolce', 'gusto', 'tidak', 'salur', 'televisi', 'internasional', 'banyak', 'pilih', 'sarapan', 'prasmanan', 'era', 'pandemi', 'hotel', 'cari', 'saji', 'sarapan', 'tidak', 'banyak', 'orang', 'makan', 'ruang', 'tidak', 'pakai', 'masker', 'makan', 'karyawan', 'hotel', 'ramah', 'bantu', 'karyawan', 'aman', 'sedia', 'check', 'masuk', 'jam', 'sulit', 'kurang', 'tempat', 'turun', 'tempat', 'parkir', 'mobil', 'hotel', 'tidak', 'milik', 'pintu', 'masuk', 'mobil', 'malioboro', 'perintah', 'kota', 'laku', 'tutup', 'jalan', 'malioboro', 'jam', 'sibuk', 'jam', 'pekan', 'keluar', 'mobil', 'hotel', 'jam', 'tutup', 'tempat', 'parkir', 'jalan', 'mataram', 'seberang', 'malioboro', 'tidak', 'meningalkan', 'mobil', 'hotel', 'jam', 'sibuk', 'guna', 'moda', 'transportasi'];Positif
['karyawan', 'ramah', 'kamar', 'bersih', 'air', 'isi', 'ulang', 'mantap'];Positif
['pilih', 'hotel', 'libur', 'yogyakarta', 'cocok', 'keluarga', 'dekat', 'stasiun', 'tugu', 'mudah', 'cari', 'makan', 'dekat', 'hotel'];Positif
['suka', 'lokasi', 'bagus', 'harga', 'murah', 'tempat', 'tidur', 'bantal', 'nyaman', 'karyawan', 'karyawan', 'bantu', 'terima', 'kasih', 'khusus', 'karyawan', 'keramahtamahan', 'dukunganya', 'ketidaksukan', 'kamar', 'mandi', 'bersih', 'sprei', 'bantal', 'bau', 'skor'];Positif
['kamar', 'bersih', 'makan', 'lezat', 'karyawan', 'ramah', 'nikmat', 'menginap'];Positif
['kali', 'menginap', 'hotel', 'aveta', 'ruang', 'tunggu', 'simbol', 'sertifikasi', 'tidak', 'protokol', 'sehat', 'pintu', 'kamar', 'segel', 'bersih', 'spreinya', 'kotor', 'sertifikasi', 'tunjuk'];Negatif
['rekomendasi', 'hotel', 'singah', 'kunjung', 'yogyakarta', 'hotel', 'nyaman', 'kamar', 'bersih', 'wangi', 'menu', 'sarapan', 'banyak', 'jenis', 'harga', 'murah'];Positif
['libur', 'yogyakarta', 'spesifik', 'malioboro', 'wajib', 'coba', 'relaksasi', 'hotel', 'harga', 'murah', 'kamar', 'bersih', 'layan', 'bagus', 'lokasi', 'mudah', 'temu', 'mantap'];Positif
['lokasi', 'malioboro', 'belah', 'pusat', 'belanja', 'cocok', 'jalan', 'jalan', 'sulit', 'temu', 'ruang', 'tunggu', 'letak', 'lantai', 'pasuk', 'gedung', 'malioboro', 'kafe', 'meja', 'sambut', 'tamu', 'kafe', 'tidak', 'tanda', 'arah', 'lantai', 'karyawan', 'ramah', 'bantu', 'tawar', 'minum', 'handuk', 'dingin', 'segar', 'panas', 'kamar', 'eksekutif', 'luas', 'lengkap', 'fasilitas', 'lantai', 'dengar', 'arena', 'bowling', 'tempat', 'bersih', 'pandang', 'balkon', 'atap', 'bangun', 'lihat', 'gambar', 'lampir', 'saran', 'minta', 'kamar', 'nomor', 'genap', 'milik', 'pandang', 'jalan', 'anti', 'kunci', 'kamar', 'kali', 'memangil', 'pemeliharan', 'baik', 'pegang', 'pintu', 'sulit', 'masuk', 'kamar', 'sarapan', 'milik', 'banyak', 'pilih', 'telur', 'telur', 'dadar', 'sesuai', 'pesan', 'kolam', 'renang', 'bagus', 'tidak', 'nikmat', 'kursi', 'orang', 'orang', 'mengunakanya', 'taruh', 'barang', 'barang', 'rekomendasi', 'hotel', 'tambah', 'ruang', 'simpan', 'banyak', 'kursi', 'nikmat', 'menginap'];Positif
['layan', 'hotel', 'bagus', 'kamar', 'sesuai', 'rekomendasi', 'keluarga', 'pasang'];Positif
['nyaman', 'kamar', 'dengar', 'suara', 'batuk', 'tetanga', 'masuk', 'tidak', 'keran', 'wudhu', 'wudhu', 'kamar', 'mandi', 'wastafel', 'kurang', 'kordinasi', 'sambut', 'tamu', 'karyawan', 'resto', 'bayar', 'resto', 'tidak', 'check', 'check', 'nungu', 'sambut', 'tamu', 'bilang', 'tidak', 'tagih', 'jam', 'telpon', 'tagih', 'suruh', 'transfer'];Negatif
['sambut', 'layan', 'ramah', 'informatif', 'letak', 'pusat', 'kota', 'kamar', 'bersih', 'populer', 'cocok', 'keluarga', 'anak', 'muda'];Positif
['kali', 'yogyakarta', 'menginap', 'aveta', 'hotel', 'rekomendasi', 'banget', 'dekat', 'malioboro', 'dekat', 'jajan', 'pinggir', 'jalan', 'layan', 'puas', 'kamar', 'bagus', 'bayi', 'aman', 'nyaman', 'bersih', 'rekomendasi', 'yogyakarta', 'menginap'];Positif
['kamar', 'bersih', 'layan', 'bagus', 'karyawan', 'dukung', 'lokasi', 'mudah', 'temu', 'karyawan', 'karyawan', 'ramah', 'terima', 'kasih', 'layan'];Positif
['harga', 'murah', 'kesan', 'premium', 'kejut', 'tawar', 'hotel', 'rekomendasi'];Positif
['setuju', 'aksenya', 'jala', 'sempit', 'baik', 'salah', 'kamar', 'mandi', 'tingi', 'lantai', 'lantai', 'kamar', 'mandi', 'air', 'masuk', 'kamar', 'tutup', 'handuk'];Positif
['kamar', 'bagus', 'nyaman', 'akses', 'mana', 'dekat', 'karyawan', 'hotel', 'ramah'];Positif
['tempat', 'harga', 'murah', 'hotel', 'jalan', 'kaki', 'malioboro', 'tidak', 'sangka', 'fasilitas', 'sedia', 'hotel', 'usia', 'guna', 'kursi', 'roda', 'jemput', 'becak', 'jalan', 'malioboro', 'tutup', 'jam', 'malam', 'check', 'masuk', 'fasilitas', 'tingkat', 'kamar', 'tidak', 'nungu', 'tingkat', 'executive', 'view', 'malioboro', 'sunguh', 'check', 'masuk', 'kasih', 'fasilitas', 'tingkat', 'kamar', 'eksekutif', 'asli', 'hotel', 'sunguh', 'terima', 'kasih', 'khusus', 'milik', 'kelola', 'karyawan', 'aveta', 'hotel', 'semoga', 'sukses'];Positif
['lokasi', 'mudah', 'temu', 'tempat', 'setuju', 'nyaman', 'kamar', 'luas', 'bersih', 'layan', 'bagus', 'banget', 'layan', 'bagus'];Positif
['setuju', 'semarang', 'konfirmasi', 'pesan', 'jam', 'sore', 'jalan', 'mataram', 'abai', 'parkir', 'aplikasi', 'pesan', 'tidak', 'angkat', 'jawab', 'telepon', 'angkat', 'dengar', 'orang', 'ngobrol', 'jam', 'hotel', 'bantu', 'sebal'];Negatif
['buruk', 'layan', 'kurang', 'puas', 'makan', 'kurang', 'lezat', 'tidak', 'sarapan', 'makan', 'habis', 'tidak', 'tambah', 'mobil', 'parkir', 'pintu', 'masuk', 'hotel', 'tidak', 'buat', 'menunggu', 'mobil', 'geser', 'inti', 'jelek'];Negatif
['lokasi', 'hotel', 'mudah', 'temu', 'layan', 'bagus', 'kamar', 'setuju', 'rekomendasi'];Positif
['keluarga', 'suka', 'hotel', 'aveta', 'malioboro', 'menginap', 'kali', 'unjung', 'yogyakarta', 'karyawan', 'ramah', 'bantu', 'penting', 'bantu', 'kamar', 'bagus', 'bersih', 'rekomendasi', 'hotel', 'aveta', 'menginap', 'yogyakarta'];Positif
['rekomendasi', 'banget', 'hotel', 'yogyakarta', 'harga', 'murah', 'fasilitas', 'unjung', 'nyaman', 'lanjut', 'relaksasi', 'hotel'];Positif
['lokasi', 'sederhana', 'nyaman', 'pusat', 'malioboro'];Positif
['pengalaman', 'menginap', 'ramah', 'hotel', 'fasilitas', 'cukup'];Positif
['hotel', 'nyaman', 'bersih', 'akses', 'mana', 'mudah', 'cocok', 'relaksasi', 'libur', 'yogyakarta'];Positif
['hotel', 'bagus', 'jalan', 'malioboro', 'kamar', 'luas', 'bersih', 'akses', 'mana', 'dekat', 'wisata', 'makan', 'dekat', 'malioboro', 'pusat', 'belanja', 'cocok', 'libur', 'malioboro'];Positif
['lokasi', 'mudah', 'temu', 'bahan', 'malioboro', 'jalan', 'raya', 'malioboro', 'kamar', 'luas', 'bagus', 'sarapan', 'banyak', 'jenis', 'lezat', 'rekomendasi', 'aveta', 'hotel', 'malioboro'];Positif
['hotel', 'bagus', 'view', 'bilang', 'estetik', 'bersih', 'jamin', 'cocok', 'relaksasi'];Positif
['tempat', 'wisata', 'mewah', 'kalang', 'tengah', 'hotel', 'fasilitas', 'pada', 'unjung', 'istirahat', 'libur', 'maleoboro'];Positif
['kamar', 'mandi', 'bersih', 'air', 'lancar', 'kasur', 'bersih', 'lembut', 'lokasi', 'pusat', 'kota', 'karyawan', 'ramah', 'layan', 'bagus'];Positif
['hotel', 'belah', 'pusat', 'belanja', 'malioboro', 'check', 'masuk', 'lumayan', 'cepat', 'welcome', 'minum', 'kamar', 'bersih', 'sarapan', 'setuju', 'parkir', 'tahap', 'bangun', 'kolam', 'renang', 'roftop', 'bagus'];Positif
['lokasi', 'mudah', 'temu', 'fasilitas', 'sesuai', 'harga', 'layan', 'baik', 'terima', 'kasih', 'karyawan'];Positif
['hotel', 'tidak', 'profesional', 'nomor', 'telepon', 'hotel', 'tidak', 'hubung', 'kamar', 'kurang', 'bersih', 'dingin', 'ruang', 'rusak', 'menginap', 'kamar', 'sprei', 'sarung', 'bantal', 'kotor'];Negatif
['tempat', 'bagus', 'layan', 'bagus', 'karyawan', 'ramah', 'sarapan', 'lezat', 'sukses', 'aveta', 'hotel', 'belah', 'malioboro', 'pusat', 'belanja', 'jalan', 'kaki', 'pusat', 'belanja', 'cocok', 'keluarga'];Positif
['kamar', 'luas', 'lantai', 'kotor', 'masuk'];Positif
['hotel', 'kawasan', 'wisata', 'yogyakarta', 'malioboro', 'jalan', 'kawasan', 'malioboro', 'tingal', 'langkah', 'layan', 'karyawan', 'kamar', 'bersih', 'nyaman'];Positif
['hotel', 'nyaman', 'cocok', 'suasana', 'rekomendasi', 'bagus'];Positif
['hotel', 'mudah', 'temu', 'malioboro', 'akses', 'mobil', 'susah', 'ramai', 'lorong', 'mpit', 'ruang', 'tunggu', 'pakai', 'parkir', 'motor', 'warga', 'parkir', 'hotel', 'tidak', 'sedia', 'minibus'];Positif
['memberikanya', 'bintang', 'tempat', 'bahan', 'malioboro', 'pusat', 'belanja', 'karyawan', 'lantai', 'lantai', 'kolam', 'renang', 'restonya', 'lantai', 'coffe', 'lihat', 'rekomendasi', 'kamar', 'bersih', 'luas', 'ramah', 'orang', 'tua', 'wcnya', 'banyak', 'peganganya', 'pegang', 'orang', 'tua', 'sarapan', 'banyak', 'variasi', 'lezat'];Positif
['cocok', 'relaksasi', 'sahabat', 'mewah', 'cocok', 'acara', 'formal', 'non', 'formal', 'saran', 'layan', 'bagus'];Positif
['hotel', 'murah', 'mewah', 'banget', 'libur', 'keluarga', 'yogyakarta', 'menginap', 'hotel', 'layan', 'bagus', 'rekomendasi'];Positif
['hotel', 'mudah', 'temu', 'layan', 'karyawan'];Positif
['hotel', 'mudah', 'temu', 'malioboro', 'hotel', 'anti', 'rokok', 'tidak', 'rokok', 'mana', 'hotel', 'nyaman', 'sarapan', 'kurang', 'lezat', 'menu', 'monoton', 'pandang', 'kamar', 'balkon', 'tembok', 'jam', 'jam', 'kawasan', 'malioboro', 'tutup', 'pakai', 'kendaran', 'pribadi', 'roda', 'hotel', 'jam'];Positif
['hotel', 'nyaman', 'layan', 'puas', 'rekomendasi'];Positif
['nyaman', 'banget', 'hotel', 'lokasi', 'jalan', 'malioboro', 'nikmat', 'malioboro', 'menginap', 'aveta', 'hotel', 'malioboro', 'renang', 'kolam', 'renang', 'lantai'];Positif
['kamar', 'balkon', 'balkon', 'kunci', 'tidak', 'pakai', 'fasilitas', 'balkon', 'bagus'];Positif
['masalah', 'rumit', 'jam', 'hinga', 'kendaran', 'tidak', 'jalan', 'malioboro', 'sehinga', 'simpan', 'parkir', 'jalan', 'mataram'];Positif
['hotel', 'biaya', 'setuju', 'segi', 'harga', 'layan', 'sembuh', 'jakarta', 'tinggal', 'yogyakarta', 'tempat', 'rekomendasi'];Positif
['tempat', 'bagus', 'dekat', 'malioboro', 'suka', 'banget', 'kolam', 'renang', 'kamar', 'bagus'];Positif
['hotel', 'nyaman', 'lokasi', 'mudah', 'temu', 'semoga', 'menginap'];Positif
['hotel', 'bagus', 'banget', 'jalan', 'malioboro', 'rasa', 'suasana', 'malam', 'pagi', 'dimalioboro', 'mending', 'menginap', 'hotel', 'langsung', 'malioboro', 'jalan', 'malioboro', 'berisik', 'karyawan', 'ramah', 'alat', 'mandi', 'lengkap', 'sabun', 'sampo', 'wangi', 'layan', 'pijat', 'kolam', 'renang', 'restonya', 'rekomendasi'];Positif
['redam', 'ruang', 'kurang', 'suara', 'kamar', 'belah', 'dengar', 'berisik'];Negatif
['hotel', 'dekat', 'pusat', 'belanja', 'malioboro', 'bersih', 'nyaman', 'layan', 'fasilitas', 'sedia', 'lengkap', 'keren'];Positif
['hotel', 'nyaman', 'fasilitas', 'lengkap', 'makan', 'hotel', 'lezat', 'layan', 'bagus', 'hotel', 'rekomendasi', 'banget'];Positif
['makan', 'lezat', 'lokasi', 'mudah', 'temu', 'kamar', 'luas', 'sayang', 'jalan', 'hotel', 'sempit'];Positif
['kamar', 'mandi', 'overhead', 'shower', 'susah', 'tidak', 'keramas'];Negatif
['tempat', 'nyaman', 'harga', 'murah', 'fasilitas', 'lengkap', 'layan', 'nyaman', 'kunjung'];Positif
['hotel', 'pusat', 'kota', 'lezat', 'mana', 'kamar', 'nyaman', 'layan', 'ramah'];Positif
['fasilitas', 'hotel', 'kurang', 'bagus', 'nyaman', 'pusat', 'kota', 'tidak', 'cocok', 'makan'];Negatif
['keren', 'banget', 'layak', 'banget', 'enak', 'akses', 'maliboro', 'langkah', 'kolam', 'renang', 'roftop', 'cocok', 'nikmat', 'pandang', 'sore', 'istri', 'anak'];Positif
['suka', 'rekomendasi', 'hotel', 'turun', 'hotel', 'langsung', 'jalan', 'malioboro', 'bawa', 'anak', 'senang', 'kolam', 'renang', 'anak', 'lumayan', 'besar', 'susah', 'malioboro', 'jam', 'malam', 'jam', 'malam', 'mobil', 'tidak', 'masuk', 'hotel', 'valey', 'bantu', 'aman', 'hotel', 'beda', 'hotel', 'karyawan', 'lantai', 'lantai', 'lantai', 'coffe', 'kawasan', 'malioboro', 'hotel', 'kamar', 'luas', 'banget', 'kamar', 'mandi', 'luas'];Positif
['sesuai', 'harga', 'luas', 'bersih', 'sejuk', 'senang', 'cocok', 'orang', 'packer', 'cari', 'hangat'];Positif
['layan', 'hotel', 'buruk'];Negatif
['kamar', 'nyaman', 'harga', 'malam', 'layan', 'fasilitas', 'bagus', 'akses', 'mudah'];Positif
['rekomendasi', 'banget', 'akses', 'mana', 'dekat', 'kamar', 'nyaman', 'fasilitas', 'lengkap', 'keluarga', 'suka', 'menginap', 'mantap'];Positif
['hotel', 'bagus', 'layan', 'ramah', 'makan', 'lezat', 'tidak', 'tempat', 'belanja'];Positif
['hotel', 'pusat', 'bagus', 'nikmat', 'musik', 'belanja', 'hidup', 'jalan', 'malioboro', 'yogyakarta'];Positif
['hotel', 'mudah', 'temu', 'selesai', 'pembangunanya', 'langsung', 'jalan', 'malioboro', 'menginap', 'malam', 'senang', 'pilih', 'keluarga'];Positif
['lokasi', 'mudah', 'temu', 'karyawan', 'cepat', 'tanggap', 'kolam', 'renang', 'bersih'];Positif
['kamar', 'bersih', 'lokasi', 'mudah', 'temu', 'hotel', 'bagus', 'rekomendasi'];Positif
['kamar', 'nyaman', 'banyak', 'fasilitas', 'letak', 'malioboro', 'sehinga', 'dekat', 'stasiun', 'tempat', 'wisata', 'kota', 'yogyakarta'];Positif
['kamar', 'bersih', 'karyawan', 'ramah', 'bantu', 'lokasi', 'hotel', 'mudah', 'temu', 'yogyakarta', 'hotel', 'aveta'];Positif
['kelebihanya', 'bersih', 'nyaman', 'kesana', 'tidak', 'sedia', 'kasur', 'hotel', 'besar', 'bus', 'tidak', 'masuk', 'hotel', 'terminal', 'jalan', 'kaki'];Positif
['nyaman', 'bersih', 'senang', 'terima', 'kasih', 'aveta', 'bantu', 'kirim', 'barang', 'tertingal', 'kamar', 'hotel'];Positif
['hotel', 'nyaman', 'kamar', 'hubung', 'cocok', 'libur', 'keluarga', 'lokasi', 'mudah', 'temu', 'makan', 'lezat', 'layan', 'bagus', 'tuhan'];Positif
['kamar', 'hotel', 'rapi', 'bagus', 'karyawan', 'hotel', 'ramah', 'sepenuh', 'hati', 'layan', 'pelanganya'];Positif
['lokasi', 'mudah', 'temu', 'selang', 'malioboro', 'proses', 'check', 'masuk', 'cepat', 'bantu', 'sambut', 'tamu', 'karyawan', 'karyawan', 'karyawan', 'semoga', 'kali'];Positif
['hotel', 'bersih', 'karyawan', 'rendah', 'hati', 'jujur', 'makan', 'lezat'];Positif
['kali', 'menginap', 'layan', 'prima', 'akses', 'masuk', 'tingkat', 'inti', 'baik', 'tahan'];Positif
['hotel', 'bagus', 'sempurna', 'periksa', 'sarapan', 'segar'];Positif
['tingal', 'lokasi', 'mudah', 'temu', 'dekat', 'transportasi', 'maliobor', 'tingal', 'jalan', 'kaki', 'salah', 'pilih', 'hotel', 'yogyakarta'];Positif
['lokasi', 'mudah', 'temu', 'dekat', 'malioboro', 'waktu', 'kesini', 'keluarga', 'layan', 'karyawan', 'ramah'];Positif
['layan', 'aveta', 'hotel', 'bantu', 'karyawan', 'karyawan'];Positif
['lumayan', 'check', 'masuk', 'jam', 'alas', 'unit', 'rapi', 'setuju', 'rekomendasi', 'hotel', 'malioboro'];Positif
['layan', 'ramah', 'setuju', 'senang', 'menginap', 'hotel'];Positif
['kamar', 'luas', 'makan', 'lezat', 'menginap', 'malam', 'aveta', 'hotel', 'malioboro', 'rekomendasi', 'teman', 'teman', 'kunjung', 'yogyakarta'];Positif
['lokasi', 'mudah', 'temu', 'pusat', 'kota', 'yogyakarta', 'hotel', 'nyaman', 'mewah', 'cocok', 'libur', 'keluarga'];Positif
['menginap', 'aveta', 'pengalaman', 'libur', 'senang', 'santa', 'kolam', 'renang', 'dekat', 'pusat', 'belanja', 'pulang', 'dekat', 'bandara'];Positif
['nyaman', 'banget', 'karyawan', 'ramah', 'menu', 'sarapan', 'banyak'];Positif
['kamar', 'nyaman', 'lokasi', 'mudah', 'temu', 'jalan', 'malioboro', 'dekat', 'pusat', 'belanja', 'sarapan', 'lezat', 'tuhan'];Positif
['hotel', 'nyaman', 'kamar', 'bersih', 'fasilitas', 'tidak', 'main', 'main', 'suka', 'banget'];Positif
['lokasi', 'hotel', 'mudah', 'temu', 'jalan', 'malioboro', 'kamar', 'bersih', 'layan', 'ramah'];Positif
['rekomendasi', 'relaksasi', 'hotel', 'kamar', 'nyaman', 'layan', 'bagus', 'fasilitas'];Positif
['rekomendasi', 'kamar', 'nyaman', 'bersih', 'tenang', 'lokasi', 'mudah', 'temu', 'seru'];Positif
['kamar', 'bagus', 'rapi', 'nyaman', 'layan', 'sopan', 'karyawan'];Positif
['kamar', 'bersih', 'layan', 'bagus', 'menu', 'makan', 'lezat', 'harga', 'murah'];Positif
['tempat', 'bagus', 'bagus', 'kamar', 'luas', 'ukur', 'besar', 'sempit', 'kurang', 'pada', 'aveta', 'hotel'];Positif
['hotel', 'nyaman', 'banget', 'betah', 'lama', 'kamar', 'hotel', 'pasti', 'bersih', 'nyaman'];Positif
['lokasi', 'mudah', 'temu', 'selang', 'lurus', 'jalan', 'malioboro', 'beneran', 'jalan', 'malioboro'];Positif
['kolam', 'luas', 'kamar', 'bagus', 'fasilitas', 'fasilitas', 'hotel', 'sesuai', 'harga', 'murah'];Positif
['lokasi', 'dekat', 'banget', 'malioboro', 'kamar', 'layan', 'baik', 'mampir'];Positif
['lokasi', 'mudah', 'temu', 'dekat', 'maliobor', 'kamar', 'setuju', 'nyaman', 'karyawan', 'ramah', 'harga'];Positif
['konsep', 'elegan', 'desain', 'kamar', 'nyaman', 'dinding', 'marmer', 'kamar', 'mandi', 'favorit'];Positif
['habis', 'waktu', 'keluarga', 'joga', 'hotel', 'cocok', 'nyaman', 'tenang', 'estetis'];Positif
['kamar', 'mandi', 'bersih', 'tempat', 'tidur', 'bersih', 'layan', 'ramah', 'lokasi', 'mudah', 'temu', 'mana'];Positif
['lumayan', 'check', 'masuk', 'jam', 'lokasi', 'mudah', 'temu', 'persis', 'samping', 'malioboro', 'pusat', 'belanja'];Positif
['nyaman', 'layan', 'ramah', 'makan', 'lezat', 'kamar', 'bersih', 'dingin', 'ruang', 'dingin'];Positif
['hotel', 'bagus', 'mudah', 'temu', 'jalan', 'malioboro', 'ramai', 'dekat', 'pusat', 'belanja', 'dekat', 'pusat', 'makan', 'estimasi', 'hotel', 'batas'];Positif
['lokasi', 'mudah', 'temu', 'malioboro', 'dekat', 'pusat', 'belanja', 'layan', 'terima', 'kasih', 'aveta'];Positif
['dekat', 'senang', 'malioboro', 'tutup', 'jalan', 'jam', 'hinga', 'sehinga', 'sulit', 'pulang', 'malam', 'tempat', 'hotel'];Positif
['fasilitas', 'lengkap', 'tidak', 'cocok', 'libur', 'keluarga', 'jalan', 'bisnis', 'rekomendasi'];Positif
['hotel', 'kota', 'yogyakarta', 'meningalkan', 'hotel', 'malioboro', 'harga', 'sesuai', 'layan', 'lokasi', 'mudah', 'temu', 'kamar', 'nyaman', 'padan', 'biaya', 'sen'];Positif
['kamar', 'nyaman', 'bersih', 'dekat', 'jalan', 'malioboro', 'suasana', 'lezat', 'layan', 'ramah', 'lokasi', 'mudah', 'temu'];Positif
['kamar', 'nyaman', 'layan', 'puas', 'nikmat', 'menginap', 'terima', 'kasih'];Positif
['tempat', 'nyaman', 'dekat', 'pusat', 'ramai', 'karyawan', 'ramah', 'terima', 'kasih'];Positif
['lokasi', 'hotel', 'mudah', 'temu', 'jalan', 'malioboro', 'hotel', 'kamar', 'luas', 'nyaman', 'bersih', 'lengkap', 'kolam', 'renang', 'roftop', 'betah'];Positif
['pengalaman', 'lebih', 'harap', 'bersih', 'luas', 'nyaman', 'makan', 'banyak', 'jenis', 'lokasi', 'mudah', 'temu', 'jalan', 'malioboro', 'sayang', 'akses', 'parkir', 'susah'];Positif
['dekat', 'malioboro', 'tingal', 'hotel', 'jalan', 'jalan', 'sayang', 'tidak', 'rokok', 'teras', 'kamar', 'turun', 'pindah', 'tempat', 'lezat'];Positif
['kamar', 'bersih', 'makan', 'lezat', 'nikmat', 'menginap', 'terima', 'kasih'];Positif
['kamar', 'bersih', 'layan', 'ramah', 'terima', 'kasih'];Positif
['hotel', 'nyaman', 'bersih', 'layan', 'ramah', 'yogyakarta', 'wajib', 'menginap', 'hotel'];Positif
['lokasi', 'mudah', 'temu', 'dekat', 'malioboro', 'kamar', 'bersih', 'luas', 'nyaman', 'makan', 'lezat'];Positif
['nyaman', 'banget', 'tempat', 'bersih', 'layan', 'cocok', 'teman', 'teman', 'butuh', 'tempat', 'istirahat'];Positif
['layan', 'bagus', 'sambut', 'tamu', 'karyawan', 'ramah', 'aman', 'betah', 'tingal', 'kamar', 'besar', 'bersih'];Positif
['lokasi', 'jalan', 'malioboro', 'karyawan', 'cepat', 'kamar', 'bersih', 'makan', 'lengkap', 'lezat'];Positif
['hotel', 'bagus', 'layan', 'bagus', 'rekomendasi', 'tambah', 'fasilitas', 'lengkap'];Positif
['bersih', 'mudah', 'temu', 'nyaman'];Positif
['sebal', 'layan', 'sambut', 'tamu', 'buruk', 'buang', 'buang', 'waktu', 'sesal', 'niat', 'sewa', 'suite'];Negatif
['karyawan', 'hotel', 'ramah', 'tingal', 'jalan', 'kaki', 'malioboro'];Positif
['desain', 'hotel', 'unik', 'dekat', 'pusat', 'kota', 'layan', 'bagus', 'jangan', 'sesal'];Positif
['karyawan', 'ramah', 'layan', 'setuju', 'menu', 'banyak', 'lokasi', 'mudah', 'temu', 'rekomendasi', 'terima', 'kasih', 'aveta', 'hotel'];Positif
['layan', 'bagus', 'baik', 'kacamata', 'hilang', 'simpan', 'aman', 'sambut', 'tamu', 'baik'];Positif
['desain', 'interior', 'cantik', 'minimal', 'aveta', 'hotel', 'malioboro', 'salah', 'hotel', 'baik', 'kawasan', 'malioboro', 'lokasi', 'dekat', 'malioboro', 'tugu', 'stasiun'];Positif
['nyaman', 'nyambung', 'jalan', 'malioboro', 'langsung', 'musik', 'suka', 'nyanyi', 'hibur'];Positif
['layan', 'kurang', 'puas', 'rombong', 'pesan', 'teman', 'kelas', 'tidak', 'kamar', 'tungu', 'jam', 'sedia', 'kamar', 'baris', 'kosong', 'tidak', 'kasih', 'tato', 'lantai', 'banget', 'nungunya'];Negatif
['tempat', 'nyaman', 'banget', 'tempat', 'hotel', 'bersih', 'nyaman', 'setuju', 'inti', 'waktu', 'kesini'];Positif
['layan', 'kurang', 'istri', 'menginap', 'handuk', 'pindah', 'kamar', 'pindah', 'bawa', 'handuk', 'malu', 'istri', 'orang', 'handuk', 'cek', 'ulang', 'kamar', 'tamu', 'sambut', 'tamu', 'bilang', 'pindah', 'kamar', 'handuk', 'parah', 'check', 'tidak', 'maaf', 'kecewa'];Negatif
['kamar', 'bersih', 'nyaman', 'layan', 'ramah', 'rekomendasi', 'menginap', 'pasang'];Positif
['harga', 'murah', 'nyaman', 'bersih', 'dekat', 'pusat', 'kota', 'sehinga', 'mudah', 'libur', 'kawasan', 'wisata'];Positif
['kamar', 'nyaman', 'akses', 'mudah', 'karyawan', 'ramah', 'pandang', 'bagus', 'jangan', 'sesal'];Positif
['hotel', 'lokasi', 'mudah', 'temu', 'kamar', 'bersih', 'nyaman', 'sarapan', 'lengkap', 'lezat'];Positif
['dekorasi', 'kamar', 'bagus', 'suasana', 'tempat', 'setuju', 'respon', 'sambut', 'tamu', 'kamar', 'layan', 'sarapan', 'lezat'];Positif
['hotel', 'bagus', 'mudah', 'temu', 'cocok', 'menginap', 'hotel', 'malioboro', 'hotel', 'suasana', 'malioboro', 'sayang', 'securitynya', 'kurang', 'ramah', 'kecewa', 'tidak', 'beda', 'tamu', 'bukan', 'beda', 'aman', 'hotel', 'ramah', 'akrab', 'tamu', 'orang', 'paham', 'hotel', 'diri', 'disiplin', 'aman', 'mudah', 'profesional', 'baik', 'setuju', 'terima', 'kasih'];Positif
['kamar', 'bersih', 'layan', 'ramah', 'lokasi', 'mudah', 'akses', 'rekomendasi', 'menginap'];Positif
['kamar', 'bagus', 'bersih', 'nyaman', 'istirahat', 'layan', 'ramah', 'sopan'];Positif
['tempat', 'bagus', 'nyaman', 'bersih', 'layan', 'ramah', 'harga', 'murah', 'cocok', 'relaksasi'];Positif
['konstruksi', 'bangun', 'kurang', 'bagus', 'toilet', 'kamar', 'tidak', 'arah', 'hilir', 'sehinga', 'air', 'kamar', 'mandi', 'rembes', 'kamar', 'mandi'];Negatif
['kali', 'menginap', 'menginap', 'yogyakarta', 'lokasi', 'mudah', 'temu'];Positif
['kamar', 'bersih', 'luas', 'kamar', 'mandi', 'bersih', 'nyaman', 'sambut', 'tamu', 'hotel', 'ramah'];Positif
['habis', 'malam', 'pengalaman', 'hebat', 'kamar', 'bagus', 'layan', 'karyawan', 'harga', 'murah'];Positif
['kamar', 'bersih', 'rapi', 'layan', 'rekomendasi', 'hotel', 'yogyakarta'];Positif
['bersih', 'layan', 'sarapan', 'puas', 'kolam', 'renang', 'pandang', 'bagus', 'banget', 'waktu', 'kesini', 'rekomendasi', 'banget'];Positif
['pekerjan', 'nyetir', 'jemput', 'hotel', 'ruang', 'tunggu', 'hotel', 'masuk', 'lorong', 'mpit', 'ekstrim', 'satpam', 'bantu', 'turun'];Positif
['kamar', 'setuju', 'layan', 'setuju', 'lokasi', 'bagus', 'jaring', 'internet', 'lambat', 'televisi', 'televisi', 'pintar'];Negatif
['tempat', 'bagus', 'menginap', 'libur', 'keluarga', 'kamar', 'luas', 'bersih', 'kolam', 'bagus', 'main', 'anak', 'anak'];Positif
['hotel', 'nyaman', 'rekomendasi', 'dekat', 'tempat', 'wisata', 'yogyakarta', 'layan', 'bagus'];Positif
['desain', 'hotel', 'moderen', 'kamar', 'bersih', 'awat', 'karyawan', 'ramah', 'sarapan', 'banyak', 'jenis', 'makan', 'asia', 'makan', 'barat', 'makan', 'tradisional'];Positif
['tempat', 'bagus', 'jajah', 'pusat', 'kota', 'layan', 'keramahtamahan', 'bintang', 'lokasi', 'berisik', 'kota'];Positif
['hotel', 'langanan', 'keluarga', 'yogyakarta', 'nyaman', 'bersih', 'karyawan', 'ramah', 'nginep', 'kenal', 'karyawan', 'securitynya'];Positif
['hotel', 'bagus', 'letak', 'pusat', 'kota', 'dekat', 'mana', 'pergi', 'hotel', 'baik'];Positif
['puas', 'layan', 'hotel', 'jalan', 'menginap'];Positif
['kamar', 'bersih', 'akses', 'malioboro', 'dekat', 'sarapan', 'lezat', 'masakanya', 'agam', 'akses', 'tempat', 'parkir', 'sempit'];Positif
['hotel', 'nyaman', 'kamar', 'luas', 'karyawan', 'ramah', 'cocok', 'keluarga', 'libur', 'yogyakarta'];Positif
['letak', 'dekat', 'malioboro', 'senang', 'jalan', 'jalan', 'santai', 'malioboro', 'dekat', 'menginap', 'layan', 'mantap', 'betah'];Positif
['cocok', 'libur', 'keluarga', 'jalan', 'masuk', 'sempit'];Positif
['kamar', 'luas', 'terang', 'bersih', 'parkir', 'sempit', 'lembah', 'bantu', 'kamar', 'mandi', 'kering', 'susah', 'ambil', 'air', 'wudhu'];Positif
['luas', 'nyaman', 'aman', 'rekomendasi', 'malam', 'yogyakarta', 'suasana', 'tenang', 'fasilitas', 'lengkap'];Positif
['hotel', 'baik', 'jalan', 'malioboro', 'pintu', 'surga', 'karyawan', 'bantu', 'bantu', 'orang', 'hati', 'senang', 'kesini'];Positif
['lokasi', 'mudah', 'temu', 'dekat', 'malioboro', 'kamar', 'bersih', 'fasilitas', 'bagus'];Positif
['parkir', 'luas', 'kamar', 'nyaman', 'sarapan', 'lezat', 'baik'];Positif
['tempat', 'bersih', 'ramah', 'lingkung', 'view', 'bagus', 'lokasi', 'mudah', 'temu', 'bantu'];Positif
['interior', 'unik', 'suasana', 'nyaman', 'layan', 'kawasanya', 'mudah', 'temu', 'rekomendasi', 'hotel'];Positif
['lokasi', 'mudah', 'temu', 'jalan', 'utama', 'malioboro', 'samping', 'pusat', 'belanja', 'kamar', 'bersih', 'nyaman', 'karyawan', 'bantu', 'bantu', 'bolak', 'meningalkan', 'air', 'susu', 'frezer'];Positif
['tempat', 'parkir', 'kurang', 'berangkat', 'kali', 'karyawan', 'ambil', 'mobil', 'lambat', 'nungu', 'jam', 'ambil', 'pencet', 'kunci', 'mobil', 'simpan', 'lemari'];Negatif
['lokasi', 'mudah', 'temu', 'banget', 'penting', 'hotel', 'bersih', 'sarapan', 'lezat'];Positif
['hotel', 'malioboro', 'dekat', 'malioboro', 'pusat', 'belanja', 'lokasi', 'mudah', 'temu', 'tidak', 'khawatir', 'jalan', 'kaki', 'malioboro', 'makan', 'lezat', 'desain', 'hotel', 'bagus', 'sedia', 'handuk', 'kolam', 'renang'];Positif
['kamar', 'bersih', 'pandang', 'setuju', 'layan', 'bagus', 'fasilitas', 'setuju', 'banget', 'saran'];Positif
['hotel', 'lokasi', 'mudah', 'temu', 'jalan', 'malioboro', 'layan', 'ramah', 'kamar', 'bersih', 'rapi'];Positif
['kamar', 'bagus', 'serasa', 'private', 'kamar', 'layan', 'ramah'];Positif
['hotel', 'keren', 'kamar', 'nyaman', 'luas', 'layan', 'ramah', 'penting', 'lokasi', 'mudah', 'temu'];Positif
['lokasi', 'mudah', 'temu', 'mudah', 'explore', 'malioboro', 'karyawan', 'ramah'];Positif
['tidak', 'pancur', 'kamar', 'kamar', 'tempat', 'tidur', 'ganda', 'kamar', 'tempat', 'tidur', 'ganda', 'tidak', 'sedia', 'pemeliharan', 'ambil', 'kamar', 'milik', 'tempat', 'tidur', 'tidak', 'ering', 'rambut'];Negatif
['kamar', 'bersih', 'aman', 'bagus', 'layan', 'bagus', 'parkir', 'tugas', 'parkir', 'makan', 'kurang', 'lezat'];Positif
['hotel', 'mewah', 'kolam', 'renang', 'anak', 'tempat', 'nyaman', 'aman', 'makan', 'lezat'];Positif
['kamar', 'bagus', 'balkon', 'kamar', 'lokasi', 'bahan', 'dnf', 'malioboro', 'pusat', 'belanja', 'banget', 'pusat', 'kota', 'nyaman'];Positif
['senang', 'menginap', 'hotel', 'aveta', 'karyawan', 'hotel', 'ramah', 'layan', 'puas', 'makan', 'lezat', 'bagus'];Positif
['hotel', 'mudah', 'temu', 'fasilitas', 'setuju', 'kamar', 'bagus', 'rekomendasi'];Positif
['tempat', 'mudah', 'temu', 'kawasan', 'malioboro', 'bangun', 'unik', 'kamar', 'bersih', 'nyaman', 'rekomendasi', 'kunjung'];Positif
['lokasi', 'mudah', 'temu', 'kamar', 'bersih', 'wangi', 'karyawan', 'ramah', 'bertangung', 'langanan', 'yogyakarta'];Positif
['hotel', 'mudah', 'temu', 'bersih', 'ful', 'dingin', 'ruang', 'layan', 'bagus', 'harga', 'murah'];Positif
['tempat', 'nyaman', 'bersih', 'layan', 'cepat', 'banget', 'tingkat', 'aman', 'sesuai', 'harga'];Positif
['tempat', 'nyaman', 'kamar', 'bersih', 'kolam', 'renang', 'lokasi', 'mudah', 'temu'];Positif
['bagus', 'dekat', 'malioboro', 'kamar', 'sesuai', 'harga', 'rekomendasi', 'libur'];Positif
['hotel', 'tangal', 'karyawan', 'layan', 'proses', 'sesuai', 'kamar', 'masakanya', 'lezat', 'banget', 'kelas', 'masakan', 'lokal'];Positif
['kamar', 'bersih', 'layan', 'hebat', 'lokasi', 'excelend', 'bagus', 'rekomendasi', 'bagus'];Positif
['bersih', 'nyaman', 'menu', 'sarapan', 'agam', 'karyawan', 'ramah', 'bagus', 'inti'];Positif
['hotel', 'palin', 'dekat', 'kawasan', 'malioboro', 'kamar', 'bersih', 'nyaman', 'layan', 'puas', 'karyawan', 'ramah', 'happy', 'restoran', 'kafe', 'kolam', 'renang', 'letak'];Positif
['posisi', 'hotel', 'lumayan', 'jalan', 'malioboro', 'dekat', 'pusat', 'belanja', 'kali', 'kesana', 'bingung', 'cari', 'ruang', 'tunggu', 'karyawan', 'letak', 'lantai'];Positif
['lokasi', 'mudah', 'temu', 'pusat', 'kota', 'yogyakarta', 'layan', 'setuju', 'harga', 'layak', 'layan', 'tempat'];Positif
['bersih', 'banget', 'hotel', 'ramah', 'hotel', 'langsung', 'malioboro', 'masuk', 'parkir', 'mobil', 'lorong', 'mpit', 'parkir', 'tenang', 'sedia', 'parkir', 'lembah', 'basementnya', 'besar', 'mobil', 'motor', 'aveta', 'yogyakarta'];Positif
['hotel', 'layan', 'mewah', 'utama', 'nyaman', 'tamu', 'raja', 'ratu', 'ayo', 'ayo', 'ayo'];Positif
['lokasi', 'mudah', 'temu', 'layan', 'ramah', 'nyaman', 'tempat', 'menginap', 'rekomendasi'];Positif
['tempat', 'bagus', 'nyaman', 'bersih', 'segar', 'nyaman', 'banget', 'layan', 'ramah', 'cepat'];Positif
['surga', 'variasi', 'menu', 'lengkap', 'makan', 'lezat', 'karyawan', 'hotel', 'ramah'];Positif
['kamar', 'bersih', 'rapi', 'karyawan', 'ramah', 'lokasi', 'dekat', 'pusat', 'kota', 'yogyakarta'];Positif
['hotel', 'bersih', 'luas', 'wajib', 'banget', 'menginap', 'yogyakarta'];Positif
['hotel', 'bintang', 'nyaman', 'fasilitas', 'bersih', 'layan', 'ramah'];Positif
['hotel', 'mudah', 'temu', 'malioboro', 'square', 'kamar', 'luas', 'nyaman'];Positif
['lokasi', 'mudah', 'temu', 'cocok', 'nikmat', 'malioboro', 'waktu', 'jam'];Positif
['hotel', 'bagus', 'mudah', 'temu', 'lokasi', 'banget', 'kawasan', 'jalan', 'utama', 'malioboro', 'tidak', 'kendaran', 'kesana', 'dekat', 'stasiun', 'tugu', 'menit', 'jalan', 'tugu', 'jalan', 'kaki', 'hotel', 'belah', 'selatan', 'pusat', 'belanja', 'malioboro', 'cocok', 'wisata', 'makan', 'hotel', 'pusat', 'kota', 'yogyakarta', 'karyawan', 'ramah'];Positif
['kamar', 'bersih', 'lumayan', 'bagus', 'kolam', 'renang', 'anak'];Positif
['hotel', 'harga', 'sahabat', 'kantong', 'kualitas', 'bintang', 'baik', 'inti', 'hotel', 'mudah', 'temu', 'baik', 'malioboro'];Positif
['tempat', 'nyaman', 'asri', 'bersih', 'karyawan', 'ramah', 'yogyakarta', 'wajib', 'banget', 'menginap'];Positif
['lokasi', 'mudah', 'temu', 'kamar', 'layan', 'setuju', 'cocok', 'libur', 'sembuh'];Positif
['sudah', 'buka', 'tidak', 'papan', 'nama', 'hotel', 'konstruksi', 'tidak', 'dekorasi', 'gambar', 'pasang', 'traveloka', 'palsu', 'turut', 'rendering', 'lokasi', 'malioboro', 'belah', 'malioboro', 'pusat', 'belanja', 'makan', 'lezat', 'tidak', 'manis', 'kamar', 'bagus', 'shower', 'bagus'];Negatif
['tempat', 'bagus', 'cocok', 'relaksasi', 'teman', 'keluarga', 'layan', 'bagus', 'tempat', 'bersih', 'rapi', 'fasilitas', 'kolam', 'renang', 'tempat', 'sarapan'];Positif
['fasilitas', 'hotel', 'nyaman', 'makan', 'lezat', 'cocok', 'bawa', 'keluarga'];Positif
['kamar', 'nyaman', 'makan', 'lezat', 'posisi', 'mudah', 'temu', 'view', 'balkon', 'kurang'];Positif
['lokasi', 'dekat', 'malioboro', 'sehinga', 'banyak', 'wisatawan', 'malioboro', 'salah', 'pilih', 'menginap'];Positif
['tempat', 'rekomendasi', 'libur', 'yogyakarta', 'aveta', 'hotel', 'pilih'];Positif
['kamar', 'luas', 'bersih', 'karyawan', 'hotel', 'ramah', 'nyaman'];Positif
['lokasi', 'mudah', 'temu', 'belah', 'malioboro', 'pusat', 'belanja', 'kamar', 'bersih', 'tempat', 'parkir', 'luas'];Positif
['hotel', 'suasana', 'santai', 'keliling', 'pusat', 'perbelanjan', 'makan', 'kenang', 'kamar', 'luas', 'nyaman'];Positif
['rekomendasi', 'banget', 'pusat', 'malioboro', 'belah', 'pusat', 'belanja', 'puas', 'menginap', 'aveta', 'besok', 'yogyakarta', 'menginap'];Positif
['cocok', 'menginap', 'keluarga', 'libur', 'akses', 'dekat', 'makan', 'banyak'];Positif
['kamar', 'luas', 'kolam', 'renang', 'lantai', 'coffe', 'lantai', 'lokasi', 'belah', 'malioboro', 'pusat', 'belanja'];Positif
['lokasi', 'mudah', 'temu', 'cocok', 'keluarga', 'layan', 'terima', 'kasih', 'sukses'];Positif
['hotel', 'lokasi', 'sulit', 'ditemui', 'sayang', 'menu', 'sarapan', 'kurang', 'banyak', 'jenis'];Negatif
['hotel', 'murah', 'kalang', 'tengah', 'asik', 'cocok', 'hibur', 'keluarga'];Positif
['naman', 'bersih', 'lezat', 'keluarga', 'lokasi', 'mudah', 'temu', 'yogyakarta', 'wajib', 'menginap', 'asik', 'banget'];Positif
['hotel', 'kota', 'yogyakarta', 'harga', 'murah', 'fasilitas', 'kamar', 'lengkap'];Positif
['parah', 'tawar', 'ganti', 'kamar', 'suruh', 'tungu', 'telepon', 'karyawan', 'terima', 'kasih', 'layan', 'prima', 'tindak', 'nyata', 'bicara'];Negatif
['pilih', 'libur', 'keluarga', 'tempat', 'nyaman', 'karyawan', 'ramah', 'tempat', 'nyaman', 'mau'];Positif
['tempat', 'dekat', 'malioboro', 'langkah', 'pintu', 'hotel'];Positif
['lokasi', 'mudah', 'temu', 'dekat', 'pusat', 'perbelanjan', 'kamar', 'nyaman'];Positif
['kamar', 'layan', 'puas', 'lokasi', 'mudah', 'temu', 'pusat', 'kota', 'yogyakarta', 'tepat', 'jalan', 'malioboro'];Positif
['lokasi', 'mudah', 'temu', 'layan', 'ramah', 'harga', 'murah', 'fasilitas'];Positif
['kamar', 'menginap', 'bagus', 'harga', 'murah', 'dekat', 'mana', 'bagus'];Positif
['lokasi', 'bagus', 'banget', 'mudah', 'temu', 'kamar', 'bersih', 'rekomendasi'];Positif
['kamar', 'bersih', 'wangi', 'hotel', 'layan', 'puas'];Positif
['hotel', 'mudah', 'temu', 'mudah', 'temu', 'malioboro', 'tidak', 'lawa'];Positif
['hotel', 'nyaman', 'suasana', 'nyaman', 'cocok', 'bawa', 'keluarga', 'relaksasi', 'kesini', 'rekomendasi'];Positif
['salah', 'hotel', 'lokasi', 'jalan', 'mlioboro', 'cocok', 'khusus', 'nikmat', 'suasana', 'jalan', 'malioboro', 'yogyakrta'];Positif
['ering', 'rambut', 'setrika', 'tungu', 'kali', 'telepon', 'tidak', 'rekomendasi', 'lokasi', 'mudah', 'temu'];Negatif
['kamar', 'bagus', 'lokasi', 'makan', 'lezat'];Positif
['kali', 'saran', 'perhati', 'baik', 'salur', 'buang', 'kamar', 'mandi', 'sumbat'];Negatif
['tingal', 'kali', 'pergi', 'malioboro', 'suka', 'tempat', 'dekat', 'pusat', 'belanja', 'banyak', 'makan', 'kamar', 'bersih', 'rapi', 'tempat', 'bagus', 'menginap'];Positif
['lokasi', 'bagus', 'kali', 'menginap', 'proses', 'check', 'karyawan', 'ramah', 'sopan'];Positif
['tempat', 'parkir', 'sempit', 'dekat', 'pusat', 'belanja', 'lezat', 'belanja', 'jalan', 'masuk', 'mobil', 'jalan', 'utama', 'banyak', 'pkl', 'aman', 'ramah'];Positif
['hotel', 'bagus', 'lokasi', 'mudah', 'temu', 'kota', 'yogyakarta', 'layan', 'bagus'];Positif
['tempat', 'nyaman', 'lahan', 'malioboro', 'kurang', 'kompak', 'segi', 'lengkap', 'ruang', 'dian', 'furniture', 'ruang', 'beda', 'beda'];Positif
['hotel', 'mudah', 'temu', 'fasilitas', 'setuju', 'layan', 'ramah', 'sarapan', 'lezat'];Positif
['hotel', 'setuju', 'layan', 'bagus', 'kamar', 'bagus', 'lokasi', 'dekat', 'kilo'];Positif
['nyaman', 'banget', 'layan', 'ramah', 'cocok', 'pasutri', 'meni', 'honeymon', 'biaya', 'banget', 'libur'];Positif
['tempat', 'nyaman', 'extand', 'yogyakarta', 'kesini', 'informasi', 'tempat', 'tempat', 'nyaman', 'murah', 'bermanfat', 'senang'];Positif
['fasilitas', 'kamar', 'lengkap', 'kamar', 'bersih', 'nyaman'];Positif
['kamar', 'bersih', 'suasana', 'nyaman', 'damai', 'layan', 'ramah'];Positif
['nyaman', 'letak', 'kota', 'yogyakarta', 'layan', 'ramah', 'lokasi', 'mudah', 'temu'];Positif
['penting', 'tempat', 'bersih', 'kota', 'dekat', 'mana', 'waktu', 'menginap', 'yogyakarta'];Positif
['tempat', 'nyaman', 'letak', 'mudah', 'temu', 'pusat', 'kota', 'cocok', 'libur', 'keluarga'];Positif
['hotel', 'mudah', 'temu', 'rekomendasi', 'malioboro', 'menginap', 'lokasi', 'menu', 'sarapan', 'lengkap'];Positif
['pusat', 'malioboro', 'lokasi', 'mudah', 'temu', 'nyaman', 'layan', 'prima', 'makan', 'lezat'];Positif
['kamar', 'tangal', 'sampa', 'november', 'baik', 'sore', 'pindah', 'penuh', 'tungu', 'banyak', 'alas', 'pagi', 'baik', 'minta', 'kipas', 'angin', 'tidak', 'layan', 'miskin', 'parah', 'tidak', 'nyata', 'kecewa'];Negatif
['lokasi', 'bagus', 'layan', 'bagus'];Positif
['fasilitas', 'lengkap', 'kolam', 'renang', 'roftop', 'bagus', 'relaksasi', 'teman'];Positif
['hotel', 'nyaman', 'cocok', 'cari', 'tempat', 'singah', 'malioboro'];Positif
['hotel', 'bagus', 'dekat', 'kawasan', 'makan', 'malioboro'];Positif
['kelihatanya', 'lezat', 'waktu', 'yogyakarta', 'coba', 'sana'];Positif
['kamar', 'tempat', 'tidur', 'kamar', 'mandi', 'bersih', 'parkir', 'luas', 'nyaman', 'turut'];Positif
['rapat', 'makan', 'rehat', 'kopi', 'setuju', 'lokasi', 'mudah', 'temu', 'jalan', 'kaki', 'kawasan', 'malioboro'];Positif
['lokasi', 'bagus', 'mudah', 'temu', 'dekat', 'stasiun', 'malioboro', 'tugu', 'yogyakarta', 'layan', 'ramah', 'puas'];Positif
['kamar', 'bersih', 'bagus', 'nyaman', 'lokasi', 'hotel', 'mudah', 'temu'];Positif
['cocok', 'menginap', 'keluarga', 'kamar', 'nyaman', 'bersih', 'karyawan', 'ramah'];Positif
['tempat', 'bagus', 'relaksasi', 'libur', 'teman', 'keluarga', 'layan', 'bagus', 'kamar', 'bagus', 'harga', 'masuk', 'akal', 'tidak', 'sabar', 'kunjung'];Positif
['hotel', 'bersih', 'bagus', 'layan', 'ramah', 'lanjut', 'kerja', 'baik'];Positif
['lokasi', 'hotel', 'bagus', 'banget', 'malioboro', 'hotel', 'setuju', 'terima', 'bintang', 'fasilitas', 'setuju', 'kamar', 'besar', 'sayang', 'fasilitas', 'parkir', 'buruk', 'setuju', 'angap', 'hotel', 'sepenuh', 'pusat', 'kota', 'jalan', 'malioboro', 'harga', 'padan'];Positif
['letak', 'pusat', 'kota', 'yogyakarta', 'dekat', 'pusat', 'belanja', 'malioboro', 'kamar', 'mandi', 'bersih', 'tempat', 'tidur', 'bersih', 'layan', 'puas'];Positif
['lokasi', 'hotel', 'mudah', 'temu', 'jalan', 'malioboro', 'samping', 'pusat', 'belanja', 'cari', 'makan', 'mudah', 'cari', 'transportasi', 'keliling', 'kota', 'mudah', 'bus', 'kota', 'becak', 'andong'];Positif
['nyaman', 'letak', 'pusat', 'kota', 'yogyakarta', 'belah', 'selatan', 'pusat', 'belanja', 'malioboro', 'hotel', 'unik'];Positif
['kamar', 'nyaman', 'bersih', 'layan', 'ramah', 'tempat', 'keren'];Positif
['hotel', 'bagus', 'sabunya', 'wangi', 'bau', 'serai', 'herbal', 'lokasi', 'pusat', 'jalan', 'malioboro', 'nyaman', 'jalan', 'jalan', 'malioboro'];Positif
['lokasi', 'bahan', 'pusat', 'belanja', 'malioboro', 'coba', 'menginap', 'kamar', 'nyaman', 'parkir', 'tidak', 'hotel'];Positif
['layan', 'fasilitas', 'kamar', 'hotel', 'sehinga', 'betah', 'banget'];Positif
['lokasi', 'mudah', 'temu', 'hotel', 'bersih', 'unik', 'layan', 'ramah'];Positif
['lokasi', 'mudah', 'temu', 'pusat', 'kota', 'yogyakrta', 'fasilitas', 'sesuai', 'harga', 'inti', 'atas'];Positif
['tidak', 'sesal', 'menginap', 'hotel', 'kamar', 'bagus', 'bersih', 'kolam', 'renang', 'cocok', 'relaksasi'];Positif
['layan', 'kamar', 'cocok', 'malam', 'keluarga'];Positif
['akses', 'dekat', 'tidak', 'mengunakanya', 'uang', 'jamin'];Positif
['kamar', 'bagus', 'layan', 'karyawan', 'ramah', 'profesional', 'lokasi', 'bagus', 'cocok', 'libur'];Positif
['momen', 'spesial', 'keluarga', 'wisata', 'malioboro', 'menginap', 'hotel', 'aveta'];Positif
['kamar', 'nyaman', 'luas', 'lokasi', 'bagus', 'pusat', 'malioboro', 'libur', 'jalan', 'bisnis'];Positif
['excelent', 'tinggal', 'greatful', 'karyawan', 'karyawan', 'awah', 'karyawan', 'mother'];Positif
['tempat', 'mudah', 'temu', 'malioboro', 'kamar', 'besar', 'bersih', 'layan', 'ramah', 'sayang', 'tidak', 'kamar', 'rokok', 'okok'];Positif
['hotel', 'unik', 'murah', 'rekomendasi', 'banget', 'menginap'];Positif
['kamar', 'bersih', 'layan', 'ramah', 'lokasi', 'mudah', 'temu', 'dekat', 'stasiun', 'yogyakarta', 'malioboro'];Positif
['kamar', 'bersih', 'nyaman', 'karyawan', 'ramah', 'terima', 'kasih', 'aveta', 'hotel'];Positif
['hotel', 'pusat', 'malioboro', 'kamar', 'luas', 'tambah', 'camil', 'gratis', 'sambut', 'tamu', 'ramah'];Positif
['kamar', 'bersih', 'fasilitas', 'lengkap', 'makan', 'lezat', 'lokasi', 'dekat', 'malioboro'];Positif
['pergi', 'tempat', 'parkir', 'baik', 'kamar', 'luas', 'balkon', 'kacau', 'balau', 'malioboro', 'sehinga', 'suasana', 'kacau', 'balau', 'malioboro', 'sayang', 'lewat'];Positif
['layan', 'bagus', 'banget', 'kamar', 'dingin', 'kemarin', 'tahap', 'bangun', 'parkir', 'batas'];Positif
['senang', 'menginap', 'hotel', 'dekat', 'temu', 'apa', 'suasana', 'senang', 'waktu', 'libur', 'yogyakarta', 'hotel', 'aveta'];Positif
['karyawan', 'ramah', 'handuk', 'dingin', 'tungu', 'check', 'masuk', 'kamar', 'luas', 'bersih', 'rapi', 'wifinya', 'cepat', 'baik', 'tempat', 'tidur'];Positif
['hotel', 'keren', 'fasilitas', 'lengkap', 'cocok', 'libur', 'yogyakarta'];Positif
['hotel', 'bagus', 'kamar', 'bagus', 'senang', 'desain', 'sederhana', 'minimal', 'terkadang', 'bau', 'tidak', 'sedap', 'toilet', 'kurang', 'paham', 'bau', 'tidak', 'hilang', 'pasang', 'kipas', 'angin', 'plafon', 'penting', 'hotel', 'milik', 'lokasi', 'mudah', 'temu', 'jalan', 'malioboro'];Positif
['pilih', 'kamar', 'banyak', 'layan', 'bagus', 'lokasi', 'mudah', 'temu'];Positif
['kamar', 'kamar', 'mandi', 'bersih', 'dekat', 'malioboro', 'kolam', 'renang', 'bersih', 'makan', 'restonya', 'lezat'];Positif
['kamar', 'bersih', 'fasilitas', 'bersih', 'pandang', 'cantik', 'setuju', 'bagus', 'rekomendasi', 'layan', 'setuju'];Positif
['hotel', 'nyaman', 'karyawan', 'ramah', 'karyawan', 'ramah', 'desain', 'hotel', 'moderen', 'gaya', 'layan', 'bagus', 'nilai', 'hotel', 'bagus'];Positif
['layan', 'ramah', 'sambut', 'tamu', 'ramah', 'tempat', 'tidur', 'nyaman', 'bersih', 'fasilitas', 'lengkap'];Positif
['tempat', 'nyaman', 'kamar', 'bersih', 'karyawan', 'ramah', 'bantu'];Positif
['hotel', 'mudah', 'temu', 'jalan', 'malioboro', 'interior', 'moderen', 'minimal', 'layan', 'ramah'];Positif
['tempat', 'nyaman', 'mudah', 'temu', 'harga', 'murah', 'layan', 'betah', 'banget'];Positif
['hotel', 'bagus', 'tempat', 'nyaman', 'rekomendasi', 'menginap', 'keluarga'];Positif
['hotel', 'bagus', 'banget', 'suka', 'pandang', 'layan', 'baik'];Positif
['hotel', 'bagus', 'nyaman', 'desain', 'interior', 'bagus', 'bersih', 'fasilitas', 'hotel', 'lengkap'];Positif
['kamar', 'nyaman', 'dekat', 'malioboro', 'salur', 'televisi', 'lokal', 'menu', 'sarapan', 'kurang', 'banyak', 'jenis', 'setuju'];Positif
['lokasi', 'mudah', 'temu', 'akses', 'langsung', 'jalan', 'malioboro', 'kamar', 'bersih'];Positif
['menginap', 'lokasi', 'mudah', 'temu', 'nyaman', 'lengkap', 'fasilitas', 'layan', 'nyaman'];Positif
['aveta', 'hotel', 'malioboro', 'milik', 'elemen', 'wajib', 'coba', 'orang', 'ruang', 'tunggu', 'nyaman', 'aula', 'dansa', 'luas', 'restoran', 'hangat'];Positif
['layan', 'lokasi', 'mudah', 'temu', 'hotel', 'langsung', 'jalan', 'malioboro', 'makan', 'lezat', 'layak', 'banget'];Positif
['kamar', 'kolam', 'renang', 'bagus', 'cocok', 'banget', 'menginap', 'keluarga', 'teman'];Positif
['lokasi', 'mudah', 'temu', 'dekat', 'stasiun', 'layan', 'ramah', 'layak', 'libur', 'yogyakarta'];Positif
['hotel', 'lokasi', 'mudah', 'temu', 'jalan', 'malioboro', 'yogyakarta', 'meningalkan', 'hotel', 'langsung', 'jalan', 'malioboro', 'tempat', 'bersih', 'nyaman', 'kolam', 'renang', 'unjung', 'hotel'];Positif
['kamar', 'nyaman', 'tempat', 'bagus', 'mudah', 'temu', 'saji', 'makan', 'enak', 'karyawan', 'ramah', 'murah'];Positif
['lokasi', 'mudah', 'temu', 'luas', 'asri', 'nyaman', 'betah'];Positif
['suka', 'dekorasi', 'warna', 'coklat', 'warna', 'tanah', 'indah', 'otentik', 'tempat', 'bersih'];Positif
['kamar', 'luas', 'layan', 'cepat', 'lokasi', 'mudah', 'temu'];Positif
['cari', 'hotel', 'mending', 'hotel', 'belah', 'mahal', 'bagus', 'layan'];Positif
['nyaman', 'pusat', 'malioboro', 'dekat', 'terima', 'kasih', 'kamar', 'luas'];Positif
['senang', 'karyawan', 'sopan', 'satu', 'kenal', 'karyawan', 'karyawan', 'proporsional'];Positif
['tempat', 'parkir', 'terbatas'];Negatif
['hotel', 'dekat', 'malioboro', 'mudah', 'temu', 'dekat', 'mana', 'hotel', 'mewah', 'fasilitas', 'lengkap', 'karyawan', 'ramah'];Positif
['kamar', 'nyaman', 'suasana', 'tenang', 'cocok', 'menginap', 'dekat', 'malioboro'];Positif
['kamar', 'nyaman', 'banget', 'rekomendasi', 'relaksasi', 'teman', 'keluarga'];Positif
['tungu', 'kamar', 'check', 'masuk', 'jam', 'kamar', 'tamu', 'langsung', 'masuk', 'kamar'];Negatif
['tempat', 'nyaman', 'tempat', 'bersih', 'cocok', 'libur', 'keluarga', 'mantap', 'banget'];Positif
['rekomendasi', 'hotel', 'nyaman', 'yogyakarta', 'instagramable', 'banget', 'layan', 'setuju', 'terima', 'kasih'];Positif
['lokasi', 'mudah', 'temu', 'kota', 'bersih', 'layan', 'ramah', 'rekomendasi'];Positif
['hotel', 'mewah', 'kamar', 'bagus', 'karyawan', 'ramah'];Positif
['hotel', 'fasilitas', 'lengkap', 'murah', 'layan', 'ramah', 'puas'];Positif
['bangun', 'layan', 'ramah', 'cepat', 'lokasi', 'setuju', 'tepat', 'jalan', 'malioboro', 'kamar', 'luas', 'suka', 'kopi', 'capu'];Positif
['hotel', 'baik', 'baru', 'kolam', 'renang', 'letak', 'malioboro', 'samping', 'pusat', 'belanja', 'layan', 'mantap', 'ramah'];Positif
['hotel', 'bagus', 'nyaman', 'kolam', 'renang', 'roftop', 'cocok', 'dewasa', 'anak', 'anak'];Positif
['hotel', 'layan', 'bagus', 'bersih', 'makan', 'hotel', 'tidak', 'kalah', 'enak'];Positif
['lokasi', 'hotel', 'mudah', 'temu', 'karyawan', 'ramah', 'kamar', 'bersih', 'suasana', 'nyaman', 'rekomendasi', 'libur', 'menginap', 'yogyakarta'];Positif
['lokasi', 'jalan', 'malioboro', 'bahan', 'malioboro', 'pusat', 'belanja', 'layan', 'barang', 'tertingal', 'kamar', 'bantu', 'kirim', 'jakarta', 'cepat', 'rekomendasi', 'banget'];Positif
['bersih', 'ruang', 'keluarga', 'besar', 'tempat', 'tidur', 'king', 'size', 'karyawan', 'ramah'];Positif
['lokasi', 'mudah', 'temu', 'dekat', 'malioboro', 'layan', 'ramah', 'kamar', 'luas', 'fasilitas', 'lengkap', 'rekomendasi'];Positif
['hotel', 'rekomendasi', 'banget', 'malam', 'libur', 'yogyakarta', 'kesini'];Positif
['hotel', 'bagus', 'karyawan', 'ramah', 'senang', 'kunjung'];Positif
['makan', 'lezat', 'kamar', 'nyaman', 'kamar', 'mandi', 'bersih', 'layan', 'ramah'];Positif
['tempat', 'awat', 'nyaman', 'bersih', 'layan', 'puas', 'terima', 'kasihu'];Positif
['bagus', 'layan', 'kamar', 'rapi', 'bersih', 'ramah', 'pandang', 'indah'];Positif
['lokasi', 'mudah', 'temu', 'kamar', 'bersih', 'nyaman', 'layan'];Positif
['lokasi', 'mudah', 'temu', 'ruang', 'bersih', 'layan', 'ramah', 'nyaman'];Positif
['kamar', 'bersih', 'sesuai', 'foto', 'cocok', 'bawa', 'orang', 'sayang', 'keluarga'];Positif
['lokasi', 'mudah', 'temu', 'kamar', 'bersih', 'luas', 'sarapan', 'setuju', 'variasi'];Positif
['fasilitas', 'lengkap', 'tempat', 'bersih', 'banget', 'senang', 'menginap'];Positif
['posisi', 'kota', 'pandang', 'sibuk', 'warga', 'pengalaman', 'tidak', 'lupa'];Positif
['layan', 'ramah', 'kamar', 'nyaman', 'rekomendasi', 'hotel'];Positif
['tempat', 'menginap', 'bagus', 'nyaman', 'karyawan', 'ramah', 'makan', 'enak'];Positif
['bersih', 'sarapan', 'lezat', 'karyawan', 'ramah', 'langsung', 'hotel', 'belanja', 'malioboro'];Positif
['karyawan', 'aveta', 'hotel', 'ramah', 'harga', 'segitu', 'kamar', 'nyaman', 'layak', 'dingin'];Positif
['langsung', 'check', 'masuk', 'coba', 'lihat', 'layan', 'hotel', 'hotel', 'kesan', 'menit', 'hotel', 'bersih', 'karyawan', 'layan', 'layak', 'hotel', 'bintang', 'check', 'masuk', 'mudah', 'cepat'];Positif
['nyaman', 'nikmat', 'pengalaman', 'senang', 'menginap'];Positif
['harga', 'murah', 'kamar', 'kamar', 'mandi', 'luas', 'bersih', 'sarapan', 'lezat', 'kedap', 'suara', 'bagus', 'lokasi', 'mudah', 'temu', 'pusat', 'jalan', 'malioboro'];Positif
['rekomendasi', 'hotel', 'keluarga', 'cocok', 'santa'];Positif
['hotel', 'cocok', 'pusat', 'malioboro', 'makan', 'lezat', 'tidak', 'mahal'];Positif
['lokasi', 'mudah', 'temu', 'layan', 'nyaman', 'hebat'];Positif
['layan', 'fasilitas', 'setuju', 'makan', 'lezat', 'rekomendasi'];Positif
['nyaman', 'bagus', 'cocok', 'libur', 'acara', 'keluarga', 'layak'];Positif
['layan', 'ramah', 'firdausviarara', 'kondisi', 'air', 'toilet', 'air', 'pancur', 'kotor'];Negatif
['hotel', 'mudah', 'temu', 'nyaman', 'setuju', 'parkir', 'susah'];Positif
['tempat', 'mudah', 'temu', 'jalan', 'malioboro', 'karyawan', 'hotel', 'ramah', 'fasilitas', 'lengkap'];Positif
['setuju', 'banget', 'harga', 'segitu', 'tempat', 'bersih', 'penting', 'kamar', 'mandi', 'terang', 'bersih'];Positif
['kamar', 'bagus', 'kamar', 'bersih', 'karyawan', 'ramah', 'posisi', 'hotel', 'kawasan', 'malioboro'];Positif
['nyaman', 'layan', 'layan', 'jamin', 'unjung', 'makan', 'lezat'];Positif
['lokasi', 'bagus', 'karyawan', 'ramah', 'pengalaman', 'senang', 'keluarga'];Positif
['hotel', 'bagus', 'karyawan', 'ramah', 'hotel', 'nyaman'];Positif
['bersih', 'kamar', 'setuju', 'nyaman', 'far', 'layak', 'harga', 'segitu'];Positif
['lokasi', 'dekat', 'malioboro', 'harga', 'standar', 'menjadikanya', 'tempat', 'menginap', 'favorit', 'keluarga'];Positif
['tempat', 'nyaman', 'layan', 'bagus', 'lokasi', 'persis', 'belah', 'malioboro', 'pusat', 'belanja', 'tempat', 'mudah', 'temu'];Positif
['kamar', 'bagus', 'fasilitas', 'bagus', 'lokasi', 'mudah', 'temu', 'layan', 'ramah'];Positif
['dapat', 'fasilitas', 'tarik', 'menginap', 'hotel', 'nyaman', 'pesan', 'kamar', 'habis'];Positif
['hotel', 'bagus', 'hotel', 'lorong', 'sempit', 'masuk', 'mobil', 'susah'];Negatif
['mudah', 'temu', 'unjung', 'malioboro', 'nyaman', 'banget', 'patut', 'coba', 'menginap'];Positif
['sulit', 'pasuk', 'hotel', 'mobil', 'jala', 'sempit', 'duduk', 'tidak', 'orang', 'arah', 'lintas', 'terkadang', 'aman', 'bantu', 'arah', 'lintas', 'sikap', 'kurang', 'sopan'];Negatif
['kamar', 'luas', 'bersih', 'layan', 'ramah', 'dekat', 'pusat', 'kota'];Positif
['maaf', 'manejer', 'bilang', 'suruh', 'kirim', 'email', 'nomor', 'whatsap', 'terima', 'informasi', 'kirim', 'email', 'balas', 'hinga', 'mesan', 'tidak', 'guna', 'nama', 'guna', 'nama', 'tangal', 'oktober', 'sila', 'cek', 'terima', 'kasih'];Negatif
['hotel', 'nyaman', 'bagus', 'bersih', 'penting', 'hotel', 'dekat', 'pusat', 'belanja', 'malioboro'];Positif
['layan', 'ramah', 'kamar', 'bersih', 'lokasi', 'hotel', 'mudah', 'temu'];Positif
['lokasi', 'tempat', 'bagus', 'makan', 'saji', 'lezat', 'layan'];Positif
['cari', 'menginap', 'letak', 'malioboro', 'aveta', 'hotel', 'asyik', 'turun', 'ruang', 'tunggu', 'langsung', 'nikmat', 'suasana', 'malioboro', 'ramai'];Positif
['sayang', 'hotel', 'tidak', 'air', 'panas', 'makan', 'tidak', 'lezat', 'lantai', 'kamar', 'tidak', 'bersih', 'bersih', 'kamar'];Negatif
['hotel', 'bagus', 'kamar', 'besar', 'jalan', 'jalan', 'langkah', 'malioboro', 'jamin', 'tidak', 'sesal', 'menginap'];Positif
['hotel', 'bagus', 'tema', 'industrial', 'jalan', 'malioboro', 'belah', 'pusat', 'belanja', 'malioboro', 'jalan', 'kaki', 'mana', 'becak', 'kereta', 'kuda', 'banyak', 'makan', 'batik', 'jajan', 'pinggir', 'jalan'];Positif
['harga', 'mahal', 'lokasi', 'bagus', 'selang', 'jalan', 'malioboro', 'desain', 'kamar', 'kurang', 'bagus', 'tempat', 'parkir', 'batas', 'lorong', 'mpit', 'sempit', 'sarapan', 'karyawan', 'lantai'];Negatif
['tidak', 'nyangka', 'check', 'masuk', 'tempat', 'mewah', 'fasilitas', 'bagus', 'layan', 'ramah', 'rekomendasi'];Positif
['rekomendasi', 'kamar', 'mewah', 'fasilitas', 'mewah', 'cocok', 'kenang', 'kenang', 'kumpul'];Positif
['layan', 'menu', 'sarapan', 'puas'];Positif
['pengalaman', 'bagus', 'efektif'];Positif
['lokasi', 'mudah', 'temu', 'nyaman', 'cocok', 'banget', 'libur', 'teman'];Positif
['kamar', 'mewah', 'nyaman', 'layan', 'cepat', 'ramah', 'pandang', 'indah'];Positif
['aveta', 'malioboro', 'nyaman', 'harga', 'murah', 'mudah', 'temu', 'layan', 'puas'];Positif
['lokasi', 'mudah', 'temu', 'kondisi', 'kamar', 'nyaman', 'harga', 'murah'];Positif
['hotel', 'bersih', 'kota', 'mudah', 'mana'];Positif
['kamar', 'bersih', 'layan', 'ramah', 'yogyakarta', 'menginap'];Positif
['senang', 'banget', 'menginap', 'tempat', 'bagus', 'harga', 'murah'];Positif
['lokasi', 'mudah', 'temu', 'dekat', 'mana', 'akses', 'mudah', 'cocok', 'wisatawan'];Positif
['pengalaman', 'baik', 'tempat', 'layan', 'bagus', 'bersih', 'nyaman', 'lokasi', 'mudah', 'temu'];Positif
['rekomendasi', 'hotel', 'lokasi', 'mudah', 'temu', 'dekat', 'maliobor', 'kamar', 'bersih', 'toilet', 'bersih'];Positif
['layan', 'tidak', 'ramah', 'kamar', 'kurang', 'nyaman', 'mudah', 'temu'];Negatif
['nyaman', 'relaksasi', 'keluarga', 'lokasi', 'mudah', 'temu', 'belah', 'pusat', 'belanja'];Positif
['hotel', 'kesan', 'nyaman', 'layan'];Positif
['hotel', 'bagus', 'malioboro', 'dekat', 'pusat', 'belanja', 'layan', 'ramah', 'tidak', 'kecewa'];Positif
['kamar', 'nyaman', 'layan', 'nomor', 'lokasi', 'dekat', 'malioboro'];Positif
['jujur', 'pengalaman', 'menginap', 'senang', 'dekat', 'malioboro', 'destinasi', 'wisata'];Positif
['lokasi', 'hotel', 'mudah', 'temu', 'layan'];Positif
['hotel', 'nyaman', 'rekomendasi'];Positif
['menginap', 'nyaman', 'bersih', 'lokasi', 'mudah', 'temu', 'layan', 'ramah'];Positif
['hotel', 'nyaman', 'murah', 'malioboro'];Positif
['kasih', 'kamar', 'pintu', 'hubung', 'kamar', 'tempat', 'bawa', 'bayi', 'berisik', 'bangat', 'kamar', 'belah'];Negatif
['salah', 'tempat', 'baik', 'malioboro', 'karyawan', 'ramah', 'pandang', 'romantis', 'indah', 'dekat', 'jalan', 'malioboro', 'harga', 'murah', 'tempat', 'rekomendasi', 'yogyakarta'];Positif
['hotel', 'favorit', 'keluarga', 'nyaman', 'bersih', 'puas'];Positif
['kamar', 'setuju', 'minta', 'kamar', 'balkon', 'sedia', 'satpam', 'sambut', 'tamu', 'ramah'];Positif
['menginap', 'rekomendasi', 'keluarga', 'nyaman', 'aman'];Positif
['salah', 'hotel', 'favorit', 'yogyakarta', 'kamar', 'luas', 'layan', 'bagus', 'akses', 'malioboro', 'mudah'];Positif
['hotel', 'bagus', 'dekat', 'mana', 'layan', 'setuju', 'karyawan', 'ramah'];Positif
['hotel', 'nyaman', 'cocok', 'keluarga', 'libur'];Positif
['senang', 'menginap', 'kali', 'dekat', 'malioboro', 'parkir', 'sempit'];Positif
['lokasi', 'mudah', 'temu', 'nyaman', 'ditingali', 'penting', 'layan', 'bagus'];Positif
['tempat', 'nyaman', 'lokasi', 'pusat', 'maliboro', 'pusat', 'belanja', 'karyawan', 'hotel', 'ramah', 'belanja', 'tingal', 'hotel', 'malioboro'];Positif
['tidak', 'salah', 'pilih', 'tempat', 'relaksasi', 'nyaman', 'layan', 'makan', 'lezat'];Positif
['kamar', 'bersih', 'tempat', 'tidur', 'bersih', 'kamar', 'mandi', 'bersih', 'air', 'panas', 'lancar', 'bagus'];Positif
['tidak', 'sesal', 'menginap', 'kamar', 'layan', 'bagus'];Positif
['layan', 'tidak', 'ramah', 'tidak', 'rekomendasi', 'hotel', 'libur', 'yogyakarta', 'padah', 'hotel', 'malioborotit', 'tidak', 'ramah'];Negatif
['pengalaman', 'kamar', 'nyaman', 'sarapan', 'enak', 'terima', 'kasih', 'sambut', 'hangat', 'aveta'];Positif
['kamar', 'bersih', 'fasilitas', 'bagus', 'rekomendasi'];Positif
['hotel', 'bersih', 'wangi', 'layan', 'setuju', 'aplikasi', 'bagus'];Positif
['over', 'setuju', 'masuk', 'lorong', 'mpit', 'bawa', 'mobil', 'susah', 'parkir', 'susah', 'masuk', 'hotel'];Positif
['acara', 'buka', 'puasa', 'layan', 'ramah'];Positif
['kamar', 'nyaman', 'layan', 'ramah', 'lokasi', 'mudah', 'cari'];Positif
['tempat', 'nyaman', 'banget', 'view', 'bagus', 'harga', 'sesuai', 'kualitas'];Positif
['rekomendasi', 'hotel', 'menginap', 'jangka', 'pendek', 'letak', 'pinggir', 'jalan', 'malioboro', 'malam', 'indah', 'yogyakarta', 'balkon', 'avetahotelmalioboro'];Positif
['bersih', 'nyaman', 'aman', 'antar', 'parkir', 'jalan', 'macet'];Positif
['tempat', 'nyaman', 'banyak', 'spot', 'asa', 'bagus', 'asik', 'menginap', 'keluarga'];Positif
['hotel', 'bersih', 'nyaman', 'dekat', 'malioboro', 'rekomendasi'];Positif
['gaya', 'kamar', 'luas', 'layan', 'ramah', 'cocok', 'wisata', 'keluarga'];Positif
['harga', 'layak', 'lepas', 'jalan', 'maliobor', 'belah', 'malioboro', 'pusat', 'belanja', 'bagus', 'rekomendasi'];Positif
['tidak', 'salah', 'menginap', 'karyawan', 'ramah', 'ramah', 'tidak', 'ragu'];Positif
['kamar', 'rapi', 'bersih', 'luas', 'cocok', 'libur', 'sahabat'];Positif
['hotel', 'bersih', 'layan', 'ramah'];Positif
['hotel', 'tempat', 'setuju', 'mudah', 'temu', 'letak', 'pinggir', 'jalan', 'malioboro', 'sayang', 'parkir', 'sempit'];Positif
['layan', 'nyaman', 'ramah', 'lokasi', 'mudah', 'temu'];Positif
['hotel', 'jalan', 'malioboro', 'jalan', 'masuk', 'hotel', 'sempit', 'layan', 'bagus', 'kamar', 'kamar', 'mandi', 'bersih'];Positif
['bersih', 'nyaman', 'parkir', 'luas', 'layak', 'rekomendasi', 'banget'];Positif
['tema', 'luas', 'nyaman', 'layan', 'puas', 'cocok', 'libur', 'keluarga'];Positif
['hotel', 'bagus', 'banget', 'harga', 'puas'];Positif
['letak', 'pusat', 'kota', 'yogyakarta', 'belah', 'selatan', 'pusat', 'belanja', 'malioboro', 'hotel', 'nyaman', 'bagus'];Positif
['hotel', 'kamar', 'luas', 'desain', 'bagus', 'sky', 'ruang', 'tunggu', 'pandang', 'bagus', 'makan', 'lezat'];Positif
['tempat', 'bagus', 'libur', 'layan', 'ramah', 'tempat', 'bersih', 'mudah', 'temu'];Positif
['ring', 'malioboro', 'bus', 'tidak', 'hotel', 'jalan', 'mataram'];Positif
['jalan', 'malioboro', 'mudah', 'akses', 'makan', 'belanja', 'butuh', 'wisata', 'malioboro'];Positif
['mantap', 'cocok', 'akses', 'jalan', 'kawasan', 'malioboro', 'kendaran', 'pribadi', 'aman', 'parkir', 'hotel'];Positif
['nyaman', 'bersih', 'karyawan', 'ramah', 'lokasi', 'mudah', 'temu', 'inti', 'mantap'];Positif
['bersih', 'sejuk', 'kolam', 'renang', 'mewah'];Positif
['kamar', 'luas', 'kurang', 'bersih', 'makan', 'biasa', 'saja'];Negatif
['kamar', 'milik', 'drainase', 'air', 'buruk', 'air', 'kamar', 'mandi', 'luap', 'kamar'];Negatif
['bagus', 'tempat', 'pusat', 'perbelanjan', 'parkir', 'mobil', 'pribadi'];Positif
['tempat', 'nyaman', 'layan', 'lokasi', 'mudah', 'temu', 'rekomendasi'];Positif
['dekat', 'banget', 'malioboro', 'belah', 'pusat', 'belanja', 'turun', 'hotel', 'langsung', 'jalan', 'malioboro', 'akses', 'mana', 'dekat'];Positif
['nyaman', 'nyaman', 'bersih', 'proses', 'check', 'masuk', 'mudah'];Positif
['kamar', 'hotel', 'bersih', 'posisi', 'hotel', 'bagus', 'maliobora', 'cocok', 'keluarga'];Positif
['layan', 'makan', 'lezat', 'tempat', 'parkir', 'kurang'];Positif
['hotel', 'rendah', 'biaya', 'nyaman', 'letak', 'pusat', 'wisata', 'yogyakarta'];Positif
['lokasi', 'pinggir', 'jalan', 'malioboro', 'lokasi', 'bagus', 'jalan', 'jalan', 'keliling', 'kota', 'layan', 'puas', 'harga', 'bagus'];Positif
['hotel', 'nyaman', 'bersih', 'cocok', 'sembuh', 'keluarga'];Positif
['hotel', 'moderen', 'sarapan', 'lezat', 'letak', 'pusat', 'kota', 'nyaman', 'mana', 'dekat'];Positif
['lokasi', 'mudah', 'temu', 'pusat', 'kota', 'yogyakrta', 'indah', 'hotel', 'tawar', 'banyak', 'layan', 'bintang'];Positif
['makan', 'lezat', 'kamar', 'nyaman', 'luas'];Positif
['menginap', 'acara', 'kantor', 'pengalaman', 'setuju'];Negatif
['hotel', 'bagus', 'fasilitas', 'setuju', 'tempat', 'bersih'];Positif
['kemari', 'temu', 'tempat', 'hotel', 'mewah', 'gaya', 'standar', 'karyawan', 'hotel', 'ramah', 'bantu'];Positif
['kamar', 'nyaman', 'lokasi', 'mudah', 'temu', 'pusat', 'jalan', 'malioboro', 'bahan', 'malioboro', 'pusat', 'belanja', 'menit', 'jalan', 'kaki', 'stasiun', 'kereta', 'tugu', 'menit', 'jalan', 'kaki', 'pasar', 'beringharjo', 'kenal'];Positif
['hotel', 'bagus', 'unik', 'cocok', 'dekat', 'pusat', 'kota', 'yogyakarta'];Positif
['hotel', 'rekomendasi', 'lancong', 'kota', 'kamar', 'nyaman', 'fasilitas', 'baik'];Positif
['udara', 'nyaman', 'segar', 'pandang', 'indah', 'dekat', 'malioboro'];Positif
['hotel', 'nyaman', 'mewah', 'cocok', 'unjung', 'elite'];Positif
['lokasi', 'mudah', 'temu', 'rekomendasi', 'kamar', 'cocok', 'nyaman'];Positif
['akses', 'jalan', 'tutup', 'jam', 'hinga', 'parkir', 'sulit', 'sibuk'];Positif
['tempat', 'senang', 'nyaman', 'bersih', 'cocok', 'nongkrong', 'bawa', 'anak', 'asik'];Positif
['terima', 'kasih', 'karyawan', 'karyawan', 'senang', 'menginap'];Positif
['rekomendasi', 'tempat', 'menginap', 'keluarga', 'lokasi', 'mudah', 'temu'];Positif
['tempat', 'nyaman', 'santa', 'kumpul', 'teman', 'keluarga', 'suasana', 'sejuk'];Positif
['hotel', 'unik', 'lezat', 'ditingali', 'layan', 'ramah'];Positif
['kayak', 'hotel', 'favorit', 'malioboro', 'puas', 'banget', 'layan'];Positif
['makan', 'lezat', 'suasana', 'bagus'];Positif
['tempat', 'nyaman', 'pilih', 'libur', 'keluarga'];Positif
['tempat', 'bagus', 'nyaman', 'murah', 'dekat', 'malioboro', 'tidak', 'susah'];Positif
['rasa', 'pengalaman', 'menginap', 'suasana', 'nyaman', 'layan', 'puas'];Positif
['pandang', 'kamar', 'deluxe', 'balkon', 'balkon', 'harap', 'view', 'jalan', 'malioboro', 'kolam', 'renang', 'bersih', 'karyawan'];Positif
['hotel', 'bersih', 'layan', 'bagus', 'pusat', 'sibuk', 'jalan', 'malioboro', 'yogyakarta', 'istimewa'];Positif
['keren', 'suka', 'layan', 'pijat', 'karyawan', 'terap', 'ramah', 'wajib', 'coba', 'spa'];Positif
['handuk', 'bersih', 'tidak', 'pusat', 'malioboro'];Positif
['hotel', 'dekat', 'malioboro', 'kamar', 'bersih', 'karyawan', 'ramah'];Positif
['rekomendasi', 'tinggal', 'yogyakarta', 'lokasi', 'mudah', 'temu'];Positif
['lokasi', 'jalan', 'malioboro', 'unjung', 'langsung', 'nikmat', 'indah', 'jalan', 'malioboro', 'buru', 'makan', 'hotel', 'mudah'];Positif
['rekomendasi', 'menginap', 'kota', 'nyaman', 'layan', 'puas', 'fasilitas', 'lengkap', 'dekat', 'banget', 'mana'];Positif
['pengalaman', 'senang', 'nyaman', 'hotel', 'layan', 'cepat'];Positif
['layan', 'hotel', 'golong', 'terima', 'kasih', 'bantu', 'orang', 'tua'];Positif
['letak', 'kota', 'dekat', 'malioboro', 'cocok', 'libur', 'harga', 'murah', 'rekomendasi'];Positif
['layan', 'setuju', 'kamar', 'bersih', 'cocok', 'istirahat'];Positif
['lokasi', 'mudah', 'temu', 'jalan', 'malioboro', 'bersih', 'nyaman', 'layan', 'ramah', 'sabar'];Positif
['kamar', 'bagus', 'luas', 'tempat', 'bersih'];Positif
['hotel', 'nyaman', 'bersih', 'karyawan', 'ramah'];Positif
['kamar', 'bersih', 'layan', 'lokasi', 'mudah', 'temu'];Positif
['tempat', 'bersih', 'nyaman', 'layan', 'bagus', 'tidak', 'kecewa', 'inti'];Positif
['ramah', 'bersih', 'jaga'];Positif
['karyawan', 'ramah', 'kamar', 'kamar', 'mandi', 'luas', 'bersih', 'sarapan', 'lezat', 'kamar', 'kedap', 'suara', 'bagus', 'lokasi', 'jalan', 'malioboro'];Positif
['layan', 'setuju', 'penuh', 'perhati', 'ramah', 'sarapan', 'lezat', 'kesini'];Positif
['nyaman', 'bersih', 'layan', 'ramah', 'lokasi', 'mudah', 'temu', 'jalan', 'malioboro'];Positif
['tempat', 'nyaman', 'mudah', 'temu', 'bersih', 'layan', 'puas'];Positif
['lokasi', 'mudah', 'temu', 'mana', 'layan', 'ramah', 'harga', 'sahabat'];Positif
['lengkap', 'layan', 'ramah', 'pandang', 'indah', 'nyaman', 'baik'];Positif
['kamar', 'bagus', 'layan', 'bagus', 'lokasi', 'mudah', 'temu', 'pusat', 'kota'];Positif
['kamar', 'layan', 'puas', 'terima', 'kasih', 'banyak', 'terima', 'kasih'];Positif
['hotel', 'unik', 'tarik', 'letak', 'lokasi', 'mudah', 'temu'];Positif
['layan', 'bagus', 'lokasi', 'malioboro', 'satpam', 'arah', 'parkir', 'tempat', 'sempit'];Positif
['hotel', 'bagus', 'tarif', 'murah', 'inti', 'nyaman'];Positif
['libur', 'malioboro', 'wajib', 'pesan', 'hotel', 'rekomendasi'];Positif
['bersih', 'kamar', 'bagus', 'nyaman', 'mana', 'dekat', 'jalan', 'kaki'];Positif
['hotel', 'murah', 'kamar', 'besar', 'kolam', 'renang', 'dekat', 'pusat', 'belanja', 'jalan', 'malioboro', 'lokasi', 'mudah', 'mudah', 'temu'];Positif
['hotel', 'bagus', 'banget', 'dekat', 'banget', 'malioboro', 'parkir', 'lanta', 'aman'];Positif
['hotel', 'nyaman', 'karyawan', 'bantu', 'terima', 'kasih', 'hotel', 'aveta'];Positif
['tempat', 'nyaman', 'pilih', 'tempat', 'menginap', 'lokasi', 'mudah', 'temu'];Positif
['hotel', 'bersih', 'nyaman', 'libur', 'yogyakarta', 'rekomendasi'];Positif
['lokasi', 'mudah', 'temu', 'nyaman', 'pusat', 'kota', 'yogyakarta'];Positif
['layan', 'bagus', 'masalah', 'kunci', 'pintu', 'toilet', 'lebih', 'setuju'];Positif
['bagus', 'kali', 'layan', 'ramah'];Positif
['keren', 'banget', 'kafe', 'bersih', 'malam', 'lihat', 'jalan', 'malioboro', 'asik'];Positif
['dekat', 'mana', 'dekat', 'pusat', 'belanja', 'parkir', 'coffe', 'lokasi', 'mudah', 'temu', 'tempat', 'nyaman'];Positif
['layan', 'bagus', 'rekomendasi', 'karyawan', 'terima', 'kasih'];Positif
['tempat', 'nyaman', 'pandang', 'bagus', 'rekomendasi'];Positif
['tempat', 'bersih', 'layan', 'bagus', 'karyawan', 'yogyakarta', 'bersih', 'rutin', 'bersih', 'kasur', 'spring', 'kasur'];Positif
['akses', 'transportasi', 'mudah', 'letak', 'pusat', 'kota', 'harga', 'fasilitas', 'bagus', 'rekomendasi'];Positif
['tidak', 'sangka', 'dalam', 'mewah', 'kolam', 'renang', 'dekat', 'mana', 'baik'];Positif
['menginap', 'keluarga', 'selamat', 'relaksasi', 'senang', 'dekat', 'malioboro', 'akses', 'mana'];Positif
['kamar', 'ramah', 'sejuk', 'bersih', 'jalan', 'malioboro', 'dekat', 'pusat', 'belanja', 'yogyakarta', 'menginap'];Positif
['hotel', 'harga', 'murah', 'milik', 'kolam', 'renang'];Positif
['tempat', 'menginap', 'mudah', 'temu', 'kunjung', 'yogyakarta', 'dekat', 'tempat', 'tempat', 'simbol', 'milik', 'layan', 'kamar'];Positif
['nyaman', 'banget', 'menginap', 'cocok', 'kumpul', 'keluarga'];Positif
['layan', 'bersih', 'aman', 'jamin', 'baik'];Positif
['letak', 'pusat', 'kota', 'yogyakarta', 'belah', 'selatan', 'pusat', 'belanja', 'malioboro', 'hotel', 'unik', 'murah'];Positif
['cocok', 'relaksasi', 'teman', 'keluarga', 'interior', 'minimal', 'mewah'];Positif
['kurang', 'nyaman', 'hotel', 'sempit'];Negatif
['layan', 'bagus', 'dekat', 'malioboro', 'pusat', 'belanja', 'lezat', 'mampir', 'libur'];Positif
['jalan', 'jalan', 'keliling', 'malioboro', 'lezat', 'banget', 'hotel'];Positif
['bagus', 'ramah', 'puas'];Positif
['tempat', 'mudah', 'temu', 'renang', 'puncak', 'mudah', 'malioboro'];Positif
['kamar', 'bersih', 'spring', 'bednya', 'luas', 'puas'];Positif
['tempat', 'menginap', 'nyaman', 'hotel', 'bagus'];Positif
['lokasi', 'malioboro', 'ratenya', 'setuju', 'banding', 'lokasi', 'hotel'];Positif
['tempat', 'nyaman', 'pandang', 'kota', 'bagus', 'cocok', 'libur'];Positif
['lokasi', 'hotel', 'mudah', 'temu', 'karyawan', 'ramah', 'layan', 'sarapan', 'tawar', 'menu'];Positif
['fasilitas', 'bagus', 'banget', 'layan', 'ramah', 'rekomendasi'];Positif
['kerenkerenkerenmas', 'karyawan', 'karyawan', 'terima', 'kasih', 'ramah', 'banget', 'ramah', 'banget'];Positif
['nyaman', 'wifinya', 'tidak', 'kamar'];Positif
['tempat', 'layan', 'nyaman', 'sejuk', 'semoga', 'condong'];Positif
['tempat', 'menginap', 'bagus', 'nyaman', 'rekomendasi'];Positif
['hotel', 'bagus', 'selatan', 'malioboro', 'nyaman', 'menginap', 'pekan'];Positif
['tempat', 'mudah', 'temu', 'nyaman', 'layan', 'ramah'];Positif
['raih', 'posisi', 'malioboro', 'sisa', 'standar', 'buka', 'jendela', 'banyak', 'bekas', 'rokok', 'dimana', 'tamu', 'kamar'];Negatif
['kamar', 'kurang', 'indah', 'tidak', 'mutakhir'];Negatif
['hotel', 'bagus', 'harga', 'murah', 'fasilitas', 'setuju'];Positif
['nyaman', 'lokasi', 'mudah', 'temu', 'pusat', 'kota', 'yogyakarta'];Positif
['suka', 'tempat', 'kali', 'yogyakarta', 'pilih', 'tempat', 'menginap'];Positif
['hotel', 'nyaman', 'layan', 'ramah', 'dekat', 'pusat', 'belanja', 'malioboro', 'belanja'];Positif
['kamar', 'bagus', 'lokasi', 'mudah', 'temu'];Positif
['kamar', 'tidak', 'rapi', 'bersih', 'sayang', 'karyawan', 'lantai', 'jarak', 'ruang', 'tunggu'];Negatif
['lokasi', 'mudah', 'temu', 'nyaman', 'suka', 'suka'];Positif
['hotel', 'kawasan', 'malioboro', 'hotel', 'bersih', 'layan', 'ramah'];Positif
['layan', 'bagus', 'lokasi', 'mudah', 'temu', 'buka', 'pintu', 'langsung', 'jalan', 'malioboro', 'belanja', 'dekat', 'malioboro', 'pusat', 'belanja'];Positif
['yuk', 'teman', 'cari', 'menginap', 'jalan', 'jalan', 'cocok', 'banget'];Positif
['lokasi', 'bagus', 'karyawan', 'ramah', 'makan', 'restoranya', 'kunjung', 'yogyakarta'];Positif
['layan', 'bagus', 'tempat', 'dekat', 'pusat', 'belanja', 'karyawan', 'ramah', 'harga', 'hotel', 'murah'];Positif
['kamar', 'nyaman', 'layan', 'prima', 'lokasi', 'mudah', 'temu', 'malioboro'];Positif
['nyaman', 'bersih', 'mudah', 'temu', 'layan'];Positif
['bagus', 'kamar', 'mandi', 'kurang', 'bagus'];Positif
['pintu', 'masuk', 'tidak', 'rekomendasi', 'menginap', 'dekat', 'jalan', 'malioboro'];Positif
['kali', 'mampir', 'kesini', 'makan', 'lezat', 'banget', 'murah', 'pakai', 'kartu', 'angota', 'club'];Positif
['tempat', 'bersih', 'layan', 'bagus', 'tempat', 'nyaman', 'pohon', 'banget', 'atas'];Positif
['fasilitas', 'lengkap', 'nyaman', 'kolam', 'renang'];Positif
['tempat', 'nyaman', 'dekat', 'malioboro', 'surga', 'layan'];Positif
['lokasi', 'mudah', 'temu', 'pergi', 'mana', 'yogyakarta'];Positif
['dekat', 'pusat', 'kota', 'fasilitas', 'karyawan', 'ramah', 'bantu', 'tamu'];Positif
['hotel', 'bersih', 'fasilitas', 'sarapan', 'lengkap', 'karyawan', 'ramah'];Positif
['tempat', 'harap', 'dekat', 'malioboro', 'mudah', 'banget', 'keliling'];Positif
['lokasi', 'bagustempat', 'bersihstafnya', 'bantu', 'senyum', 'saran', 'alamat', 'bergunaterima', 'kasih', 'banyak'];Positif
['hotel', 'nyaman', 'banget', 'bersih', 'wangi', 'bagus', 'banget'];Positif
['cocok', 'jadi', 'pilih', 'menginap', 'keluarga', 'libur'];Positif
['hotel', 'bagus', 'menginap', 'yogyakarta', 'lokasi', 'mudah', 'temu', 'dekat', 'pusat', 'perbelanjan'];Positif
['layan', 'banget', 'hotel', 'kasih', 'bintang'];Positif
['nyaman', 'tidak', 'berisik', 'bersih', 'minta', 'kamar', 'tidak', 'rokok'];Positif
['pengalaman', 'layan', 'suka', 'bukan', 'tempat', 'bagus', 'mewah'];Positif
['kirim', 'produk', 'tamu', 'bantu', 'satpam', 'ramah', 'lokasi', 'hotel', 'mudah', 'temu', 'hadap', 'malioboro', 'mantap'];Positif
['harga', 'bagus', 'pengalaman', 'hebat', 'suka', 'bersih', 'sambut', 'hangat', 'terima', 'kasih'];Positif
['tempat', 'nyaman', 'kamar', 'nyaman', 'rekomendasi', 'banget', 'keluarga'];Positif
['layan', 'hotel', 'puas'];Positif
['layan', 'ramah', 'hotel', 'bagus', 'dekat', 'mana'];Positif
['suka', 'banget', 'menginap', 'dekat', 'mana', 'semoga', 'kesini', 'xixixix'];Positif
['jalan', 'malioboro', 'persis', 'masalah', 'bersih', 'kamar', 'kurang', 'kaca', 'kurang', 'cuci'];Negatif
['layan', 'bagus', 'satpam', 'tangap', 'ramah', 'mantap', 'banget', 'aveta', 'semoga', 'sukses'];Positif
['lokasi', 'malioboro', 'bagus'];Positif
['hotel', 'nyaman', 'bersih', 'akses', 'mudah', 'dekat', 'jalan', 'malioboro'];Positif
['kamar', 'nyaman', 'tempat', 'bagus', 'mudah', 'temu', 'saji', 'makan', 'enak', 'rekomendasi'];Positif
['aveta', 'hotel', 'malioboro', 'kota', 'yogyakarta', 'belah', 'selatan', 'pusat', 'belanja', 'malioboro', 'hotel', 'bagus', 'unik'];Positif
['harga', 'murah', 'layan', 'ramah', 'tempat', 'istirahat', 'bagus'];Positif
['rekomendasi', 'keluarga', 'murah', 'nyaman', 'bersih', 'baik', 'nyaman'];Positif
['hotel', 'mudah', 'temu', 'jalan', 'kaki', 'malioboro', 'dekat', 'hotel', 'pusat', 'belanja', 'malioboro', 'kamar', 'asri', 'suka'];Positif
['bagus', 'bangun', 'keren', 'dalam', 'bersih', 'karyawan', 'ramah'];Positif
['tempat', 'mudah', 'temu', 'dekat', 'mana', 'nyaman', 'menginap'];Positif
['hotel', 'bagus', 'nyaman', 'kawasan', 'yogyakrta', 'kawasan', 'malioboro'];Positif
['cocok', 'libur', 'yogyakarta', 'dekat', 'malioboro'];Positif
['kayak', 'tamu', 'menginap', 'hotel', 'nyaman', 'mana', 'alias', 'belanja', 'tingal', 'selang'];Positif
['hotel', 'kawasan', 'malioboro', 'kamar', 'luas', 'karyawan', 'ramah'];Positif
['banyak', 'kurang', 'baik', 'kurang', 'betah', 'menginap'];Negatif
['tempat', 'bersih', 'layan', 'cocok', 'tempat', 'sembuh', 'rutinitas'];Positif
['hotel', 'dekat', 'banyak', 'tempat', 'tarik', 'surabaya', 'kamar', 'nyaman', 'luas'];Positif
['nyaman', 'tenang', 'letak', 'jalan', 'malioboro', 'parkir', 'sempit', 'tidak', 'halaman'];Positif
['hotel', 'bagus', 'soda', 'buka', 'progres', 'pengerjan'];Positif
['kamar', 'bagus', 'karyawan', 'ramah', 'rekomendasi'];Positif
['menu', 'makan', 'banyak', 'kamar', 'bersih', 'setuju'];Positif
['kamar', 'tidak', 'sesuai', 'foto', 'akses', 'masuk', 'lorong', 'sempit', 'kaya', 'hotel', 'tidak', 'rekomendasi'];Negatif
['mudah', 'temu', 'banget', 'hotel', 'tingal', 'jalan', 'kaki', 'dmlioboro', 'jalan', 'kaki', 'hotel', 'barada', 'dtengah', 'malioboro'];Positif
['nyaman', 'cocok', 'libur', 'keluarga'];Positif
['sumpah', 'hotel', 'nyaman', 'banget', 'harga', 'sahabat', 'banget'];Positif
['hotel', 'mudah', 'temu', 'malioboro', 'dekat', 'pusat', 'belanja', 'stasiun', 'pasar', 'bringharjo', 'karyawan', 'pindah', 'lantai'];Positif
['sarapan', 'lezat', 'kamar', 'bersih'];Positif
['tempat', 'indah', 'layan', 'bagus', 'inti', 'puas'];Positif
['kamar', 'nyaman', 'layan', 'hotel', 'bintang', 'rekomendasi'];Positif
['akses', 'lokasi', 'mudah', 'temu', 'rekomendasi', 'banget', 'keluarga'];Positif
['keluh', 'air', 'panas', 'bagus', 'pengalaman', 'bagus'];Positif
['hotel', 'bersih', 'karyawan', 'ramah', 'dekat', 'pusat', 'kota'];Positif
['nilai', 'bersih', 'rapi', 'makan', 'lezat', 'layan'];Positif
['hotel', 'gaya', 'moderen', 'lokasi', 'mudah', 'temu', 'nyaman'];Positif
['tempat', 'bagus', 'bersih', 'nyaman', 'pandang', 'bagus'];Positif
['letak', 'pusat', 'kota', 'sehinga', 'akses', 'mudah', 'layan', 'puas'];Positif
['tempat', 'bagus', 'cocok', 'relaksasi', 'teman', 'keluarga', 'layan', 'bagus', 'tempat', 'bersih'];Positif
['kolam', 'renang', 'kamar', 'setuju'];Positif
['wisata', 'yogyakarta', 'kali', 'cari', 'hotel', 'baik', 'nyaman'];Positif
['nyaman', 'bersih', 'fasilitas', 'lengkap', 'layan', 'bagus'];Positif
['kamar', 'bersih', 'menginap', 'senang', 'karyawan', 'ramah'];Positif
['jalan', 'masuk', 'sempit', 'parkir', 'sempit', 'administrasi', 'hotel', 'bagus', 'hotel'];Positif
['lokasi', 'mudah', 'temu', 'dekat', 'pusat', 'belanja', 'kangen', 'kesini'];Positif
['destinasi', 'hotel', 'keren', 'kamar', 'bersih', 'housekeeping', 'ramah'];Positif
['nyaman', 'pilih', 'cowok', 'menginap'];Positif
['layan', 'ramah', 'lokasi', 'mudah', 'temu'];Positif
['suasana', 'layan', 'fasilitas', 'hotel', 'baik', 'harga', 'murah', 'rekomendasi', 'malioboro'];Positif
['tempat', 'bagus', 'nyaman', 'bersih', 'sayang', 'pintu', 'masuk', 'jalan', 'malioboro', 'sempit'];Positif
['hotel', 'bersih', 'menu', 'sarapan', 'lezat'];Positif
['lokasi', 'mudah', 'temu', 'kota', 'layan', 'bagus', 'banget'];Positif
['sarapan', 'lumayan', 'november', 'desember'];Positif
['aneh', 'ruang', 'tunggu', 'hotel', 'lantai', 'kolam', 'renang', 'kurang', 'luas'];Negatif
['kamar', 'lokasi', 'dekat', 'malioboro', 'tidak', 'mikir', 'jalan', 'jalan'];Positif
['suka', 'tempat', 'lokasi', 'mudah', 'temu', 'harga', 'murah'];Positif
['hotel', 'letak', 'malioboro', 'pusat', 'kota', 'yogyakarta', 'pergi', 'mana', 'mudah', 'jalan', 'kaki'];Positif
['layan', 'check', 'masuk', 'jam', 'tidak', 'masuk'];Negatif
['tempat', 'relaksasi', 'nyaman', 'banget', 'kesini'];Positif
['hotel', 'nyaman', 'bersih', 'kamar', 'luas'];Positif
['harga', 'promo', 'tempat', 'bagus', 'view', 'bagus', 'layan', 'bagus'];Positif
['hotel', 'kurang', 'nyaman', 'tidak', 'pulang'];Negatif
['harga', 'murah', 'banget', 'fasilitas', 'setuju', 'letak', 'pusat', 'kota', 'yogyakarta'];Positif
['fasilitas', 'pada', 'nyaman', 'sembuh', 'libur', 'teman'];Positif
['dekat', 'malioboro', 'jalan', 'jalan', 'malam', 'hotel', 'nyaman', 'bagus'];Positif
['banyak', 'kurang', 'tingkat', 'layan', 'parkir', 'fasilitas', 'hotel'];Negatif
['nyaman', 'cocok', 'libur', 'keluarga'];Positif
['relaksasi', 'keluarga', 'happy', 'layan', 'banget'];Positif
['minimal', 'bersih', 'parkir', 'sempit', 'akses', 'jalan'];Positif
['tempat', 'mewah', 'banget', 'nyaman', 'bersih', 'layan', 'puas'];Positif
['layan', 'bagus'];Positif
['tempat', 'bagus', 'layan', 'bagus', 'layak', 'kunjung'];Positif
['hotel', 'nyaman', 'karyawan', 'ramah', 'hotel', 'bersih'];Positif
['nyaman', 'banget', 'hotel', 'dekat', 'malioboro'];Positif
['tempat', 'mudah', 'temu', 'bersih', 'nyaman', 'setuju', 'rekomendasi'];Positif
['lokasi', 'nyaman', 'mudah', 'temu', 'layan', 'ramah', 'mantap'];Positif
['layan', 'ramah', 'pandang', 'indah', 'harga', 'murah'];Positif
['tempat', 'senang', 'layan', 'ramah', 'fasilitas'];Positif
['bersih', 'nyaman', 'aman', 'murah', 'fasilitas', 'lengkap'];Positif
['lokasi', 'mudah', 'temu', 'dekat', 'malioboro'];Positif
['lokasi', 'dekat', 'jalan', 'utama', 'kamar', 'layan', 'setuju'];Positif
['hotel', 'bagus', 'bersih', 'nyaman'];Positif
['hotel', 'nyaman', 'pasang', 'keluarga'];Positif
['tempat', 'bagus', 'layan', 'rekomendasi', 'banget', 'libur', 'yogyakarta'];Positif
['layan', 'bagus', 'lokasi', 'mudah', 'temu', 'banget', 'hotel', 'langsung', 'malioboro'];Positif
['salah', 'rekomendasi', 'tempat', 'menginap', 'baik'];Positif
['lokasi', 'strategistafnya', 'ramahlebarecomended'];Positif
['tempat', 'nyaman', 'pandang', 'indah', 'tempat', 'luas'];Positif
['menginap', 'senang', 'pengalaman', 'senang'];Positif
['hotel', 'kawasan', 'malioboro', 'kamar', 'luas', 'tempat', 'tidur', 'besar', 'harga', 'wajar', 'permata', 'sembunyi', 'tempat', 'parkir', 'batas'];Positif
['tempat', 'nyaman', 'bersih', 'layan', 'bagus', 'rekomendasi'];Positif
['lokasi', 'bagus', 'jalan', 'malioboro', 'kamar', 'luas', 'karyawan', 'ramah', 'hotel', 'jalan', 'malioboro', 'hotel', 'baik', 'kawasan', 'malioboro'];Positif
['tempat', 'asri', 'cocok', 'relaksasi', 'malioboro'];Positif
['kamar', 'bersih', 'betah'];Positif
['lokasi', 'mudah', 'temu', 'hotel', 'bersih', 'karyawan', 'ramah'];Positif
['lokasi', 'hotel', 'mudah', 'temu', 'nyaman'];Positif
['cari', 'menginap', 'dekat', 'malioboro', 'rekomendasi', 'banget', 'hotel'];Positif
['aveta', 'hotel', 'malioboro', 'gaya', 'moderen', 'lokasi', 'bagus', 'layan', 'bagus', 'rekomendasi', 'menginap', 'bisnis', 'libur'];Positif
['hotel', 'bersih', 'nyaman', 'layan', 'setuju'];Positif
['lokasi', 'bagus', 'tengah', 'malioboro', 'hotel', 'bagus'];Positif
['suka', 'konsep', 'ruang', 'keluarga', 'cocok', 'keluarga'];Positif
['suka', 'hotel', 'hotel', 'nyaman', 'sarapan', 'lezat', 'bersih'];Positif
['tempat', 'nyaman', 'harga', 'stabil'];Positif
['senang', 'libur', 'keluarga', 'menginap', 'aveta', 'nyaman'];Positif
['layan', 'nyaman', 'puas', 'inspirasi'];Positif
['turut', 'lezat', 'relaksasi', 'tempat', 'layan', 'bagus', 'kamar', 'chers'];Positif
['tempat', 'nyaman', 'kamar', 'luas', 'view', 'langsung', 'jalan', 'malioboro'];Positif
['tempat', 'nyaman', 'banget', 'mudah', 'mana', 'rekomendasi', 'inti'];Positif
['hotel', 'malioboro', 'bersih', 'nyaman', 'hotel', 'tingal', 'jalan', 'kaki', 'dekat', 'pusat', 'belanja', 'malioboro'];Positif
['lokasi', 'mudah', 'temu', 'tempat', 'nyaman', 'aman'];Positif
['sunguh', 'pengalaman', 'menginap', 'hotel'];Positif
['standar', 'parkir', 'sempit', 'jalan'];Negatif
['kamar', 'bagus', 'layan', 'orientasi', 'karyawan'];Positif
['eror', 'server', 'eror', 'salah', 'salah', 'silahkan', 'coba'];Negatif
['kamar', 'bersih', 'tempat', 'tidur', 'bersih', 'layan', 'ramah', 'rekomendasi'];Positif
['kolam', 'renang', 'kotor', 'kecil'];Negatif
['bagus', 'layan', 'ramah', 'makan', 'lezat', 'tempat', 'nyaman', 'bagus'];Positif
['aveta', 'hotel', 'malioboro', 'bagus', 'layan', 'cepat', 'ramah', 'nyaman'];Positif
['layan', 'bagus', 'harga', 'bersih', 'murah', 'makan', 'lezat'];Positif
['lokasi', 'nyaman', 'mudah', 'temu', 'keren', 'bagus'];Positif
['menginap', 'karyawan', 'ramah', 'tempat', 'bersih', 'awat'];Positif
['hotel', 'bagus', 'makan', 'lezat'];Positif
['layan', 'bagus', 'banget', 'tambah', 'tempat', 'tua'];Positif
['bersih', 'lokasi', 'banget', 'malioboro', 'belah', 'meter', 'asik'];Positif
['cocok', 'dekat', 'pusat', 'wisata', 'malioboro', 'nyaman', 'bersih'];Positif
['tempat', 'nyaman', 'harga', 'murah', 'makan', 'lezat'];Positif
['tertingal', 'kolam', 'kotor', 'tempat', 'parkir', 'sukses', 'aveta'];Negatif
['kamar', 'bersih', 'layan', 'ramah', 'puas'];Positif
['pilih', 'sempurna', 'pengalaman', 'pandang', 'malam', 'senang', 'mudah', 'akses', 'juru', 'masak', 'cium'];Positif
['mantap', 'tarik', 'mudah', 'temu', 'libur'];Positif
['temu', 'makan', 'mudah', 'dekat', 'tempat', 'hotel', 'jalan', 'malioboro'];Positif
['aman', 'wifinya', 'jelek', 'banget'];Negatif
['nyaman', 'banget', 'lihat', 'pandang', 'kota'];Positif
['tempat', 'nyaman', 'bersih', 'layan', 'ramah', 'pandang', 'indah'];Positif
['tempat', 'nyaman', 'akses', 'mana', 'dekat', 'harga', 'murah'];Positif
['tempat', 'menginap', 'bagus', 'jalan', 'malioboro', 'kamar', 'nyaman', 'luas'];Positif
['layak', 'banget', 'harga', 'tempat', 'nyaman', 'lezat', 'banget'];Positif
['hotel', 'bagus', 'kota', 'bagus', 'bersih', 'besar', 'nyaman'];Positif
['hotel', 'bagus', 'layan', 'tidak', 'milik', 'tempat', 'parkir', 'mobil'];Negatif
['lokasi', 'mudah', 'temu', 'tingal', 'jalan', 'kaki', 'jalan', 'malioboro', 'kenal', 'banyak', 'stret', 'fod', 'orang', 'jual', 'barang'];Positif
['karyawan', 'rendah', 'hati', 'layan', 'informatif', 'terima', 'kasih'];Positif
['hotel', 'bagus', 'pandang', 'tarik'];Positif
['tidak', 'bingung', 'cari', 'hotel', 'pergi', 'malioboro', 'temu', 'aveta', 'hotel', 'baik'];Positif
['bersih', 'nyaman', 'murah', 'rekomendasi', 'keluarga', 'pasang'];Positif
['pengalaman', 'menginap', 'nyaman'];Positif
['rekomendasi', 'hotel', 'yogyakarta', 'nyaman', 'mewah', 'kualitas'];Positif
['rekomendasi', 'hotel', 'libur', 'jamin', 'puas'];Positif
['letak', 'pusat', 'tempat', 'wisata', 'malioboro', 'karyawan', 'ramah', 'layan', 'bagus'];Positif
['lokasi', 'menang', 'tepat', 'malioboro', 'dekat', 'mana', 'kamar', 'luas', 'hotel'];Positif
['tidak', 'relaksasi', 'senang', 'raya', 'libur', 'terima', 'kasih'];Positif
['rekomendasi', 'nyaman', 'puas', 'layan'];Positif
['hotel', 'sempit', 'kamar', 'mandi', 'bau'];Negatif
['kamar', 'nyaman', 'layan', 'baik'];Positif
['hotel', 'bagus', 'dekat', 'malioboro', 'mana', 'karyawan', 'layan', 'hotel', 'istimewa', 'mantap'];Positif
['kamar', 'besar', 'bersih', 'jalan', 'malioboro'];Positif
['hotel', 'rekomendasi', 'libur', 'yogyakarta'];Positif
['hotel', 'bagus', 'sukses', 'aveta', 'hotel'];Positif
['tempat', 'bagus', 'makan', 'lezat', 'layan', 'lokasi', 'baik', 'menginap', 'nikmat', 'malioboro'];Positif
['hotel', 'bintang', 'mewah', 'baik', 'coba'];Positif
['hotel', 'nyaman', 'rekomendasi'];Positif
['rekomendasi', 'menginap', 'nyaman'];Positif
['tempat', 'nyaman', 'banget', 'kesini', 'libur'];Positif
['tempat', 'nyaman', 'fasilitas', 'bagus', 'layan', 'setuju'];Positif
['tempat', 'baik', 'menginap', 'jalan', 'jalan', 'malioboro'];Positif
['dekat', 'malioboro', 'parkir', 'batas'];Positif
['layan', 'bagus', 'banget', 'menu', 'makan', 'lezat'];Positif
['kamar', 'bagus', 'luas', 'bersih', 'sarapan', 'lezat'];Positif
['senang', 'hotel', 'rekomendasi'];Positif
['tempat', 'bagus', 'lokasi', 'mudah', 'temu', 'layan', 'bagus'];Positif
['kamar', 'bersih', 'luas', 'nyaman', 'karyawan', 'ramah'];Positif
['mudah', 'temu', 'mahal'];Positif
['lokasi', 'mudah', 'temu', 'karyawan', 'hotel', 'ramah'];Positif
['mantap', 'suka', 'banget', 'mantap', 'nyaman', 'lokasi', 'mudah', 'temu'];Positif
['tempat', 'nyaman', 'bagus', 'cocok', 'keluarga'];Positif
['cari', 'hotel', 'aman', 'baik', 'sila', 'kunjung', 'tempat', 'dapat', 'fasilitas', 'lengkap'];Positif
['lokasi', 'mudah', 'temu', 'kamar', 'bersih', 'tempat', 'bagus'];Positif
['rekomendasi', 'banget', 'menginap', 'dekat', 'mana', 'layan', 'bagus'];Positif
['bersih', 'nyaman', 'rekomendasi'];Positif
['hotel', 'bagus', 'karyawan', 'ramah', 'dekat', 'malioboro', 'fasilitas', 'bagus'];Positif
['keren', 'banget', 'hotel', 'yogyakarta', 'wajib', 'coba'];Positif
['nyaman', 'bagus', 'sembunyi'];Positif
['tempat', 'bagus', 'makan', 'lezat', 'kamar', 'bagus', 'layan', 'hebat', 'tempat', 'indah'];Positif
['kamar', 'nyaman', 'layan', 'bagus'];Positif
['lokasi', 'mudah', 'temu', 'mana', 'pergi', 'dekat', 'tingal', 'jalan', 'kaki'];Positif
['lokasi', 'bagus', 'mudah', 'jangkau', 'layan', 'bagus'];Positif
['kamar', 'luas', 'bersih', 'dekat', 'pusat', 'belanja'];Positif
['suasana', 'nyaman', 'karyawan', 'ramah', 'perabot', 'bagus', 'letak', 'dekat', 'malioboro', 'ambarukmo', 'pusat', 'belanja'];Positif
['hotel', 'bersih', 'nyaman'];Positif
['karyawan', 'ramah', 'kamar', 'bersih', 'rekomendasi'];Positif
['mudah', 'temu', 'jalan', 'malioboro', 'layan', 'nyaman', 'bersih', 'ramah', 'jaga', 'protokol', 'sehat', 'ketat'];Positif
['jalan', 'malioboro', 'batas', 'roda', 'sulit', 'bawa', 'kendaran', 'waktu'];Positif
['hotel', 'mudah', 'temu', 'bagus', 'nyaman'];Positif
['hotel', 'sarapan', 'gratis', 'menu', 'banyak'];Positif
['harga', 'cocok', 'dekat', 'pusat', 'belanja', 'malioboro', 'mana', 'dekat', 'layan', 'setuju'];Positif
['jadi', 'destinasi', 'menginap', 'malioboro'];Positif
['nyaman', 'makan', 'lumayan', 'lezat'];Positif
['layan', 'kamar', 'bagus', 'tempat', 'tarik'];Positif
['hotel', 'bersih', 'nyaman', 'lokasi', 'mudah', 'temu'];Positif
['layan', 'ramah', 'harga', 'sesuai', 'fasilitas', 'akses'];Positif
['makan', 'lezat', 'dekat', 'malioboro', 'ramah', 'makan', 'mantap'];Positif
['hotel', 'mudah', 'temu', 'nyaman', 'dekat', 'mana'];Positif
['hotel', 'nyaman', 'menginap', 'surabaya'];Positif
['tempat', 'nyaman', 'layan'];Positif
['suka', 'layan', 'aveta', 'hotel', 'ramah', 'perhati', 'cepat', 'respon'];Positif
['tempat', 'elegan', 'nyaman', 'jangan', 'ragu', 'mampir'];Positif
['lokasi', 'mudah', 'temu', 'tidak', 'bingung', 'mana'];Positif
['layan', 'puas', 'lokasi', 'mudah', 'temu'];Positif
['hotel', 'baik', 'pandang', 'bagus'];Positif
['tempat', 'bagus', 'relaksasi', 'teman', 'keluarga'];Positif
['tempat', 'bagus', 'nyaman', 'cocok', 'relaksasi'];Positif
['masuk', 'parkir', 'susah', 'parkir', 'sempit', 'hotel', 'setuju'];Positif
['kamar', 'nyaman', 'harga', 'murah'];Positif
['hotel', 'bagus', 'sejuk', 'murah', 'bagus', 'libur'];Positif
['tempat', 'parkir', 'luas', 'aman', 'jamin'];Positif
['kamar', 'bersih', 'lokasi', 'mudah', 'temu', 'layan'];Positif
['tempat', 'bagus', 'sembuh', 'dekat', 'malioboro', 'jalan', 'jalan', 'cari'];Positif
['kamar', 'bagus', 'layan', 'bagus', 'lokasi', 'bagus', 'kurang', 'tempat', 'parkir'];Positif
['lokasi', 'mudah', 'temu', 'layan'];Positif
['senang', 'lokasi', 'mudah', 'temu', 'layan', 'puas'];Positif
['lokasi', 'mudah', 'temu', 'sayang', 'parkir', 'sempit', 'sembunyi'];Positif
['tempat', 'bagus', 'tingal', 'yogyakarta', 'pandang', 'bagus'];Positif
['tempat', 'bersih', 'karyawan', 'penuh', 'perhati', 'ramah'];Positif
['karyawan', 'tempat', 'nyaman', 'makan', 'lezat'];Positif
['hotel', 'baik', 'malioboro', 'layan', 'karyawan', 'ramah'];Positif
['tempat', 'pusat', 'kota', 'layan', 'ramah', 'harga', 'murah'];Positif
['lokasi', 'mudah', 'temu', 'layan'];Positif
['kasih', 'bintang', 'satu', 'layan', 'kurang', 'sopan', 'timpang', 'sosial', 'pihak', 'kelas'];Negatif
['layan', 'harga', 'murah', 'karyawan', 'ramah'];Positif
['bagus', 'kamar', 'layan', 'setuju'];Positif
['kamar', 'bersih', 'nuansa', 'model', 'kini', 'jangan', 'sesal'];Positif
['hotel', 'kawasan', 'mudah', 'temu', 'hadap', 'langsung', 'jalan', 'malioboro'];Positif
['malam', 'pasang', 'nikmat', 'kamar', 'fasilitas'];Positif
['nyaman', 'menginap'];Positif
['sarapan', 'mewah', 'hotel', 'nyaman'];Positif
['dekat', 'banget', 'malioboro', 'wangi', 'bersih', 'cocok', 'relaksasi'];Positif
['lokasi', 'mudah', 'temu', 'kamar', 'bagus', 'layan', 'bagus'];Positif
['makan', 'lezat', 'layan', 'puas'];Positif
['bagus', 'layak', 'fasilitas', 'bagus'];Positif
['cocok', 'libur'];Positif
['kamar', 'moderen', 'cepat', 'respon', 'layan', 'puas', 'sarapan', 'lezat', 'lokasi', 'mudah', 'temu'];Positif
['hotel', 'bersih', 'nyaman'];Positif
['harga', 'sesuai', 'kualitas', 'tidak', 'kecewa'];Positif
['tempat', 'nyaman', 'indah', 'aman', 'rekomendasi', 'menginap'];Positif
['usaha', 'ruang', 'parkir', 'nyaman'];Positif
['fasilitas', 'lengkap', 'karyawan', 'ramah', 'lokasi', 'mudah', 'temu'];Positif
['bangun', 'negeri', 'layan', 'ramah'];Positif
['kamar', 'rokok', 'kotor'];Negatif
['tempat', 'menginap', 'nyaman', 'layan'];Positif
['menginap', 'nyaman', 'banget', 'betah', 'banget'];Positif
['mimpi', 'buruk', 'kenyataan', 'tidak', 'sesal'];Negatif
['lokasi', 'mudah', 'temu', 'dekat', 'tempat', 'ramai', 'dekat', 'jalan', 'malioboro'];Positif
['senang', 'jalan', 'jalan', 'langsung', 'malioboro'];Positif
['sprei', 'kotor', 'tidak', 'lemari', 'handuk', 'kurang'];Negatif
['hotel', 'nyaman', 'fasilitas', 'lengkap'];Positif
['layan', 'bagus', 'nyaman', 'ramah', 'rekomendasi'];Positif
['rekomendasi', 'hotel', 'tempat', 'bersih', 'nyaman'];Positif
['layan', 'tamu', 'nyaman'];Positif
['kamar', 'bagus', 'cocok', 'temu', 'teman'];Positif
['dekat', 'pusat', 'belanja', 'tempat', 'senang'];Positif
['hotel', 'nyaman', 'layan', 'baik'];Positif
['sarapan', 'pakai', 'nama', 'makan', 'jamu', 'lezat'];Positif
['lezat', 'banget', 'harga', 'setuju', 'layan', 'setuju'];Positif
['lokasi', 'hotel', 'mudah', 'temu', 'pinggir', 'jalan', 'malioboro'];Positif
['cocok', 'tempat', 'santa', 'keluarga'];Positif
['hotel', 'mudah', 'temu', 'hotel', 'orang', 'jual', 'dimalioboro'];Positif
['hotel', 'bagus', 'layan', 'ramah'];Positif
['layan', 'bagus', 'kamar', 'bagus'];Positif
['cocok', 'traveling', 'pasang'];Positif
['kali', 'tidak', 'ragu', 'layan', 'baik'];Positif
['hotel', 'nyaman', 'cocok', 'libur'];Positif
['makan', 'lezat', 'lezat', 'layan', 'ramah'];Positif
['karyawan', 'ramah', 'bantu', 'orang'];Positif
['nyaman', 'bersih', 'murah'];Positif
['fix', 'kesini', 'bagus', 'banget', 'tempat'];Positif
['hotel', 'bagus', 'layan', 'bagus'];Positif
['hotel', 'nyaman', 'banget'];Positif
['jaring', 'internet', 'kamar', 'tidak', 'andal'];Negatif
['suka', 'tingal'];Positif
['tempat', 'parkir', 'butuh', 'desain', 'bagus', 'kipas', 'angin', 'tidak'];Positif
['lokasi', 'mudah', 'temu', 'pinggir', 'jalan', 'malioboro'];Positif
['lokasi', 'bagus', 'harga', 'murah', 'kamar', 'bagus'];Positif
['hotel', 'malioboro', 'tahap', 'bangun', 'bersih', 'kamar', 'luas', 'kawasan', 'molioboro'];Positif
['cantik', 'nyaman', 'banget', 'suasana', 'lezat', 'jadi', 'pasang'];Positif
['tua', 'bersih', 'undang'];Positif
['hotel', 'nyaman'];Positif
['hotel', 'jalan', 'malioboro', 'senang'];Positif
['pengalaman', 'kecewa', 'hilang', 'uang'];Negatif
['harga', 'murah', 'dekat', 'jalan', 'malioboro', 'hotel', 'bagus', 'bersih', 'nyaman'];Positif
['aman', 'nyaman', 'bersih', 'layan', 'bagus'];Positif
['kamar', 'bersih', 'makan', 'lezat'];Positif
['tempat', 'menginap', 'nyaman', 'senang', 'yogyakarta'];Positif
['layan', 'bagus', 'kamar', 'bersih', 'nyaman'];Positif
['layan', 'ramah', 'baik'];Positif
['baik', 'kamar', 'sarapan', 'sambut', 'tamu'];Positif
['nyaman', 'malioboro', 'lezat', 'banget'];Positif
['lokasi', 'mudah', 'temu', 'akses', 'mana', 'mudah'];Positif
['lokasi', 'mudah', 'temu', 'jalan', 'malioboro', 'lokasi', 'bagus', 'kamar', 'bersih', 'wifinya', 'bagus'];Positif
['hotel', 'nyaman', 'karyawan', 'ramah'];Positif
['tempat', 'nyaman', 'tidak', 'pusat', 'ramai'];Positif
['rekomendasi', 'tempat', 'hotel', 'langsung', 'jalan', 'malioboro'];Positif
['lokasi', 'layan', 'mahal', 'kurang', 'cepat'];Negatif
['bagus', 'banget', 'kamar', 'nyaman'];Positif
['yogyakarta', 'cari', 'hotel', 'lain', 'kurang', 'nyaman'];Negatif
['jalan', 'malioboro', 'suasana', 'bagus', 'nyaman'];Positif
['harga', 'bagus', 'masuk', 'akal', 'mudah', 'pergi', 'mana'];Positif
['lokasi', 'mudah', 'temu', 'kamar', 'bersih', 'nyaman', 'layan'];Positif
['kamar', 'nyaman', 'karyawan', 'ramah'];Positif
['tempat', 'nyaman', 'layan'];Positif
['lokasi', 'mudah', 'temu', 'layan', 'fasilitas', 'setuju'];Positif
['cocok', 'belanja', 'dekat', 'mana'];Positif
['jangan', 'lupa', 'libur', 'tidak', 'sesal'];Positif
['kurang', 'bagus', 'kendaran', 'roda', 'parkir', 'susah'];Negatif
['hotel', 'rekomended', 'banget', 'libur'];Positif
['nyaman', 'mewah', 'ruang'];Positif
['letak', 'pusat', 'kota', 'yogyakarta', 'belah', 'selatan', 'pusat', 'belanja', 'malioboro'];Positif
['tempat', 'menginap', 'bagus', 'rekomendasi', 'menginap'];Positif
['tempat', 'nyaman', 'layan'];Positif
['harga', 'murah', 'pandang', 'keren'];Positif
['pengalaman', 'ruang', 'bagus', 'bersih', 'tawar'];Positif
['toilet', 'moderen', 'tidak', 'pancur', 'toilet'];Negatif
['layan', 'makan', 'lezat', 'rekomendasi'];Positif
['jarang', 'temu', 'konsep', 'ide', 'cemerlang', 'tempat'];Positif
['kamar', 'nyaman', 'pandang', 'indah'];Positif
['rekomendasi', 'libur'];Positif
['nyaman', 'dekat', 'wisata'];Positif
['lumayan', 'jalan', 'malioboro', 'hotel'];Positif
['puas', 'layan', 'karyawan', 'ramah'];Positif
['tempat', 'nyaman', 'istirahat', 'keluarga'];Positif
['hotel', 'bagus', 'dekat', 'jalan', 'nalioboro'];Positif
['hotel', 'nyaman', 'kunjung'];Positif
['sarapan', 'lontong', 'susah', 'banget', 'kecewa'];Negatif
['lokasi', 'mudah', 'temu', 'jalan', 'malioboro', 'kamar', 'bersih', 'luas', 'karyawan', 'ramah', 'manajemen'];Positif
['lokasi', 'belah', 'pusat', 'belanja', 'malioboro', 'bersih', 'nyaman'];Positif
['tempat', 'senang'];Positif
['kamar', 'lokasi', 'layan', 'sempurna', 'layan', 'keramahtamahan', 'sempurna'];Positif
['hotel', 'asri', 'nyaman', 'yogyakarta'];Positif
['hotel', 'bagus', 'layan', 'setuju', 'kota'];Positif
['mantap', 'malioboro', 'tingal', 'jalan', 'kaki'];Positif
['jalan', 'malioboro', 'tingal', 'selang'];Positif
['layan', 'bagus', 'tempat', 'bagus', 'inti', 'nyaman'];Positif
['lokasi', 'bagus', 'bersih', 'nyaman'];Positif
['kamar', 'bersih', 'layan', 'nyaman'];Positif
['lokasi', 'dekat', 'malioboro', 'layan', 'puas'];Positif
['ofice', 'kurang', 'ramah', 'tolong', 'tunjuk'];Negatif
['layan', 'ramah', 'kamar', 'bersih', 'nyaman'];Positif
['hotel', 'bagus', 'karyawan', 'ramah', 'layan', 'hebat'];Positif
['hotel', 'mewah', 'pusat', 'kota', 'yogyakarta', 'tempat', 'indah'];Positif
['sempurna', 'menginap', 'suka', 'yogyakarta', 'malioboro'];Positif
['hotel', 'belah', 'malioboro', 'pusat', 'belanja'];Positif
['lokasi', 'mudah', 'temu', 'layan', 'setuju', 'karyawan', 'ramah'];Positif
['hotel', 'bagus', 'malioboro', 'tingal', 'jalan', 'kaki', 'pusat', 'belanja', 'malioboro', 'tetanga'];Positif
['kamar', 'bagus', 'layan', 'keren'];Positif
['kamar', 'fasilitas', 'bagus'];Positif
['hotel', 'layan', 'buruk'];Negatif
['senang', 'menginap'];Positif
['kelas', 'bintang', 'fasilitas', 'sempurna'];Positif
['lokasi', 'mudah', 'temu', 'layan'];Positif
['kamar', 'bersih', 'nyaman', 'layan'];Positif
['layan', 'bagus', 'makan', 'lezat'];Positif
['terima', 'kasih', 'karyawan'];Positif
['tempat', 'bersih', 'nyaman', 'mudah', 'temu'];Positif
['tempat', 'bagus', 'makan', 'lezat', 'respon', 'karyawan', 'bagus'];Positif
['letak', 'pusat', 'kota', 'dekat', 'malioboro'];Positif
['tempat', 'baik', 'santa', 'malam'];Positif
['hotel', 'kawasan', 'malioboro', 'rekomended'];Positif
['keungulan', 'hotel', 'layan', 'pandang', 'indah'];Positif
['layan', 'bagus', 'kamar', 'bersih', 'nyaman'];Positif
['layan', 'baik', 'ramah', 'garansi'];Positif
['suka', 'tempat', 'tidak', 'bosan'];Positif
['pilih', 'cari', 'hotel', 'murah', 'malioboro'];Positif
['lokasi', 'mudah', 'temu', 'layan'];Positif
['keluarga', 'nikmat', 'tingal', 'bahagia'];Positif
['fasilitas', 'karyawan', 'ramah'];Positif
['mudah', 'temu', 'banget', 'belah', 'pusat', 'belanja', 'pinggir', 'malioboro', 'lezat'];Positif
['layan', 'baik', 'ramah', 'karyawan'];Positif
['bersih', 'nyaman', 'wangi', 'cocok', 'libur'];Positif
['banget', 'istirahat', 'habis', 'jalan', 'jalan'];Positif
['hotel', 'kawasan', 'malioboro', 'malioboro', 'hotel', 'bersih', 'kolam', 'renang', 'roftop', 'wiwi'];Positif
['layan', 'ramah', 'dekat', 'pusat', 'wisata', 'malioboro'];Positif
['lezat', 'malioboro', 'sayang', 'parkir', 'kosong'];Positif
['karyawan', 'ramah', 'lokasi', 'mudah', 'temu', 'suasana', 'setuju'];Positif
['semoga', 'momen', 'bahagia', 'tempat', 'rekomendasi'];Positif
['right', 'jalan', 'malioboro', 'starategis'];Positif
['lokasi', 'hotel', 'dekat', 'butuh', 'jogjakecil', 'bagus'];Positif
['hotel', 'bintang', 'bagus', 'dekat', 'tempat', 'perbelanjan', 'malioboro'];Positif
['sambut', 'tamu', 'lantai', 'kamar', 'tidak', 'sesuai'];Negatif
['nyaman', 'bagus'];Positif
['hotel', 'keren'];Positif
['lokasi', 'mudah', 'temu', 'kamar', 'luas', 'banget', 'padan', 'harga'];Positif
['lokasi', 'hotel', 'setuju', 'jalan', 'malioboro', 'mana', 'pergi'];Positif
['hotel', 'murah', 'daerah', 'yogyakarta'];Positif
['tempat', 'menginap', 'bagus', 'mudah', 'temu', 'libur', 'yogyakarta'];Positif
['menginap', 'jamin', 'kurang', 'nyaman'];Negatif
['layan', 'puas', 'karyawan', 'sopan', 'hati'];Positif
['tempat', 'bagus', 'karyawan', 'ramah', 'kamar', 'bersih'];Positif
['hotel', 'bagus', 'jumpa', 'jalan'];Positif
['tidak', 'waktu', 'tingal', 'keluarga'];Negatif
['hotel', 'kamar', 'nyaman', 'bersih'];Positif
['lokasi', 'mudah', 'temu', 'jalan', 'malioboro', 'tempat', 'nyaman', 'harga', 'murah', 'lanjut', 'kerja', 'baik'];Positif
['baik', 'libur', 'jogyakarta'];Positif
['nyaman', 'dekat', 'jalan', 'malioboro', 'parkir', 'luas'];Positif
['lokasi', 'mudah', 'temu', 'tempat', 'parkir', 'tidak'];Positif
['tempat', 'nyaman', 'dekat', 'pusat', 'perbelanjan'];Positif
['lokasi', 'mudah', 'temu', 'kamar', 'besar', 'layan', 'ramah'];Positif
['terima', 'kasih', 'beri', 'tempat', 'tidur'];Positif
['ruang', 'besar', 'sarapan', 'lezat', 'nasi', 'goreng', 'lezat'];Positif
['mantap', 'selang', 'malioboro'];Positif
['bagus', 'tempat', 'parkir', 'sempit'];Positif
['bagus', 'lokasi', 'tidak', 'pusat', 'ramai'];Positif
['puas', 'terima', 'kasih', 'karyawan', 'karyawan', 'may'];Positif
['nyaman', 'senang', 'terima', 'kasih'];Positif
['indah', 'layan', 'bagus'];Positif
['layan', 'hotel', 'bagus'];Positif
['lokasi', 'murah', 'harga', 'murah'];Positif
['hebat', 'puas', 'layan', 'bagus', 'lanjut', 'kerja', 'baik'];Positif
['setuju', 'tahap', 'bangun', 'kemarin'];Negatif
['bagus', 'rekomendasi', 'menginap'];Positif
['hotel', 'malioboro', 'tingal', 'jalan', 'kaki', 'nikmat', 'malioboro'];Positif
['relaksasi', 'seru', 'banget', 'tagih', 'banget'];Positif
['suka', 'suasana', 'lokasi', 'bagus', 'karyawan', 'bantu', 'layan'];Positif
['kualitas', 'layan', 'tidak', 'ragu'];Positif
['dekat', 'jalan', 'malioboro', 'sarapan', 'setuju'];Positif
['hotel', 'persis', 'kota', 'kawasan', 'wisata', 'malioboro'];Positif
['makan', 'nyaman', 'enak'];Positif
['mantap', 'hotel', 'bagus'];Positif
['lokasi', 'bagus', 'harga', 'wajar', 'layan', 'bagus'];Positif
['bagus', 'lahan', 'parkir', 'kurang'];Positif
['rekomendasi', 'kelompok', 'coba'];Positif
['lokasi', 'bagus', 'karyawan', 'ramah', 'tempat', 'tidur', 'bagus'];Positif
['tempat', 'bagus', 'layan', 'ramah'];Positif
['hotel', 'bagus', 'nyaman'];Positif
['tidak', 'nyaman', 'karyawan', 'tidak', 'ramah'];Negatif
['lokasi', 'mudah', 'temu'];Positif
['layan', 'bagus', 'makan', 'lezat'];Positif
['tempat', 'nyaman', 'malioboro'];Positif
['tempat', 'nyaman', 'layan', 'bagus'];Positif
['tempat', 'nyaman', 'bersih', 'lezat'];Positif
['tempat', 'bagus', 'nyaman'];Positif
['hotel', 'sederhana', 'standar', 'lambat', 'tidak', 'sepadan', 'uang'];Negatif
['nyaman', 'kesana'];Positif
['hotel', 'bagus'];Positif
['hotel', 'rekomendasi'];Positif
['setuju', 'layan', 'bagus'];Positif
['hotel', 'bersih', 'karyawan', 'ramah', 'tidak', 'pusat', 'bugar'];Positif
['kamar', 'estetis', 'suka'];Positif
['lokasi', 'bagus', 'layan', 'baik'];Positif
['kamar', 'bersih', 'check', 'masuk', 'mudah'];Positif
['tempat', 'menginap', 'baik', 'malioboro', 'dekat', 'mana'];Positif
['suka', 'banget', 'menu', 'sarapan'];Positif
['hotel', 'nyaman', 'jalan', 'malioboro', 'suasana', 'lezat'];Positif
['hotel', 'lokasi', 'baik', 'jalan', 'malioboro'];Positif
['toilet', 'pakai', 'tisu', 'susah'];Negatif
['tempat', 'sejuk', 'mudah', 'temu', 'dekat', 'tempat', 'kenal', 'nyaman'];Positif
['hotel', 'bagus', 'layan', 'bagus'];Positif
['luas', 'cocok', 'keluarga'];Positif
['hotel', 'bagus', 'harga', 'baik'];Positif
['hotel', 'nyaman'];Positif
['lezat', 'nyaman', 'biaya', 'aman'];Positif
['tempat', 'nyaman', 'alamat', 'mudah', 'temu'];Positif
['pandang', 'malioboro', 'kacau', 'pikuknya'];Positif
['bagus', 'nyaman'];Positif
['hotel', 'bagus', 'menginap'];Positif
['dekat', 'banget', 'malioboro', 'keren'];Positif
['temu', 'taman', 'kedai', 'kopi'];Positif
['lokasi', 'bagus', 'karyawan'];Positif
['tempat', 'nyaman', 'menginap'];Positif
['hotel', 'bagus', 'nyaman'];Positif
['layan', 'ramah', 'bersih', 'nyaman'];Positif
['layan', 'ramah', 'rekomendasi'];Positif
['layan', 'bagus', 'fasilitas', 'setuju'];Positif
['aveta', 'keren', 'terima', 'kasih'];Positif
['tidak', 'baik', 'sarapan', 'prasmanan', 'enak'];Negatif
['tempat', 'nyaman', 'mudah', 'temu'];Positif
['layan', 'setuju', 'bersih'];Positif
['hotel', 'bagus', 'parkir', 'sempit'];Negatif
['senang', 'cari', 'tempat', 'nyaman'];Positif
['mantap', 'jalan', 'kaki', 'malioboro', 'hotel'];Positif
['yogyakarta', 'menginap'];Positif
['kamar', 'bersih', 'nyaman', 'sejuk'];Positif
['layan', 'ramah', 'bersih'];Positif
['layan', 'sunguh', 'tidak', 'bagus'];Negatif
['terima', 'kasih', 'ramah', 'terus'];Positif
['hotel', 'paksa', 'buka', 'rekontruksi', 'jalan'];Negatif
['layan', 'tempat', 'nyaman'];Positif
['bersih', 'murah', 'sejuk', 'kelas', 'nyaman'];Positif
['karyawan', 'bagus', 'bersih', 'ramah'];Positif
['senang', 'menginap', 'sunguh', 'pengalaman'];Positif
['setuju', 'banget', 'surga'];Positif
['layan', 'bagus', 'bersih', 'jaga'];Positif
['kamar', 'bagus'];Positif
['bagus', 'nyaman', 'rekomendasi'];Positif
['menginap', 'baik', 'yogyakarta'];Positif
['kamar', 'nyaman', 'bersih'];Positif
['lokasi', 'rekomendasi', 'mudah', 'temu', 'kota'];Positif
['hotel', 'unik', 'nyaman'];Positif
['akses', 'parkir', 'sulit', 'periksa', 'salah', 'sistem'];Negatif
['hotel', 'baru', 'jalan', 'malioboro', 'bukan', 'dekat', 'kawasan'];Positif
['tempat', 'nyaman', 'rekomendasi'];Positif
['bersih', 'luas', 'karyawan', 'ramah'];Positif
['pusat', 'kota', 'tempat'];Positif
['layan', 'hotel'];Positif
['kamar', 'bagus', 'nyaman', 'layan', 'bagus'];Positif
['lokasi', 'baik', 'malioboro', 'hotel', 'baik'];Positif
['nyaman', 'ramah', 'layan'];Positif
['libur', 'nyaman', 'relaksasi'];Positif
['tuhan', 'hotel', 'jalan', 'malioboro', 'close', 'malioboro', 'pusat', 'belanja'];Positif
['tempat', 'bagus', 'makan', 'lezat', 'suasana', 'lezat'];Positif
['sambut', 'ramah'];Positif
['hotel', 'mudah', 'temu', 'akses', 'malioboro'];Positif
['nyaman', 'cocok', 'istirahat'];Positif
['lokasi', 'bagus', 'kamar', 'bersih', 'besar'];Positif
['tempat', 'menginap', 'nyaman'];Positif
['hotel', 'nyaman', 'malioboro'];Positif
['nyaman', 'layan'];Positif
['nyaman', 'puas'];Positif
['tempat', 'bersih', 'karyawan', 'ramah'];Positif
['dimana', 'cafenya', 'ketemu', 'hotel', 'aveta', 'sempit', 'sulit', 'cari'];Negatif
['tolong', 'bersih', 'kamar', 'kotor'];Negatif
['kamar', 'bagusrestorankolam', 'renang'];Positif
['tempat', 'rokok', 'santai', 'belah', 'kolam', 'renang'];Positif
['setuju', 'mantap'];Positif
['kerja', 'bagus'];Positif
['tempat', 'menginap', 'tahan'];Positif
['tempat', 'parkir', 'tidak', 'pada', 'tempatnya', 'sempit'];Negatif
['tempat', 'bagus', 'libur', 'kali', 'kesini', 'terima', 'kasih'];Positif
['nyaman', 'mudah', 'temu', 'pusat', 'kota', 'yogyakarta'];Positif
['nyaman', 'bersih', 'layan', 'prima'];Positif
['tempat', 'setuju', 'layan', 'bagus'];Positif
['rekomendasi', 'kolam', 'renang', 'keren'];Positif
['pengalaman', 'jalan', 'bisnis'];Positif
['hotel', 'bersih', 'senang'];Positif
['habis', 'keren'];Positif
['hotel', 'rekomendasi'];Positif
['fasilitas', 'lengkap', 'sesuai', 'harap'];Positif
['lokasi', 'mudah', 'temu', 'pusat', 'kota'];Positif
['layan', 'bagus', 'satpam', 'preman'];Positif
['lokasi', 'mudah', 'temu', 'malioboro'];Positif
['tempat', 'nyaman', 'mudah', 'temu', 'bagus'];Positif
['lumayan', 'istirahat'];Positif
['tempat', 'nyaman', 'bersih'];Positif
['tempat', 'nyaman', 'karyawan', 'ramah'];Positif
['nyaman', 'rekomendasi'];Positif
['tempat', 'bagus', 'disingahi'];Positif
['nyaman', 'bersih'];Positif
['layan', 'tidak', 'ramah'];Negatif
['kamar', 'sarapan', 'setuju'];Positif
['bagus', 'nyaman'];Positif
['hotel', 'nyaman', 'bersih'];Positif
['hotel', 'nyaman', 'harga', 'murah'];Positif
['hotel', 'nyaman', 'jalan', 'malioboro'];Positif
['layan', 'setuju'];Positif
['layan', 'bagus', 'tempat', 'nyaman'];Positif
['lokasi', 'bagus', 'karyawan', 'bantu'];Positif
['harga', 'mahal', 'banding', 'wujud'];Negatif
['lokasi', 'mudah', 'temu', 'dekat', 'mana'];Positif
['dekat', 'malioboro', 'tidak', 'capek', 'jalan', 'kaki'];Positif
['hotel', 'dekat', 'malioboro', 'nyaman'];Positif
['lokasi', 'mudah', 'temu', 'tahap', 'bangun', 'semoga', 'sambut', 'malam'];Positif
['rekomendasi', 'nyaman', 'mewah'];Positif
['sejuk', 'nyaman'];Positif
['kamar', 'nyaman', 'dekat', 'stasiun', 'kereta', 'lempuyang'];Positif
['layan', 'bagus', 'lokasi', 'dekat', 'malioboro', 'mantap'];Positif
['tempat', 'nyaman'];Positif
['tempat', 'murah', 'dekat', 'malioboro'];Positif
['bersih', 'harum'];Positif
['nyaman', 'dekat', 'tempat', 'nongkrong'];Positif
['layan', 'puas'];Positif
['hotel', 'bagus', 'ramah'];Positif
['hotel', 'jalan', 'malioboro', 'yogyakarta', 'bersih', 'nyaman', 'roms'];Positif
['kamar', 'milik', 'ruang', 'bagus'];Positif
['bagus', 'standar', 'merek', 'besar'];Positif
['dekat', 'pusat', 'kota', 'budaya'];Positif
['mudah', 'temu'];Positif
['tempat', 'parkir', 'sulit', 'sempit'];Negatif
['lokasi', 'baik'];Positif
['tempat', 'nyaman', 'bersih'];Positif
['tempat', 'bersih', 'nyaman'];Positif
['layan', 'bagus', 'harga', 'murah'];Positif
['tidak', 'mahal', 'ramah', 'layan'];Positif
['rekomendasi', 'pandang', 'bagus'];Positif
['tempat', 'bagus', 'tingal', 'pusat', 'kota', 'yogyakarta'];Positif
['suka', 'pohon'];Positif
['tempat', 'nyaman', 'dunia', 'sempurna'];Positif
['kamar', 'nyaman', 'senang'];Positif
['bersih', 'nyaman', 'dekat', 'mana'];Positif
['selesai', 'buka', 'kamar', 'mandi', 'kotor'];Negatif
['tempat', 'bersih'];Positif
['tempat', 'bagus', 'bersih'];Positif
['tempat', 'nyaman'];Positif
['kamar', 'bersih'];Positif
['tempat', 'bagus', 'bahagia'];Positif
['keren', 'puas'];Positif
['bersih', 'nyaman', 'karyawan', 'ramah'];Positif
['tarik', 'tidak', 'lupa'];Positif
['sayang', 'karyawan', 'lantai', 'becek', 'air', 'merembes'];Negatif
['tempat', 'bagus', 'nyaman'];Positif
['bagus', 'hotel', 'yogyakarta'];Positif
['tempat', 'bersih', 'rapi'];Positif
['nyaman', 'tenang'];Positif
['senang', 'menginap', 'semingu'];Positif
['layan', 'ramah'];Positif
['mudah', 'temu', 'lokasi', 'belah', 'malioboro', 'pusat', 'belanja'];Positif
['ramah', 'nyaman'];Positif
['temu', 'pelang', 'karyawan', 'ramah', 'tepat', 'belah', 'malioboro', 'pusat', 'belanja'];Positif
['inti', 'rekomendasi'];Positif
['hotel', 'bagus'];Positif
['fasilitas', 'puas'];Positif
['cantik', 'nyaman', 'terima', 'kasih'];Positif
['gelincir', 'malioboro', 'sempit'];Negatif
['nyaman', 'murah'];Positif
['bagus', 'surga'];Positif
['layan', 'bagus', 'terima', 'kasih'];Positif
['karyawan', 'ramah'];Positif
['nyaman', 'malioboro'];Positif
['layan', 'buruk', 'tungu'];Negatif
['tempat', 'sejuk', 'nyaman'];Positif
['lokasi', 'pusat', 'malioboro', 'layan', 'setuju'];Positif
['layan', 'puas'];Positif
['hotel', 'malioboro'];Positif
['hotel', 'selang', 'maju'];Positif
['tempat', 'bagus'];Positif
['hotel', 'bintang', 'serasa', 'bintang'];Positif
['bagus', 'suka', 'banget'];Positif
['lokasi', 'harga', 'setuju'];Positif
['parkir', 'rumit'];Negatif
['tempat', 'nyaman'];Positif
['nyaman', 'menginap'];Positif
['tidak', 'menginap', 'hotel', 'sempit'];Negatif
['tempat', 'nyaman', 'bersih'];Positif
['fasilitas', 'layan', 'hebat'];Positif
['layan', 'prima', 'tenang'];Positif
['bersih', 'nyaman', 'rekomendasi'];Positif
['kamar', 'tenang', 'layan', 'ramah'];Positif
['parkir', 'mobil', 'kurang', 'susah'];Negatif
['kamar', 'bersih', 'layan', 'bagus'];Positif
['pengalaman', 'menginap', 'senang'];Positif
['tempat', 'nyaman', 'bersih'];Positif
['nyaman', 'tingal'];Positif
['kamar', 'bersih', 'luas'];Positif
['tempat', 'bagus'];Positif
['layan', 'bagus'];Positif
['rekomendasi', 'relaksasi'];Positif
['suasana', 'bagus', 'harga', 'baik'];Positif
['nyaman', 'rumah'];Positif
['akses', 'tempat', 'wisata', 'dekat'];Positif
['senang', 'senang'];Positif
['hotel', 'keren'];Positif
['bagus', 'pinggir', 'jalan', 'malioboro'];Positif
['karyawan', 'ramah'];Positif
['hotel', 'keren', 'malioboro'];Positif
['hotel', 'bagus', 'relaksasi', 'libur'];Positif
['layan', 'ramah'];Positif
['bantu', 'bintang', 'satu', 'karyawan', 'kurang', 'sopan'];Negatif
['nyaman', 'santai'];Positif
['tempat', 'nyaman', 'dekat', 'malioboro'];Positif
['jangan', 'ragu', 'tempat'];Positif
['bagus', 'nyaman'];Positif
['hotel', 'bagus', 'layan', 'bagus'];Positif
['tempat', 'baik', 'relaksasi'];Positif
['layan', 'bersih', 'ramah'];Positif
['akses', 'mudah', 'nyaman'];Positif
['setrategis', 'lokasi', 'dekat', 'jalan', 'malioboro'];Positif
['betah', 'rumah'];Positif
['layan', 'bagus', 'tidak', 'tempat', 'parkir', 'bagus'];Positif
['toilet', 'tidak', 'fungsi'];Negatif
['kenang', 'indah', 'kota', 'yogyakarta'];Positif
['pernah', 'datang', 'tamu', 'tidak', 'layani'];Negatif
['parkir', 'sempit'];Negatif
['terima', 'kasih', 'layan'];Positif
['hotel', 'lokasi', 'suasana', 'malioboro'];Positif
['layan', 'setuju'];Positif
['rekomendasi', 'wajib', 'kunjung'];Positif
['waktu', 'murah', 'tempat', 'sempit'];Negatif
['jangan', 'sesal', 'menginap', 'hotel'];Negatif
['karyawan', 'tugas'];Positif
['bersih', 'nyaman'];Positif
['parkir', 'sempit'];Negatif
['rekomendasi', 'tempat', 'bersih'];Positif
['layan', 'bagus'];Positif
['tempat', 'nyaman', 'senang'];Positif
['lokasi', 'mudah', 'temu', 'estetis'];Positif
['hotel', 'cocok', 'libur'];Positif
['hotel', 'nyaman', 'malioboro'];Positif
['bersih', 'nyaman'];Positif
['tempat', 'nyaman', 'bagus'];Positif
['bagus', 'setuju'];Positif
['waktu', 'senang'];Positif
['satpam', 'ramah', 'terima', 'kasih'];Positif
['tempat', 'bagus', 'sembuh'];Positif
['senang', 'milik', 'balkon'];Positif
['bersih', 'kunci', 'hotel'];Positif
['lokasi', 'mudah', 'temu'];Positif
['layan', 'buruk'];Negatif
['tempat', 'menginap', 'bersih', 'murah'];Positif
['tempat', 'nyaman'];Positif
['tempat', 'bagus', 'nyaman'];Positif
['nilai', 'bagus'];Positif
['nyaman', 'nyaman'];Positif
['parkir', 'sulit'];Negatif
['hotel', 'nyaman', 'malioboro'];Positif
['tempat', 'bagus', 'lokasi', 'bagus'];Positif
['tempat', 'indah', 'bagus'];Positif
['tempat', 'mewah', 'bagus'];Positif
['pilih', 'istirahat'];Positif
['suasana', 'layan', 'hebat'];Positif
['bersih', 'nyaman'];Positif
['tempat', 'nyaman', 'sejuk'];Positif
['lokasi', 'baik', 'malioboro'];Positif
['bagus', 'bagus', 'nyaman'];Positif
['layan', 'puas'];Positif
['nyata', 'jalan', 'malioboro'];Positif
['langanan', 'setuju'];Positif
['tidak', 'bagus'];Negatif
['layan', 'bagus'];Positif
['layan', 'setuju'];Positif
['mantap', 'mantap', 'baik'];Positif
['tempat', 'bagus', 'jalan', 'malioboro'];Positif
['fasilitas', 'lengkap'];Positif
['layan', 'kurang', 'puas'];Negatif
['hotel', 'bagus', 'nyaman'];Positif
['produksi', 'hebat', 'relaksasi'];Positif
['akses', 'mobil', 'sulit'];Negatif
['tempat', 'bagus', 'mudah', 'temu'];Positif
['tempat', 'nyaman'];Positif
['habis', 'waktu', 'senang'];Positif
['bagus', 'mantap'];Positif
['hotel', 'mudah', 'temu'];Positif
['tempat', 'bagus'];Positif
['saran', 'menginap', 'cari', 'tempat'];Negatif
['tempat', 'senang'];Positif
['hotel', 'bagus', 'yogyakarta'];Positif
['tempat', 'indah'];Positif
['indah', 'dekat', 'mana'];Positif
['nyaman', 'dekat', 'malioboro'];Positif
['nyaman', 'kawan'];Positif
['hotel', 'mudah', 'temu'];Positif
['tempat', 'bagus', 'suka'];Positif
['tempat', 'bagus', 'suasana', 'hati'];Positif
['tempat', 'nyaman'];Positif
['tempat', 'parkir', 'sempit'];Negatif
['kembali', 'kecewa'];Negatif
['tempat', 'mudah', 'temu'];Positif
['nyaman', 'mudah', 'temu', 'malioboro'];Positif
['tempat', 'keren'];Positif
['kualitas', 'bintang', 'satu', 'kecewa'];Negatif
['momen', 'jelak', 'menginap', 'hotel'];Negatif
['pengalaman', 'bagus'];Positif
['rekomendasi', 'dekat', 'malioboro'];Positif
['dekat', 'malioboro', 'yogyakrta'];Positif
['pengalaman', 'bagus'];Positif
['tidak', 'buruk'];Positif
['bersih', 'dekat'];Positif
['kurang', 'nyaman', 'satu', 'malam'];Negatif
['bersih', 'malioboro'];Positif
['kurang', 'rekomendasi', 'hotel', 'jelek'];Negatif
['tempat', 'bagus', 'layan', 'bagus'];Positif
['lezat', 'belah', 'malioboro'];Positif
['tempat', 'setuju'];Positif
['hotel', 'bagus'];Positif
['parkir', 'nyaman'];Positif
['barang', 'bagus'];Positif
['nyaman', 'bersih'];Positif
['tempat', 'mudah', 'temu'];Positif
['layan', 'prima'];Positif
['tempat', 'bagus', 'libur'];Positif
['karyawan', 'tidak', 'ramah', 'keluarga', 'libur'];Negatif
['bagus', 'moderen'];Positif
['lokasi', 'jalan', 'malioboro'];Positif
['hotel', 'dekat', 'malioboro'];Positif
['tempat', 'rekomendasi'];Positif
['tempat', 'bagus', 'dekat', 'malioboro'];Positif
['kualitas', 'baik'];Positif
['tempat', 'bagus'];Positif
['layan', 'bagus'];Positif
['bagus', 'ramah'];Positif
['kelas', 'keren'];Positif
['banget', 'atas'];Positif
['lokasi', 'dekat', 'malioboro'];Positif
['tempat', 'layak'];Positif
['dekat', 'malioboro'];Positif
['lokasi', 'bagus'];Positif
['tempat', 'mudah', 'temu'];Positif
['malioboro', 'bagus'];Positif
['lokasi', 'hotel', 'mudah', 'temu', 'kawasan', 'malioboro', 'kamar', 'luas', 'nyaman', 'menu', 'sarapan', 'lezat', 'banyak', 'jenis', 'rekomendasi', 'wisatawan', 'nikmat', 'malioboro'];Positif
['anda', 'bintang', 'layak', 'aveta', 'hotel', 'malioboro', 'lokasi', 'mudah', 'temu', 'pusat', 'jalan', 'malioboro', 'layan', 'karyawan', 'ramah', 'sopan', 'bantu', 'lobynya', 'wangi', 'lantai', 'desa', 'tarik', 'kolam', 'renang', 'dewasa', 'anak', 'anak', 'sarapan', 'sedia', 'restoran', 'lantai', 'menu', 'banyak', 'favorit', 'gudeg', 'lezat', 'hotel', 'atmosfir', 'tunjuk', 'anak', 'anak', 'lantai', 'menginap', 'malam', 'lantai', 'kamar', 'superior', 'luas', 'banget', 'salur', 'televisi', 'tarik', 'tekan', 'air', 'setuju', 'kamar', 'mandi', 'setuju', 'jalan', 'sosrowijayan', 'tempat', 'parkir', 'setuju', 'penting', 'mana', 'hotel', 'sedia', 'lift', 'lanta', 'tempat', 'parkir', 'restoran', 'both', 'layan', 'pijat', 'lantai', 'rekomendasi', 'banget', 'menginap', 'cocok', 'wisatawan', 'lajang', 'pasang', 'keluarga', 'anak', 'menginap', 'aveta', 'hotel', 'malioboro', 'nyaman', 'menginap', 'catat', 'belah', 'hotel', 'belah', 'kiri', 'indomaret', 'belah', 'kanan', 'pusat', 'belanja', 'malioboro', 'pusat', 'belanja', 'hilang'];Positif
['kali', 'unjung', 'aveta', 'hotel', 'malioboro', 'karyawan', 'ramah', 'layan', 'kerja', 'bagus'];Positif
['hotel', 'lokasi', 'sempurna', 'malioboro', 'ideal', 'nikmat', 'kacau', 'balau', 'lingkung', 'isolasi', 'sempurna', 'kamar', 'luas', 'kamar', 'mandi', 'setuju', 'kain', 'kamar', 'mandi', 'produk', 'pancur', 'bau', 'aneh', 'sarapan', 'tidak', 'banyak', 'pilih', 'pengalamanya', 'bagus'];Positif
['kilas', 'kamar', 'tidur', 'bagus', 'kecuali', 'kamar', 'mandi', 'banyak', 'sendi', 'jamur', 'salah', 'sisi', 'pelat', 'kaca', 'abai', 'ruang', 'orang', 'mengabaikanya', 'foto', 'mantap', 'positif', 'kanti', 'luas', 'orang', 'orang', 'jaring', 'internet', 'kadang', 'tidak', 'sedia', 'televisi', 'mengangu'];Positif
['tama', 'lokasi', 'bagus', 'letak', 'jalan', 'malioboro', 'pusat', 'perbelanjan', 'belah', 'mudah', 'beli', 'makan', 'hibur', 'banyak', 'jalur', 'bus', 'lewat', 'nyaman', 'makan', 'banyak', 'makan', 'otentik', 'sarapan', 'kolam', 'renang', 'relatif'];Positif
['banyak', 'ruang', 'lokasi', 'bagus', 'karyawan', 'ramah', 'senang', 'senang', 'tingal', 'masalah', 'besar', 'okok', 'rokok', 'boleh', 'atap', 'tempat', 'rokok', 'lantai', 'kolam', 'renang', 'puncak', 'gedung', 'sulit', 'orang', 'dewasa', 'renang', 'lokasi', 'baik', 'menit', 'jalan', 'kaki', 'stasiun', 'kereta', 'burger', 'king', 'dunkin', 'starbucks', 'dekat', 'banyak', 'jalan', 'perbelanjan', 'toko', 'serba', 'circle', 'india', 'mart', 'lantai', 'tidak', 'jual', 'alkohol', 'sulit', 'minum', 'bir', 'restoran', 'hotel', 'tip', 'masuk', 'pusat', 'perbelanjan', 'tempat', 'dunkin', 'donuts', 'supermarket', 'besar', 'lantai', 'jual', 'bir', 'pulau', 'harta', 'karun', 'temu', 'tidak', 'sengaja', 'jalan', 'yogyakarta', 'musim', 'hujan', 'hujan', 'lebat', 'senang', 'senang', 'masalah', 'besar', 'sarapan', 'karyawan', 'ramah', 'kamar', 'bersih', 'tidak', 'banyak', 'tempat', 'sarapan', 'pesan', 'sarapan', 'standar', 'operasional', 'kerja', 'terasi', 'gambar', 'standar', 'operasional', 'kerja', 'terasi', 'sup', 'pasta', 'kedelai', 'santan', 'yogyakarta'];Positif
['kamar', 'besar', 'tempat', 'tidur', 'luas', 'nyaman', 'karyawan', 'sedia', 'sarapan', 'banyak', 'jenis', 'lezat', 'kolam', 'renang', 'puncak', 'gedung', 'tenang', 'lokasi', 'mudah', 'temu', 'dekat', 'stasiun', 'kereta', 'jalan', 'malioboro', 'banyak', 'taksi', 'prambanan', 'borobudur'];Positif
['tempat', 'bagus', 'jajah', 'jalan', 'malioboro', 'kamar', 'superior', 'ukur', 'luas', 'cakup', 'jus', 'makan', 'ringan', 'gratis', 'lemari', 'es', 'air', 'metode', 'ramah', 'lingkung', 'ambil', 'air', 'server', 'pasang', 'lorong', 'lantai', 'kamar', 'mandi', 'shower', 'baik', 'tidak', 'bak', 'mandi', 'handuk', 'mandi', 'tua', 'level', 'keseluruhanya', 'sarapan', 'gaya', 'prasmanan', 'restoran', 'lantai', 'jam', 'pagi', 'nikmat', 'indah', 'sinar', 'matahari', 'pagi', 'kolam', 'renang', 'belah', 'karyawan', 'ramah', 'bantu'];Positif
['malam', 'senang', 'sarapan', 'gaya', 'prasmanan', 'milik', 'makan', 'warung', 'makan', 'khas', 'yogyakarta', 'warung', 'buat', 'telur', 'masak', 'makan', 'warung', 'camil', 'jagung', 'warung', 'wafle', 'tempat', 'manis', 'aneka', 'roti', 'tempat', 'minum', 'kopi', 'susu', 'aneka', 'jus', 'air', 'tempat', 'buah', 'buah', 'kadang', 'kadang', 'kue', 'kamar', 'luas', 'kamar', 'mandi', 'fasilitas', 'sedia', 'pancur', 'sabun', 'sampo', 'sikat', 'gigi', 'sikat', 'gigi', 'bersih', 'bau', 'harum', 'anti', 'handuk', 'membutuhkanya', 'dingin', 'ruang', 'kamar', 'fungsi', 'sempurna', 'atur', 'sesuai', 'mesin', 'jual', 'otomatis', 'air', 'dingin', 'gratis', 'lorong', 'teras', 'kolam', 'bersih', 'santa', 'segar', 'hujung', 'permintan', 'makan', 'malam', 'romantis', 'pengalaman', 'bagus', 'makan', 'malam', 'enak', 'dekorasi', 'indah', 'karang', 'bunga', 'spektakuler', 'pijat', 'mitra', 'putus', 'pijat', 'gaya', 'jawa', 'memberikanya', 'ruang', 'profesional', 'melakukanya', 'pekerjan', 'santai', 'singkat', 'yogyakarta', 'menginap', 'hotel'];Positif
['hotel', 'bersih', 'nyaman', 'pusat', 'sarapan', 'banyak', 'banyak', 'jenis', 'pagi', 'restoran', 'lantai', 'dasar', 'saji', 'makan', 'enak', 'kamar', 'indah', 'luas', 'tempat', 'tidur', 'nyaman', 'hadap', 'hotel', 'hadap', 'malioboro', 'sepi', 'tempat', 'parkir', 'lantai', 'dasar', 'mana', 'supir', 'pribadi', 'taksi', 'masuk', 'jemput', 'satu', 'perhati', 'jam', 'sore', 'malioboro', 'tutup', 'lintas', 'tidak', 'sibuk', 'turun', 'jalan', 'mataram', 'jalan', 'kaki', 'sebentar', 'hotel', 'karyawan', 'langkah', 'keren', 'banget'];Positif
['hotel', 'tawar', 'harap', 'hotel', 'lokal', 'bintang', 'lokasi', 'praktis', 'milik', 'ujung', 'jari', 'kamar', 'tenang', 'tenang', 'kamar', 'lantai', 'pintu', 'masuk', 'karyawan', 'negara', 'ramah', 'catat', 'pikir', 'hotel', 'kenal', 'duduk', 'mengunakanya', 'acara', 'karyawan'];Positif
['lokasi', 'hotel', 'mudah', 'temu', 'kawasan', 'komersial', 'ramai', 'banyak', 'toko', 'pakai', 'pakai', 'jual', 'kain', 'khas', 'indonesia', 'banyak', 'restoran', 'bank', 'tukar', 'mata', 'uang', 'lantai', 'dasar', 'hotel', 'ngin', 'kamar', 'lantai', 'menginap', 'lantai', 'restoran', 'makan', 'gaya', 'prasmanan', 'sehinga', 'makan', 'hotel', 'layan', 'tamu', 'internasional', 'hotel', 'milik', 'lift', 'tempat', 'parkir'];Positif
['hotel', 'bersih', 'lokasi', 'sesuai', 'hotel', 'bintang', 'italia', 'bagus', 'malioboro', 'sibuk', 'ramai', 'jendela', 'fungsi', 'halang', 'bising', 'tirai', 'tebal', 'tidak', 'rasa', 'cahaya', 'kacau', 'jalan', 'sarapan', 'swalayan', 'pilih', 'barat', 'kue', 'roti', 'pangang', 'mentega', 'selai', 'real', 'susu', 'saji', 'bir', 'lantai', 'kolam', 'tidak', 'mudah', 'temu', 'restoran', 'besar', 'muslim', 'dasar', 'hotel', 'bagus', 'basis', 'unjung', 'yogyakarta'];Positif
['jalan', 'malioboro', 'belanja', 'nyaman', 'harga', 'murah', 'bagi', 'minum', 'makan', 'ringan', 'perhati', 'orang', 'orang', 'milik', 'anak', 'perhati', 'tempat', 'parkir', 'pintu', 'masuk', 'masuk', 'lorong', 'mpit', 'sehinga', 'susah', 'masuk', 'sore', 'tutup', 'mobil', 'tidak', 'masuk', 'lelah', 'pergi', 'tempat', 'jalan', 'kaki', 'sebentar', 'hotel'];Positif
['letak', 'pusat', 'kota', 'yogyakarta', 'situs', 'waris', 'dunia', 'santa', 'lepas', 'penat', 'jalan', 'kamar', 'bersih', 'nyaman', 'check', 'pagi', 'kamar', 'besar', 'gantung', 'guna', 'pintu', 'akses', 'kamar', 'belah', 'khawatir', 'aman', 'bintang', 'dinding', 'ruang', 'tipis', 'banyak', 'bising', 'dengar'];Negatif
['tingal', 'kamar', 'bersih', 'puas', 'sayang', 'kulkas', 'tidak', 'dingin', 'tempat', 'simpan', 'makan', 'bukan', 'kulkas', 'sedia', 'handuk', 'mandi', 'tidak', 'handuk', 'tangan', 'minta', 'rumah', 'tanga', 'membawakanya', 'tidak', 'handuk', 'tangan', 'layan', 'jus', 'jeruk', 'makan', 'ringan', 'sedia', 'gratis', 'air', 'minum', 'botol', 'lokasi', 'bagus', 'hadap', 'jalan', 'malioboro', 'toko', 'serba', 'dekat', 'perbelanjan', 'restoran', 'kedai', 'makan', 'jarak', 'jalan', 'kaki', 'sehinga', 'nyaman'];Negatif
['menginap', 'malam', 'letak', 'mudah', 'jangkau', 'sarapan', 'banyak', 'jenis', 'sarapan', 'ala', 'barat', 'asia', 'kamar', 'luas', 'bagus', 'tempat', 'kolam', 'renang', 'bagus'];Positif
['hotel', 'bersih', 'layak', 'pusat', 'kota', 'dekat', 'kereta', 'api', 'kawasan', 'pejal', 'kaki', 'kamar', 'bagus', 'bersih', 'karyawan', 'ramah', 'bantu', 'pijat', 'wanita', 'pintar', 'sarapan', 'lezat', 'banyak', 'pilih'];Positif
['hotel', 'letak', 'pusat', 'malioboro', 'milik', 'lebih', 'kurang', 'lebih', 'lokasi', 'bagus', 'keliling', 'toko', 'restoran', 'kurang', 'hotel', 'terus', 'digangu', 'supir', 'taksi', 'orang', 'antar', 'batik', 'lintas', 'buruk', 'blokir', 'jalan', 'jam', 'jam', 'sehinga', 'taksi', 'tidak', 'hotel', 'butuh', 'waktu', 'macet', 'cari', 'warung', 'jalan', 'kaki', 'lumayan', 'hotel', 'karyawan', 'penuh', 'perhati', 'kamar', 'luas', 'moderen', 'sedia', 'handuk', 'ering', 'rambut', 'tempat', 'kopi', 'teh', 'disi', 'ulang', 'botol', 'sabun', 'mandi', 'cair', 'tidak', 'taruh', 'gulung', 'tisu', 'toilet', 'bukan', 'tempat', 'tenang', 'banyak', 'keluarga', 'anak', 'anak', 'menginap', 'kamar', 'tidak', 'isolasi', 'sarapan', 'lezat', 'hotel', 'fokus', 'pariwisata', 'internal', 'fakta', 'karyawan', 'bicara', 'bahasa', 'ingris', 'tidak', 'milik', 'masalah', 'paham'];Negatif
['ruang', 'triple', 'bersih', 'luas', 'tenang', 'lengkap', 'layan', 'sempurna', 'tidak', 'buru', 'buru', 'efisien', 'lokasi', 'mudah', 'temu', 'tidak', 'lemah', 'sarapan', 'ringan', 'tidak', 'kualitas'];Positif
['hotel', 'pusat', 'jalan', 'utama', 'yogyakarta', 'lebih', 'kamar', 'jaga', 'besi', 'longar', 'sarapan', 'lezat', 'ramah', 'kurang', 'kamar', 'hadap', 'lorong', 'mpit', 'gelap', 'simpul', 'pilih', 'bagus', 'kenal', 'yogyakarta'];Positif
['hotel', 'bagus', 'rekomendasi', 'wisatawan', 'kota', 'malioboro', 'karyawan', 'meja', 'sambut', 'tamu', 'muhamad', 'ramah', 'sambut'];Positif
['tingal', 'hotel', 'bahagia', 'kali', 'karyawan', 'hormat', 'sopan', 'terima', 'kasih', 'hotel', 'bersih', 'bersih', 'kolam', 'teras', 'lokasi', 'hotel', 'meter', 'pasar', 'jarak', 'meter', 'keluarga', 'nikmat', 'libur', 'bahagia', 'tidur', 'nyaman', 'awal', 'sarapan', 'prasmanan', 'puas', 'pagi', 'terima', 'kasih'];Positif
['hotel', 'bagus', 'layan', 'tara', 'standar', 'eropa', 'lokasi', 'pusat', 'kota', 'keliling', 'duduk', 'tidak', 'keluh', 'hotel', 'kawasan', 'backpackernya', 'lumayan'];Positif
['lokasi', 'bagus', 'kerja', 'biaya', 'tingi'];Positif
['hotel', 'letak', 'mudah', 'temu', 'malioboro', 'kamar', 'luas', 'bersih', 'tempat', 'tidur', 'nyaman', 'sarapan', 'prasmanan', 'banyak', 'jenis', 'karyawan'];Positif
['lokasi', 'sempurna', 'belah', 'malioboro', 'pusat', 'belanja', 'jalan', 'malioboro', 'konstruksi', 'lantai', 'ruang', 'debu', 'interior', 'gaya', 'ruang', 'frezer', 'tidak', 'frezer', 'tidak', 'kering', 'rambut', 'kamar', 'lokasi', 'bagus', 'kasih', 'bintang', 'rekomendasi', 'utama', 'lokasi'];Positif
['tidak', 'tidak', 'lewat', 'kamar', 'luas', 'bersih', 'karyawan', 'bantu', 'lokasi', 'penting', 'nilai', 'positif'];Positif
['hotel', 'bagus', 'orang', 'orang', 'kolam', 'renang', 'bagus', 'nikmat', 'hotel'];Positif
['mantap', 'relaksasi', 'tempat', 'nyaman', 'sejuk'];Positif
['lokasi', 'atas', 'harga', 'bagus', 'kamar', 'setuju', 'layan', 'bagus'];Positif
['kamar', 'besar', 'tempat', 'bagus', 'orang', 'sarapan', 'lezat', 'tempat', 'tidur', 'nyaman', 'kolam', 'renang', 'besar'];Positif
['menginap', 'malam', 'bagus'];Positif
['masya', 'alah', 'ajak', 'anak', 'anak', 'libur', 'bahagia'];Positif
['bantu', 'sambut', 'tamu', 'ramah'];Positif
['tempat', 'sempurna', 'unjung', 'yogyakarta', 'pusat', 'lengkap'];Positif
['nikmat', 'tingal', 'suka'];Positif
['sarapan', 'lezat', 'lokasi', 'hotel', 'bagus'];Positif
['rekomendasi', 'terima', 'kasih', 'karyawan'];Positif
['kamar', 'aroma', 'rumah', 'kuat'];Positif
['parkir', 'susah', 'masuk'];Positif
['semoga', 'allah', 'keluarga', 'ilaha', 'ilaloh', 'terus', 'doa', 'gan'];Positif
['mantap', 'bagus'];Positif
['kerja', 'bagus', 'nyaman'];Positif
['bagus', 'nyaman'];Positif
['karyawan', 'ramah', 'ramah'];Positif
['bagus', 'tarik'];Positif
['semoga', 'untung', 'menginap', 'hotel', 'jelek'];Negatif
